id,name,company,type,address,city,postal,state,lat,lon,profile_url
968,600 West 7th Street (LAX10),Digital Realty,Colocation,600 West 7th Street,Los Angeles,90017,California,34.047322,-118.2574494,https://www.datacentermap.com/usa/california/los-angeles/600-west-7th-street/
768,2260 E El Segundo Blvd (LAX12),Digital Realty,Colocation,2260 East El Segundo Boulevard,El Segundo,90245,California,33.9156347,-118.3846072,https://www.datacentermap.com/usa/california/los-angeles/2260-e-el-segundo/
8859,Centersquare - Los Angeles LAX5-A,Centersquare,Colocation,2681 Kelvin Ave,Irvine,92614,California,33.6846747,-117.8368209,https://www.datacentermap.com/usa/california/los-angeles/evoque-lax2/
6386,Hivelocity - Los Angeles 2,Hivelocity,Colocation,600 W. 7th St,Los Angeles,90017,California,34.047322,-118.2574494,https://www.datacentermap.com/usa/california/los-angeles/la2/
5420,Hivelocity - Los Angeles 1,Hivelocity,Colocation,624 S Grand Ave,Los Angeles,90017,California,34.047966,-118.25557,https://www.datacentermap.com/usa/california/los-angeles/rackalley-la1/
2046,Colocation America LADC3,Colocation America,Colocation,600 W. 7th St,Los Angeles,90017,California,34.047308,-118.257093,https://www.datacentermap.com/usa/california/los-angeles/colocation-america-600w-7th/
929,West 7 Center,Rising Realty Partners,Building,1200 West 7th Street,Los Angeles,90017,California,34.051484,-118.265757,https://www.datacentermap.com/usa/california/los-angeles/the-garland-building/
1048,Equinix LA2,Equinix,Colocation,818 W 7th Street,Los Angeles,90017,California,34.0488973,-118.2595846,https://www.datacentermap.com/usa/california/los-angeles/equinix-los-angeles2/
9598,Prime Los Angeles,Prime Data Centers,Colocation,4701 S Santa Fe Ave,Vernon,90058,California,34.0011773,-118.2309309,https://www.datacentermap.com/usa/california/los-angeles/prime-los-angeles/
3948,One Wilshire,GI Property Management,Building,624 South Grand Avenue,Los Angeles,90017,California,34.047966,-118.25557,https://www.datacentermap.com/usa/california/los-angeles/one-wilshire-building/
2060,Colocation America LADC4,Colocation America,Colocation,530 W. 6th St,Los Angeles,90017,California,34.048282,-118.254504,https://www.datacentermap.com/usa/california/los-angeles/colocation-america-telecom-center/
1674,Cogent Data Center - Los Angeles,"Cogent Communications, Inc.",Colocation,530 W 6th St,Los Angeles,90017,California,34.048282,-118.254504,https://www.datacentermap.com/usa/california/los-angeles/cogent-los-angeles/
713,Converge Technology Solutions Data Center,Converge Technology Solutions,Colocation,30077 Agoura Ct,Agoura Hills,91301,California,34.145228,-118.776969,https://www.datacentermap.com/usa/california/los-angeles/is-west-agoura-ct/
3730,Cogent Data Center - Pasadena,"Cogent Communications, Inc.",Colocation,2947  Bradley Street,Pasadena,91107,California,34.167484,-118.088075,https://www.datacentermap.com/usa/california/los-angeles/cogent-pasadena/
2090,Colocation America LADC5,Colocation America,Colocation,650 S. Grand Ave,Los Angeles,90017,California,34.048721,-118.255266,https://www.datacentermap.com/usa/california/los-angeles/colocation-america-quinby/
2045,Colocation America LADC2,Colocation America,Colocation,707 Wilshire Blvd,Los Angeles,90017,California,34.049227,-118.256979,https://www.datacentermap.com/usa/california/los-angeles/colocation-america-aon-center/
1619,Alchemy Downtown Data Center,"Dynascale, Inc.",Colocation,1200 West 7th Street,Los Angeles,90017,California,34.051077,-118.2658418,https://www.datacentermap.com/usa/california/los-angeles/downtown-data-center/
9169,DataBank LAX1 - Los Angeles One Wilshire,DataBank,Colocation,624 South Grand Avenue,Los Angeles,90017,California,34.0479,-118.25552,https://www.datacentermap.com/usa/california/los-angeles/databank-lax1/
9052,Equinix LA7,Equinix,Colocation,1501 Francisco Street,Torrance,90501,California,33.85071,-118.30411,https://www.datacentermap.com/usa/california/los-angeles/equinix-la7/
9051,Equinix LA3,Equinix,Colocation,1920 E Maple Ave,El Segundo,90245,California,33.92608,-118.39412,https://www.datacentermap.com/usa/california/los-angeles/equinix-la3/
3582,Serverfarm LAX1,Serverfarm,Colocation,444 North Nash Street,El Segundo,90245,California,33.921778,-118.38632,https://www.datacentermap.com/usa/california/los-angeles/t5-el-segundo/
3762,Evocative LAX14,Evocative Data Centers,Colocation,3690 Redondo Beach Avenue,Redondo Beach,90278,California,33.889081,-118.368877,https://www.datacentermap.com/usa/california/los-angeles/internap-los-angeles/
11611,UnitedLayer Los Angeles,"UnitedLayer, Inc.",Colocation,624 S Grand Ave,Los Angeles,90017,California,34.0479477,-118.2553576,https://www.datacentermap.com/usa/california/los-angeles/unitedlayer-los-angeles/
1027,CoreSite One Wilshire (LA1),CoreSite,Colocation,624 South Grand Avenue,Los Angeles,90017,California,34.049464,-118.254579,https://www.datacentermap.com/usa/california/los-angeles/one-wilshire/
1035,CoreSite Los Angeles (LA2),CoreSite,Colocation,900 North Alameda,Los Angeles,90017,California,34.058656,-118.236954,https://www.datacentermap.com/usa/california/los-angeles/wilshire-annex/
1507,Equinix LA1,Equinix,Colocation,600 West 7th Street,Los Angeles,90017,California,34.051484,-118.265757,https://www.datacentermap.com/usa/california/los-angeles/switch-data-los-angeles/
4926,Xfernet Data Center,Xfernet,Colocation,3250 Wilshire Blvd,Koreatown,90010,California,34.0613935,-118.2931958,https://www.datacentermap.com/usa/california/los-angeles/xfernet-data-center/
5050,Psychz Los Angeles,Psychz Networks,Colocation,700 Wilshire Blvd,Los Angeles,90017,California,34.04867,-118.257536,https://www.datacentermap.com/usa/california/los-angeles/psla-data-center/
7091,Evocative LAX2,Evocative Data Centers,Colocation,600 W 7th Street,Los Angeles,90017,California,34.04725468212268,-118.257372379303,https://www.datacentermap.com/usa/california/los-angeles/la2-los-angles-evocative-dc/
7610,ColoCrossing LA1,ColoCrossing,Colocation,1200 W 7th Street,Los Angeles,90017,California,34.0511103,-118.2659241,https://www.datacentermap.com/usa/california/los-angeles/colocrossing-la1/
7794,Cogent Data Center - La Mirada,"Cogent Communications, Inc.",Colocation,16680 Valley View Avenue,La Mirada,90638,California,33.87975939558614,-118.0267133828582,https://www.datacentermap.com/usa/california/los-angeles/cogent-la-mirada/
1560,TELEHOUSE Los Angeles Center,Telehouse America,Colocation,626 Wilshire Boulevard,Los Angeles,90017,California,34.048138,-118.256277,https://www.datacentermap.com/usa/california/los-angeles/telehouse-los-angeles/
1602,Crown Castle Los Angeles LA1,CROWN CASTLE,Colocation,624 S Grand Ave,Los Angeles,90017,California,34.051484,-118.265757,https://www.datacentermap.com/usa/california/los-angeles/ix2-networks/
2553,QuadraNet Los Angeles,QuadraNet.com,Colocation,530 W. 6th St.,Los Angeles,90014,California,34.048282,-118.254504,https://www.datacentermap.com/usa/california/los-angeles/quadranet-los-angeles/
3661,Centersquare - Los Angeles LAX2,Centersquare,Colocation,3015 Winona Avenue,Burbank,91504,California,34.19985587540762,-118.3438038825989,https://www.datacentermap.com/usa/california/los-angeles/cyxtera-lax2a/
3298,One Data Center Ontario,One Data Center America,Colocation,350 S Milliken Ave,Ontario,91761,California,34.060043,-117.559722,https://www.datacentermap.com/usa/california/los-angeles/ontario-datacenter/
2774,Subrigo - 650 South Grand,Subrigo,Colocation,650 South Grand Avenue,Los Angeles,90017,California,34.048721,-118.255266,https://www.datacentermap.com/usa/california/los-angeles/downtown-colo-corporation/
10363,Cogent Data Center - Burbank,"Cogent Communications, Inc.",Colocation,100 S Flower St,Burbank,91502,California,34.1774244,-118.3114458,https://www.datacentermap.com/usa/california/los-angeles/cogent-data-center-burbank/
1675,Crown Castle Los Angeles LA2,CROWN CASTLE,Colocation,609 W 7th St,Los Angeles,90017,California,34.048282,-118.254504,https://www.datacentermap.com/usa/california/los-angeles/ix2-networks-530-w-6th/
2047,Aon Center,Shorenstein,Building,707 Wilshire Boulevard,Los Angeles,90017,California,34.049227,-118.256979,https://www.datacentermap.com/usa/california/los-angeles/aon-center-la/
13895,Goodman LAX01,Goodman,Colocation,3094 E Vernon Ave,Vernon,90058,California,34.0052025,-118.2180949,https://www.datacentermap.com/usa/california/los-angeles/goodman-lax01/
9985,Colocation America LADC1,Colocation America,Colocation,624 South Grand Avenue,Los Angeles,90017,California,34.0479477,-118.2553576,https://www.datacentermap.com/usa/california/los-angeles/colocation-america-ladc1/
7944,CoreSite Los Angeles (LA3),CoreSite,Colocation,260 Bauchet St.,Los Angeles,90012,California,34.0593156,-118.2354621,https://www.datacentermap.com/usa/california/los-angeles/coresite-los-angeles-la3/
4456,365 Data Centers - Los Angeles 1,365 Data Centers,Colocation,600 W 7th St.,Los Angeles,90017,California,34.047336,-118.257447,https://www.datacentermap.com/usa/california/los-angeles/inforelay-lax1/
742,Vernon Data Center,"Downtown Properties Holdings, LLC",Colocation,5001 S. Soto Street,Vernon,90058,California,33.9985878,-118.2217903,https://www.datacentermap.com/usa/california/los-angeles/vernon-data-center/
12395,Fireline Broadband Data Center,Fireline Broadband,Colocation,5900 Wilshire Blvd,Los Angeles,90036,California,34.0623463,-118.3586597,https://www.datacentermap.com/usa/california/los-angeles/fireline-broadband-data-center/
795,Alchemy LAX Data Center,"Dynascale, Inc.",Colocation,6171 West Century Blvd,Los Angeles,90045,California,33.945606,-118.393274,https://www.datacentermap.com/usa/california/los-angeles/lax-datacenter/
1829,Edge Centres EC101 Los Angeles,Edge Centres,Colocation,707 Wilshire Blvd.,Los Angeles,90017,California,34.0524433,-118.2535977,https://www.datacentermap.com/usa/california/los-angeles/multacom/
5032,Crown Castle Los Angeles LA3,CROWN CASTLE,Colocation,530 W 6th St,Los Angeles,90017,California,34.0484512,-118.2545799,https://www.datacentermap.com/usa/california/los-angeles/wilcon/
3136,DataBank - 707 Wilshire Blvd,DataBank,Colocation,707 Wilshire Blvd,Los Angeles,90017,California,34.049261,-118.257024,https://www.datacentermap.com/usa/california/los-angeles/zcolo-707-wilshireblvd/
5095,One Data Center America,One Data Center America,Colocation,3833 Ebony St,Ontario,91761,California,34.0668909,-117.5682629,https://www.datacentermap.com/usa/california/los-angeles/datacenter-america/
1128,Aptum Los Angeles,Aptum,Colocation,360 E 2nd Street,Los Angeles,90017,California,34.047304,-118.256599,https://www.datacentermap.com/usa/california/los-angeles/peer-1-los-angeles/
10218,Windstream Los Angeles,Windstream,Colocation,530 West 6th St,Los Angeles,90014,California,34.0483363,-118.2550835,https://www.datacentermap.com/usa/california/los-angeles/windstream-los-angeles/
743,818 West 7th Street,"Downtown Properties Holdings, LLC",Building,818 West 7th Street,Los Angeles,90017,California,34.049028,-118.259272,https://www.datacentermap.com/usa/california/los-angeles/818-west-7th-street/
4463,365 Data Centers - Los Angeles 3,365 Data Centers,Colocation,900 N. Alameda St,Los Angeles,90012,California,34.0580987,-118.2366037,https://www.datacentermap.com/usa/california/los-angeles/inforelay-lax3/
14230,1977 Saturn Data Center,HMC Capital,Colocation,1977 Saturn St,Monterey Park,91755,California,34.04039077076558,-118.1135984773865,https://www.datacentermap.com/usa/california/los-angeles/1977-saturn-data-center/
14375,Spectrum Networks El Segundo,Spectrum,Enterprise,2345 Alaska Ave,El Segundo,90245,California,33.90809317253934,-118.3816234350042,https://www.datacentermap.com/usa/california/los-angeles/spectrum-networks-el-segundo/
4462,365 Data Centers - Los Angeles 2,365 Data Centers,Colocation,624 South Grand Ave,Los Angeles,90017,California,34.047966,-118.25557,https://www.datacentermap.com/usa/california/los-angeles/inforelay-lax2/
1478,Lumen Los Angeles,Lumen,Colocation,818 W. 7th Street,Los Angeles,90017,California,34.049028,-118.259272,https://www.datacentermap.com/usa/california/los-angeles/level-3-los-angeles/
930,Quinby Building,Quinby Building,Building,650 South Grand Avenue,Los Angeles,90017,California,34.0473943,-118.2562446,https://www.datacentermap.com/usa/california/los-angeles/quinby-building/
7579,Long Beach Data Center,Long Beach Data Center,Colocation,3910 E 7th St,Long Beach,90804,California,33.77503987781369,-118.1464901086273,https://www.datacentermap.com/usa/california/los-angeles/long-beach-data-center/
7415,Hostrunway Los Angeles,Hostrunway,Colocation,900 N Alameda St #200,Los Angeles,90012,California,34.0581509,-118.2354169,https://www.datacentermap.com/usa/california/los-angeles/hostrunway-naud/
7807,611 Wilshire,Xyvest Holdings,Colocation,611 Wilshire Blvd,Los Angeles,90017,California,34.0482016993191,-118.256031850669,https://www.datacentermap.com/usa/california/los-angeles/611-wilshire/
6925,IHNetworks Datacenter (SFV1),"IHNetworks, LLC",Colocation,20339 Nordhoff Street,Chatsworth,91311,California,34.2325166,-118.5771849,https://www.datacentermap.com/usa/california/los-angeles/ihnetworks-datacenter/
939,Telecom Center LA,BGC Group,Building,530 West 6th Street,Los Angeles,90017,California,34.048282,-118.254504,https://www.datacentermap.com/usa/california/los-angeles/telecom-center-la/
5863,NocRoom Los Angeles Colocation,NocRoom Miami Colocation VPS,Colocation,530 W 6th Street Penthouse,Los Angeles,90014,California,34.0483496,-118.2551371,https://www.datacentermap.com/usa/california/los-angeles/nocroom-los-angeles-colocation/
6380,China Telecom One Wilshire,China Telecom Americas,Colocation,624 S Grand Ave,Los Angeles,90017,California,34.0479077,-118.2555364,https://www.datacentermap.com/usa/california/los-angeles/one-wilshire3/
1612,WebNX Los Angeles,WebNX Internet Services,Colocation,530 W 6th St,Los Angeles,90017,California,34.0481869,-118.2548902,https://www.datacentermap.com/usa/california/los-angeles/webnx-lax/
4563,Subrigo - 624 South Grand,Subrigo,Colocation,624 South Grand Avenue,Los Angeles,90017,California,34.047966,-118.25557,https://www.datacentermap.com/usa/california/los-angeles/downtown-colo-624/
5365,Lumen Los Angeles 4,Lumen,Colocation,600 Wilshire Blvd,Los Angeles,90017,California,34.0479891,-118.2565708,https://www.datacentermap.com/usa/california/los-angeles/level3-los-angeles4/
11744,China Mobile San Jose,China Mobile International,Colocation,6320-6340 San Ignacio Ave,San Jose,95119,California,37.2364522,-121.7815908,https://www.datacentermap.com/usa/california/san-jose/china-mobile-san-jose/
1001,2334 Lundy Place,Overton Moore Properties,Colocation,2334 Lundy Place,San Jose,95131,California,37.405884,-121.888912,https://www.datacentermap.com/usa/california/san-jose/2334-lundy-place/
990,150 South First St,Hines,Colocation,150 South First Street,San Jose,95113,California,37.333607,-121.888609,https://www.datacentermap.com/usa/california/san-jose/150-south-first-street/
9061,Equinix SV10,Equinix,Colocation,7 Great Oaks Boulevard,San Jose,95119,California,37.24094,-121.78463,https://www.datacentermap.com/usa/california/san-jose/equinix-sv10/
9952,Prime San Jose,Prime Data Centers,Colocation,6580 Via del Oro,San Jose,95119,California,37.2353347,-121.7823438,https://www.datacentermap.com/usa/california/san-jose/prime-san-jose/
1042,Equinix SV3,Equinix,Colocation,1735 Lundy Ave,San Jose,95131,California,37.38823470000001,-121.8884572,https://www.datacentermap.com/usa/california/san-jose/equinix-san-jose2/
1049,Equinix SV1,Equinix,Colocation,11 Great Oaks Boulevard,San Jose,95119,California,37.2415378,-121.783474,https://www.datacentermap.com/usa/california/san-jose/equinix-san-jose1/
9062,Equinix SV11,Equinix,Colocation,5 Great Oaks Boulevard,San Jose,95119,California,37.24305,-121.7841,https://www.datacentermap.com/usa/california/san-jose/equinix-sv11/
5060,Element Critical Silicon Valley,Element Critical,Colocation,1360 Kifer Rd,Sunnyvale,94086,California,37.3729016,-121.9878086,https://www.datacentermap.com/usa/california/san-jose/centralcolo/
9060,Equinix SV5,Equinix,Colocation,9 Great Oaks Boulevard,San Jose,95119,California,37.24215,-121.781855,https://www.datacentermap.com/usa/california/san-jose/equinix-sv5/
10297,Equinix SV12x,Equinix,Colocation,Great Oaks Blvd,San Jose,95119,California,37.24108575555468,-121.7820645129049,https://www.datacentermap.com/usa/california/san-jose/equinix-sv12x/
7089,Evocative OAK1,Evocative Data Centers,Colocation,1400 65th Stret,Emeryville,94608,California,37.8468998,-122.2935656,https://www.datacentermap.com/usa/california/san-jose/em1-emeryville-data-center/
13159,Microsoft Alviso-Milpitas Campus,Microsoft,Campus,1657 Alviso Milpitas Rd,San Jose,95134,California,37.4237726,-121.9262607,https://www.datacentermap.com/usa/california/san-jose/microsoft-alviso-milpitas-campus/
7615,ColoCrossing SJ1,ColoCrossing,Colocation,55 S. Market Street,San Jose,95113,California,37.3341593,-121.8916855,https://www.datacentermap.com/usa/california/san-jose/colocrossing-sj1/
940,STACK Infrastructure SVY01A,STACK INFRASTRUCTURE,Colocation,2001 Fortune Drive,San Jose,95131,California,37.4022869,-121.8923521,https://www.datacentermap.com/usa/california/san-jose/fortune/
1029,CoreSite San Jose (SV1),CoreSite,Colocation,55 South Market Street,San Jose,95113,California,37.334484,-121.891327,https://www.datacentermap.com/usa/california/san-jose/market-post-tower/
14120,NVIDIA San Jose Data Center,NVIDIA,Enterprise,300 Holger Way,San Jose,95134,California,37.4183817,-121.9467171,https://www.datacentermap.com/usa/california/san-jose/nvidia-san-jose-data-center/
1744,Rackspace San Jose,Rackspace Hosting,Colocation,150 South 1st St,San Jose,95113,California,37.333934,-121.888182,https://www.datacentermap.com/usa/california/san-jose/data-pipe-san-jose/
1878,QTS Santa Clara I & II,QTS Data Centers,Colocation,2805/2807 Mission College Blvd,Santa Clara,95054,California,37.392232,-121.9778256,https://www.datacentermap.com/usa/california/san-jose/quality-santa-clara-1/
7086,Evocative SJC7,Evocative Data Centers,Colocation,534 Stockton Ave,San Jose,95126,California,37.33839764047828,-121.9101762771606,https://www.datacentermap.com/usa/california/san-jose/sv7-san-jose-evocative-data-center/
9615,STACK Infrastructure SVY01B,STACK INFRASTRUCTURE,Colocation,2001 Fortune Drive,San Jose,95131,California,37.4025888,-121.8932578,https://www.datacentermap.com/usa/california/san-jose/stack-infrastructure-svy01b/
12770,Cogent Data Center - San Jose,"Cogent Communications, Inc.",Colocation,801 Newhall St,San Jose,95110,California,37.3476448,-121.9229421,https://www.datacentermap.com/usa/california/san-jose/cogent-data-center-san-jose/
12141,ECL MV1,ECL,Colocation,411 Clyde Ave,Mountain View,94043,California,37.3958939,-122.0469503,https://www.datacentermap.com/usa/california/san-jose/ecl-mv1/
1033,CoreSite Santa Clara (SV2),CoreSite,Colocation,1656 McCarthy Blvd.,Milpitas,95035,California,37.404993,-121.91692,https://www.datacentermap.com/usa/california/san-jose/valley-exchange/
14803,Arena Investors AI R&D,"Arena Investors, LP",Colocation,199 Bassett St,San Jose,95110,California,37.340437,-121.897553,https://www.datacentermap.com/usa/california/san-jose/arena-investors-ai-rd/
12841,AVAIO Pittsburg,AVAIO Digital,Colocation,2232 Golf Club Rd,Pittsburg,94565,California,38.0125556,-121.9098061,https://www.datacentermap.com/usa/california/san-jose/avaio-pittsburg/
14091,Terra Data Center,Terra Ventures,Colocation,4701 N First St,San Jose,95134,California,37.4248641,-121.9738693,https://www.datacentermap.com/usa/california/san-jose/terra-data-center/
13160,Microsoft Alviso-Milpitas - Building 1,Microsoft,Hyperscaler,1657 Alviso Milpitas Rd,San Jose,95134,California,37.42389127574366,-121.9263607927957,https://www.datacentermap.com/usa/california/san-jose/microsoft-alviso-milpitas-building-1/
13161,Microsoft Alviso-Milpitas - Building 2,Microsoft,Hyperscaler,1657 Alviso Milpitas Rd,San Jose,95134,California,37.42448610563945,-121.9266526171043,https://www.datacentermap.com/usa/california/san-jose/microsoft-alviso-milpitas-building-2/
11502,STACK Infrastructure SVY05,STACK INFRASTRUCTURE,Colocation,2400 Ringwood Ave,San Jose,95131,California,37.4029146,-121.8950378,https://www.datacentermap.com/usa/california/san-jose/stack-infrastructure-svy05/
10598,Amazon AWS SFO - Arroyo,Amazon AWS,Hyperscaler,Camino Arroyo / Arroyo Circle,Gilroy,95020,California,37.016338,-121.558959,https://www.datacentermap.com/usa/california/san-jose/amazon-aws-sfo-arroyo/
11503,STACK Infrastructure SVY06,STACK INFRASTRUCTURE,Colocation,1849 Fortune Dr,San Jose,95131,California,37.4016556,-121.8953647,https://www.datacentermap.com/usa/california/san-jose/stack-infrastructure-svy06/
13156,Microsoft SJC04,Microsoft,Hyperscaler,2515 Orchard Pkwy,San Jose,95131,California,37.378309,-121.933703,https://www.datacentermap.com/usa/california/san-jose/microsoft-sjc04/
13158,Microsoft Orchard Pkwy Campus,Microsoft,Campus,370 W Trimble Rd,San Jose,95131,California,37.37854152342197,-121.9325888737743,https://www.datacentermap.com/usa/california/san-jose/microsoft-sjc04-campus/
13157,Microsoft SJC06,Microsoft,Hyperscaler,2515 Orchard Pkwy,San Jose,95131,California,37.37775,-121.932767,https://www.datacentermap.com/usa/california/san-jose/microsoft-sjc06/
14246,LightEdge - San Jose,LightEdge,Colocation,7 Great Oaks Blvd,San Jose,95119,California,37.24117060838421,-121.7847615842732,https://www.datacentermap.com/usa/california/san-jose/lightedge-san-jose/
4298,Synoptek - San Jose Data Center,Synoptek,Colocation,11 Great Oaks Blvd,San Jose,95119,California,37.241616,-121.782668,https://www.datacentermap.com/usa/california/san-jose/earthlink-san-jose/
7705,Plug and Play Tech Center,Plug and Play Tech Center,Colocation,440 N Wolfe Rd,Sunnyvale,94085,California,37.383958,-122.0129203,https://www.datacentermap.com/usa/california/san-jose/plug-and-play-tech-center/
13349,Got.Net Salinas,Got.Net,Colocation,1325 Abbott St,Salinas,93901,California,36.6533638,-121.6256412,https://www.datacentermap.com/usa/california/san-jose/gotnet-salinas/
947,SVCOLO Sunnyvale,"Silicon Valley Colocation, Inc.",Colocation,1111 Karlstad,Sunnyvale,94089,California,37.401437,-122.013419,https://www.datacentermap.com/usa/california/san-jose/svcolo-sunnyvale/
1518,Lumen San Jose 2,Lumen,Colocation,1400 Kifer Road,Sunnyvale,98108,California,37.372464,-121.985961,https://www.datacentermap.com/usa/california/san-jose/qwest-sunnyvale-2/
5459,Lumen San Jose 1,Lumen,Colocation,1741 Technology Drive,San Jose,95110,California,37.3679038,-121.9201997,https://www.datacentermap.com/usa/california/san-jose/level3-san-jose1/
1325,NaviSite San Jose,"NaviSite, Inc.",Colocation,2720 Zanker Road,San Jose,95134,California,37.3927139,-121.9267244,https://www.datacentermap.com/usa/california/san-jose/navisite-san-jose/
1455,Lumen San Jose,Lumen,Colocation,1380 Kifer Road,Sunnyvale,98108,California,37.374022,-121.98796,https://www.datacentermap.com/usa/california/san-jose/level3-san-jose/
9766,T5 Data Centers - T5@Silicon Valley,T5 Data Centers,Colocation,39800 Eureka Dr,Newark,94560,California,37.5101524,-122.0018832,https://www.datacentermap.com/usa/california/fremont/t5-data-centers-t5silicon-valley/
11751,Prime Silicon Valley - Hayward,Prime Data Centers,Colocation,26415 Corporate Ave,Hayward,94545,California,37.6260838,-122.1134605,https://www.datacentermap.com/usa/california/fremont/prime-hayward/
1152,Hurricane Electric Fremont 1,Hurricane Electric,Colocation,760 Mission Ct,Fremont,94539,California,37.4898735,-121.9309835,https://www.datacentermap.com/usa/california/fremont/he-freemont1/
1151,Hurricane Electric Fremont 2,Hurricane Electric,Colocation,48233 Warm Springs Blvd,Fremont,94539,California,37.4718685,-121.9203136,https://www.datacentermap.com/usa/california/fremont/he-freemont2/
10914,Apple Newark Data Center,Apple,Hyperscaler,39800 Eureka Drive,Newark,94560,California,37.5099076,-122.001852,https://www.datacentermap.com/usa/california/fremont/apple-newark-data-center/
11749,37887 Shinn Street,Valley Oak Partners,Colocation,37887 Shinn St,Fremont,94536,California,37.5666972,-121.9836371,https://www.datacentermap.com/usa/california/fremont/37887-shinn-street/
771,365 Main Street (SFO12),Digital Realty,Colocation,365 Main Street,San Francisco,94105,California,37.7886687,-122.3905089,https://www.datacentermap.com/usa/california/san-francisco/365-main-st/
984,200 Paul Avenue (SFO10),Digital Realty,Colocation,200 Paul Avenue,San Francisco,94124,California,37.7236415,-122.3979821,https://www.datacentermap.com/usa/california/san-francisco/200-paul-avenue/
5985,Fortress Data Centers,Fortress Data Centers,Colocation,274 Brannan Street,San Francisco,94107,California,37.7825822,-122.3917644,https://www.datacentermap.com/usa/california/san-francisco/fortress-data-centers/
2058,Colocation America SFDC1,Colocation America,Colocation,200 Paul Ave,San Francisco,94124,California,37.722871,-122.397683,https://www.datacentermap.com/usa/california/san-francisco/colocation-america-200-paul/
10800,Novva San Francisco,Novva,Colocation,400 Paul Ave,San Francisco,94124,California,37.7244541,-122.3989633,https://www.datacentermap.com/usa/california/san-francisco/novva-san-francisco/
3290,Data Center 360 Spear Street,Fastmetrics LLC,Colocation,360 Spear Street,San Francisco,94105,California,37.7892771,-122.3901741,https://www.datacentermap.com/usa/california/san-francisco/fastmetrics-360-spear/
11610,UnitedLayer San Francisco,"UnitedLayer, Inc.",Colocation,200 Paul Ave,San Francisco,94124,California,37.723698,-122.398056,https://www.datacentermap.com/usa/california/san-francisco/unitedlayer-san-francisco/
3669,Centersquare - Silicon Valley SFO3-A,Centersquare,Colocation,1400 Kifer Rd,Sunnyvale,94086,California,37.372414,-121.986396,https://www.datacentermap.com/usa/california/san-francisco/cyxtera-sfo3a/
3670,Centersquare - Silicon Valley SFO3-B,Centersquare,Colocation,1320 Kifer Rd,Sunnyvale,94086,California,37.373596,-121.988951,https://www.datacentermap.com/usa/california/san-francisco/cyxtera-sfo3b/
3289,Data Center 365 Main Street,Fastmetrics LLC,Colocation,365 Main Street,San Francisco,94105,California,37.7886,-122.390842,https://www.datacentermap.com/usa/california/san-francisco/fastmetrics-365-main/
5257,CoreSite Santa Clara (SV6),CoreSite,Colocation,3001 Coronado Dr,Santa Clara,95054,California,37.376326,-121.971916,https://www.datacentermap.com/usa/california/san-francisco/ns3i/
1445,Lumen San Francisco 1,Lumen,Colocation,185 Berry Street,San Francisco,94107,California,37.775979,-122.393213,https://www.datacentermap.com/usa/california/san-francisco/level3-san-francisco/
5458,Lumen San Francisco 3,Lumen,Colocation,200 Paul Avenue,San Francisco,94124,California,37.7233428,-122.3978233,https://www.datacentermap.com/usa/california/san-francisco/level3-san-francisco3/
483,Data Canopy - San Francisco,Data Canopy,Colocation,630 Third Street,San Francisco,94107,California,37.779562,-122.393666,https://www.datacentermap.com/usa/california/san-francisco/hosting-san-francisco/
1523,JMA Wired,"JMA Ventures, LLC",Building,360 Spear St,San Francisco,94105,California,37.7888854,-122.3902738,https://www.datacentermap.com/usa/california/san-francisco/jma-wired/
997,1100 Space Park Dr (SJC10),Digital Realty,Colocation,1100 Space Park Drive,Santa Clara,95054,California,37.375823,-121.9533248,https://www.datacentermap.com/usa/california/santa-clara/1100-space-park-drive/
3255,3105 Alfred Rd (SJC30),Digital Realty,Colocation,3105 Alfred Road,Santa Clara,95054,California,37.3782712,-121.9581122,https://www.datacentermap.com/usa/california/santa-clara/3105-alfred-rd/
3229,1500 Space Park Dr (SJC14),Digital Realty,Colocation,1500 Space Park Dr,Santa Clara,95054,California,37.3758007,-121.955182,https://www.datacentermap.com/usa/california/santa-clara/1550-space-park/
3256,3205 Alfred St (SJC35),Digital Realty,Colocation,3205 Alfred Street,Santa Clara,95054,California,37.3790313,-121.9583275,https://www.datacentermap.com/usa/california/santa-clara/3115-alfred-rd/
4051,2820 Northwestern Pkwy (SJC34),Digital Realty,Colocation,2820 Northwestern Pkwy,Santa Clara,95051,California,37.3724282,-121.9736174,https://www.datacentermap.com/usa/california/santa-clara/telx-scl2/
7896,1525 Comstock St (SJC16),Digital Realty,Colocation,1525 Comstock Street,Santa Clara,95054,California,37.3749295,-121.9560081,https://www.datacentermap.com/usa/california/santa-clara/1525-comstock-street/
7799,2805 Lafayette St (SJC31),Digital Realty,Colocation,2805 Lafayette Street,Santa Clara,95050,California,37.3725971,-121.9479554,https://www.datacentermap.com/usa/california/santa-clara/2805-lafayette/
7909,2220 De La Cruz Blvd (SC1),Digital Realty,Colocation,2220 De La Cruz Boulevard,Santa Clara,95050,California,37.3617685,-121.9437734,https://www.datacentermap.com/usa/california/santa-clara/2220-de-la-cruz-boulevard/
12485,Centersquare - Silicon Valley SFO4-B,Centersquare,Colocation,1550 Space Park Dr,Santa Clara,95054,California,37.3759473,-121.9559875,https://www.datacentermap.com/usa/california/santa-clara/centersquare-silicon-valley-sfo4-b/
12484,Centersquare - Silicon Valley SFO4-A,Centersquare,Colocation,1500 Space Park Dr,Santa Clara,95054,California,37.3757193,-121.9551544,https://www.datacentermap.com/usa/california/santa-clara/centersquare-silicon-valley-sfo4-a/
7809,1201 Comstock St (SJC15),Digital Realty,Colocation,1201 Comstock Street,Santa Clara,95054,California,37.3749804,-121.954079,https://www.datacentermap.com/usa/california/santa-clara/1201-comstock-street/
7808,1725 Comstock St (SJC29),Digital Realty,Colocation,1725 Comstock Street,Santa Clara,95054,California,37.3750338,-121.9580965,https://www.datacentermap.com/usa/california/santa-clara/1725-comstock-street/
8485,Cologix SV1,Cologix,Colocation,2050 Martin Ave.,Santa Clara,95050,California,37.36751391096377,-121.9638310927645,https://www.datacentermap.com/usa/california/santa-clara/cologix-sv1/
1006,3011 Lafayette St (SJC11),Digital Realty,Colocation,3011 Lafayette Street,Santa Clara,95054,California,37.37634,-121.948688,https://www.datacentermap.com/usa/california/santa-clara/3011-lafayette-street/
11923,1350 Duane & 3080 Raymond,Digital Realty,Campus,1350 Duane Ave / 3080 Raymond St,Santa Clara,95054,California,37.37815259245142,-121.9545456128045,https://www.datacentermap.com/usa/california/santa-clara/1350-duane-3080-raymond/
11716,2825-2845 Lafayette Street (SJC36),Digital Realty,Colocation,2825-2845 Lafayette St,Santa Clara,95054,California,37.3726199,-121.9467445,https://www.datacentermap.com/usa/california/santa-clara/2825-2845-lafayette-street-sjc36/
999,2045 & 2055 LaFayette St (SJC17),Digital Realty,Colocation,2045 & 2055 LaFayette Street,Santa Clara,95050,California,37.34741,-121.941833,https://www.datacentermap.com/usa/california/santa-clara/2045-2055-lafayette-street/
8672,641 Walsh Ave (SJC37),Digital Realty,Colocation,641 Walsh Ave,Santa Clara,95054,California,37.370837,-121.946792,https://www.datacentermap.com/usa/california/santa-clara/641-walsh/
1002,2403 Walsh St (SJC19),Digital Core REIT,Colocation,2403 Walsh Street,Santa Clara,95051,California,37.369543,-121.968551,https://www.datacentermap.com/usa/california/santa-clara/2403-walsh-street/
989,2401 Walsh St (SJC18),Digital Core REIT,Colocation,2401 Walsh Street,Santa Clara,95051,California,37.369545,-121.9685,https://www.datacentermap.com/usa/california/santa-clara/2401-walsh-street/
946,EdgeConneX Santa Clara - EDCSVC02,EdgeConneX,Colocation,1700 Richard Avenue,Santa Clara,95050,California,37.3643203,-121.9587891,https://www.datacentermap.com/usa/california/santa-clara/svcolo-santa-clara/
8536,NTT Silicon Valley SV1,NTT Global Data Centers,Colocation,1160 Walsh Avenue,Santa Clara,95050,California,37.3697388,-121.9567825,https://www.datacentermap.com/usa/california/santa-clara/ntt-silicon-valley-sv1/
9953,Prime Santa Clara - 1231 Comstock,Prime Data Centers,Colocation,1231 Comstock St,Santa Clara,95054,California,37.3749613,-121.9548655,https://www.datacentermap.com/usa/california/santa-clara/prime-santa-clara-2/
9599,Prime Santa Clara - 1111 Comstock,Prime Data Centers,Colocation,1111 Comstock St,Santa Clara,95054,California,37.3749112,-121.9532543,https://www.datacentermap.com/usa/california/santa-clara/prime-santa-clara-1/
2954,Evocative SJC11,Evocative Data Centers,Colocation,2151 Mission College Blvd,Santa Clara,95054,California,37.389437,-121.962005,https://www.datacentermap.com/usa/california/santa-clara/internap-santa-clara/
1059,Equinix SV2,Equinix,Colocation,1350 Duane Ave,Santa Clara,95054,California,37.3781646,-121.9549689,https://www.datacentermap.com/usa/california/santa-clara/equinix-santa-clara/
9424,CyrusOne SCV1 - Santa Clara,CyrusOne Data Centers,Colocation,2600 De La Cruz Blvd.,Santa Clara,95050,California,37.3680878,-121.9425115,https://www.datacentermap.com/usa/california/santa-clara/cyrusone-scv1/
1058,Equinix SV4,Equinix,Colocation,255 Caspian Drive,Sunnyvale,94089,California,37.4145265,-122.0146732,https://www.datacentermap.com/usa/california/santa-clara/equinix-sunnyvale/
9954,Prime Santa Clara - 2215 Martin,Prime Data Centers,Colocation,2215 Martin Ave,Santa Clara,95050,California,37.3670384,-121.9628064,https://www.datacentermap.com/usa/california/santa-clara/prime-santa-clara-3/
9171,DataBank SFO1 - Silicon Valley,DataBank,Colocation,5101 Lafayette St,Santa Clara,95054,California,37.40736,-121.9660075,https://www.datacentermap.com/usa/california/santa-clara/databank-sfo1/
1772,Centersquare - Silicon Valley SFO2-A,Centersquare,Colocation,4700 Old Ironsides Dr,Santa Clara,95054,California,37.398456,-121.980934,https://www.datacentermap.com/usa/california/santa-clara/cyxtera-sfo2a/
1776,Centersquare - Silicon Valley SFO1-A,Centersquare,Colocation,2401 Walsh Ave.,Santa Clara,95051,California,37.371351,-121.969356,https://www.datacentermap.com/usa/california/santa-clara/cyxtera-sfo1a/
867,Equinix SV17 (NAP West),Equinix,Colocation,3030 Corvin Drive,Santa Clara,95051,California,37.375212,-121.98787,https://www.datacentermap.com/usa/california/santa-clara/nap-west/
4535,Colovore SJC01,Colovore,Colocation,1101 Space Park Dr,Santa Clara,95054,California,37.376671,-121.953162,https://www.datacentermap.com/usa/california/santa-clara/colovore/
9704,Summit Silicon Valley,Summit (formerly Deft),Colocation,2820 Northwestern Pkwy,Santa Clara,95051,California,37.3724282,-121.9736174,https://www.datacentermap.com/usa/california/santa-clara/deft-silicon-valley/
9065,Equinix SV16,Equinix,Colocation,3000 Corvin Drive,Santa Clara,95051,California,37.3763123119311,-121.9883228564838,https://www.datacentermap.com/usa/california/santa-clara/equinix-sv16/
9063,Equinix SV14,Equinix,Colocation,2960 Corvin Drive,Santa Clara,95051,California,37.37495,-121.988496,https://www.datacentermap.com/usa/california/santa-clara/equinix-sv14/
9064,Equinix SV15,Equinix,Colocation,2970 Corvin Drive,Santa Clara,95051,California,37.37549,-121.98853,https://www.datacentermap.com/usa/california/santa-clara/equinix-sv15/
11739,EdgeCore Silicon Valley SV01,EdgeCore,Colocation,2201 Laurelwood Rd,Santa Clara,95054,California,37.383792,-121.965393,https://www.datacentermap.com/usa/california/santa-clara/edgecore-silicon-valley-sv01/
1771,Centersquare - Silicon Valley SFO1-B,Centersquare,Colocation,2403 Walsh Ave.,Santa Clara,95051,California,37.370435,-121.969822,https://www.datacentermap.com/usa/california/santa-clara/cyxtera-sfo1b/
1774,Centersquare - Silicon Valley SFO2-B,Centersquare,Colocation,4650 Old Ironsides Dr,Santa Clara,95054,California,37.397719,-121.98088,https://www.datacentermap.com/usa/california/santa-clara/cyxtera-sfo2b/
1678,Equinix SV6,Equinix,Colocation,444 Toyama Drive,Sunnyvale,94089,California,37.399672,-122.014548,https://www.datacentermap.com/usa/california/santa-clara/switchdata-sunnyvale/
7695,EdgeCore Silicon Valley Campus,EdgeCore,Campus,2201 Laurelwood Rd,Santa Clara,95054,California,37.383149,-121.965308,https://www.datacentermap.com/usa/california/santa-clara/silicon-valley-campus/
11740,EdgeCore Silicon Valley SV02,EdgeCore,Colocation,2201 Laurelwood Rd,Santa Clara,95054,California,37.384517,-121.966051,https://www.datacentermap.com/usa/california/santa-clara/edgecore-silicon-valley-sv02/
841,Evocative SJC3,Evocative Data Centers,Colocation,3080 Raymond Street,Santa Clara,95054,California,37.3780424,-121.9541355,https://www.datacentermap.com/usa/california/santa-clara/wave-hosting/
14763,Intel Santa Clara (D2P3),Intel Corporation,Enterprise,2200 Mission College Blvd,Santa Clara,95054,California,37.38758435282337,-121.963606431173,https://www.datacentermap.com/usa/california/santa-clara/intel-santa-clara-d2p3/
9415,CoreSite Silicon Valley (SV9),CoreSite,Colocation,2905 Stender Way,Santa Clara,95054,California,37.375177,-121.9696175,https://www.datacentermap.com/usa/california/santa-clara/coresite-silicon-valley-sv9/
9616,STACK Infrastructure SVY02A,STACK INFRASTRUCTURE,Colocation,1200 Memorex Dr,Santa Clara,95050,California,37.3614358,-121.9530432,https://www.datacentermap.com/usa/california/santa-clara/stack-infrastructure-svy02a/
7998,OpenColo - SC1,OpenColo,Colocation,3223 Kenneth Street,Santa Clara,95054,California,37.37905576808189,-121.9559777668448,https://www.datacentermap.com/usa/california/santa-clara/sc1/
11116,Datacate Santa Clara,Datacate Inc.,Colocation,2151 Mission College Blvd,Santa Clara,95054,California,37.3894282,-121.9622415,https://www.datacentermap.com/usa/california/santa-clara/datacate-santa-clara/
8179,CoreSite Santa Clara (SV3),CoreSite,Colocation,2901 Coronado Drive,Santa Clara,95054,California,37.3751356,-121.9717501,https://www.datacentermap.com/usa/california/santa-clara/coresite-sv3/
11006,Colovore SJC02,Colovore,Colocation,3060 Raymond St,Santa Clara,95054,California,37.3773412,-121.9530364,https://www.datacentermap.com/usa/california/santa-clara/colovore-sjc02/
13865,Connect Santa Clara,Connect Data Centers by Oppidan,Colocation,715-805 Comstock St,Santa Clara,95054,California,37.3755405640663,-121.9476626925453,https://www.datacentermap.com/usa/california/santa-clara/connect-santa-clara/
9643,Evocative SJC14,Evocative Data Centers,Colocation,1525 Comstock Street,Santa Clara,95054,California,37.3749408,-121.955932,https://www.datacentermap.com/usa/california/santa-clara/evocative-sjc14/
7946,CoreSite Santa Clara (SV8),CoreSite,Colocation,3035 Stender Way,Santa Clara,95054,California,37.3774639,-121.9713031,https://www.datacentermap.com/usa/california/santa-clara/coresite-santa-clara-sv8/
11657,Vantage CA3 - Santa Clara III,Vantage Data Centers,Colocation,2590 Walsh Ave,Santa Clara,95051,California,37.3707768,-121.9745047,https://www.datacentermap.com/usa/california/santa-clara/vantage-ca3-santa-clara-iii/
10280,CloudHQ SJC1,CloudHQ,Colocation,552 Reed St,Santa Clara,95050,California,37.35936,-121.94266,https://www.datacentermap.com/usa/california/santa-clara/cloudhq-sjc1/
10595,Amazon AWS SFO - Mission College Campus,Amazon AWS,Campus,2305 Mission College Blvd,Santa Clara,95054,California,37.38990864152262,-121.966772987255,https://www.datacentermap.com/usa/california/santa-clara/aws-sfo-mission-college-campus/
5230,CoreSite Santa Clara (SV4),CoreSite,Colocation,2972 Stender Way,Santa Clara,95054,California,37.37599329999999,-121.970766,https://www.datacentermap.com/usa/california/santa-clara/coresite-sv4/
10796,China Telecom Santa Clara,China Telecom Americas,Colocation,2807 Mission College Blvd,Santa Clara,95054,California,37.3939384,-121.9781644,https://www.datacentermap.com/usa/california/santa-clara/china-telecom-santa-clara/
12317,LightEdge - Santa Clara,LightEdge,Colocation,2805 Bowers Ave,Santa Clara,95051,California,37.3725376,-121.9766373,https://www.datacentermap.com/usa/california/santa-clara/lightedge-santa-clara/
7945,CoreSite Santa Clara (SV7),CoreSite,Colocation,3020 Coronado Drive,Santa Clara,95054,California,37.37601069999999,-121.973083,https://www.datacentermap.com/usa/california/santa-clara/coresite-santa-clara-sv7/
10599,Amazon AWS SFO - 960 Central,Amazon AWS,Hyperscaler,960 Central Expy,Santa Clara,95050,California,37.372741,-121.953591,https://www.datacentermap.com/usa/california/santa-clara/amazon-aws-sfo-960-central/
10597,Amazon AWS SFO - 2305 Mission B,Amazon AWS,Hyperscaler,2305 Mission College Blvd,Santa Clara,95054,California,37.38986602005222,-121.9678887861565,https://www.datacentermap.com/usa/california/santa-clara/amazon-aws-sfo-2305-mission-b/
10300,CoreSite Santa Clara (SV5),CoreSite,Colocation,2950 Stender Way,Santa Clara,95054,California,37.375217,-121.970755,https://www.datacentermap.com/usa/california/santa-clara/coresite-santa-clara-sv5/
12183,EdgeConneX Santa Clara - EDCSVC01,EdgeConneX,Colocation,1600 Memorex Dr,Santa Clara,95050,California,37.3635635,-121.9574714,https://www.datacentermap.com/usa/california/santa-clara/edgeconnex-santa-clara-edcsvc01/
14012,StratCap Santa Clara,StratCap Data Centers,Colocation,3205 Bassett St,Santa Clara,95054,California,37.3798125,-121.9499101,https://www.datacentermap.com/usa/california/santa-clara/stratcap-santa-clara/
10596,Amazon AWS SFO - 2305 Mission A,Amazon AWS,Hyperscaler,2305 Mission College Blvd,Santa Clara,95054,California,37.38990437937666,-121.9661507147906,https://www.datacentermap.com/usa/california/santa-clara/amazon-aws-sfo-2305-mission-a/
11528,Vantage CA2 - Building 3,Vantage Data Centers,Colocation,737 Mathew St,Santa Clara,95050,California,37.3643078,-121.9463541,https://www.datacentermap.com/usa/california/santa-clara/vantage-ca2-building-3/
3498,IBM SJC01,IBM,Colocation,3105 Alfred St,Santa Clara,95054,California,37.3782765,-121.9581228,https://www.datacentermap.com/usa/california/santa-clara/softlayer-sjc011/
11525,Vantage CA2 -Santa Clara II Campus,Vantage Data Centers,Campus,625-765 Mathew St,Santa Clara,95050,California,37.36413077518475,-121.9468310439461,https://www.datacentermap.com/usa/california/santa-clara/vantage-ca2-santa-clara-ii-campus/
5463,Lumen Santa Clara 1,Lumen,Colocation,3045 Raymond Street,Santa Clara,95054,California,37.377137,-121.951892,https://www.datacentermap.com/usa/california/santa-clara/level3-santa-clara1/
11527,Vantage CA2 - Building 2,Vantage Data Centers,Colocation,651 Mathew St,Santa Clara,95050,California,37.3643078,-121.9463541,https://www.datacentermap.com/usa/california/santa-clara/vantage-ca2-building-2/
11526,Vantage CA2 - Building 1,Vantage Data Centers,Colocation,765 Mathew St,Santa Clara,95050,California,37.36403374351696,-121.9476977573741,https://www.datacentermap.com/usa/california/santa-clara/vantage-ca2-building-1/
4089,Tata Communications Santa Clara,Tata Communications,Colocation,1100 Space Park Dr,Santa Clara,95054,California,37.3758323,-121.9533126,https://www.datacentermap.com/usa/california/santa-clara/tata-santa-clara/
14343,"Sierra Morena Tower, LLC","Sierra Morena Tower, LLC",Colocation,15040 Skyline Blvd,Redwood City,94062,California,37.410485,-122.3072202,https://www.datacentermap.com/usa/california/palo-alto/sierra-morena-tower/
1489,Equinix SV8,Equinix,Colocation,529 Bryant St,Palo Alto,94301,California,37.445684,-122.161201,https://www.datacentermap.com/usa/california/palo-alto/switchdata-palo-alto/
1762,AT&T Redwood,AT&T Inc.,Colocation,3175 Spring Street,Redwood City,94063,California,37.4804998,-122.2000846,https://www.datacentermap.com/usa/california/palo-alto/att-3175-spring/
7780,Prime Sacramento Data Center Campus,Prime Data Centers,Campus,2407 AK Street,McClellan Park,95652,California,38.6432828,-121.4079046,https://www.datacentermap.com/usa/california/sacramento/prime-building-one/
5096,Quest Roseville HABC,Quest Technology Management,Colocation,9000 Foothills Blvd,Roseville,95765,California,38.7909258,-121.317567,https://www.datacentermap.com/usa/california/sacramento/quest-roseville-sdc/
8561,NTT Sacramento CA3,NTT Global Data Centers,Colocation,1625 West National Drive,Sacramento,95834,California,38.6443843,-121.4986357,https://www.datacentermap.com/usa/california/sacramento/ntt-sacramento-ca3/
8559,NTT Sacramento CA1,NTT Global Data Centers,Colocation,1200 Striker Avenue,Sacramento,95834,California,38.65094013948976,-121.4914402040041,https://www.datacentermap.com/usa/california/sacramento/ntt-sacramento-ca1/
8560,NTT Sacramento CA2,NTT Global Data Centers,Colocation,1312 Striker Avenue,Sacramento,95834,California,38.6504135,-121.4893549,https://www.datacentermap.com/usa/california/sacramento/ntt-sacramento-ca2/
2673,Quest McClellan BRC,Quest Technology Management,Colocation,4235 Forcum Ave,McClellan Park,95652,California,38.6444895,-121.4066073,https://www.datacentermap.com/usa/california/sacramento/mcclellan-brc/
11799,Prime Sacramento - Data Center 1,Prime Data Centers,Colocation,2407 AK Street,McClellan Park,95652,California,38.643148,-121.407521,https://www.datacentermap.com/usa/california/sacramento/prime-sacramento-dc1/
8470,Conscious Data Centers,Conscious Capital Data Center,Colocation,3141 Data Dr,Rancho Cordova,95670,California,38.5870116,-121.2821277,https://www.datacentermap.com/usa/california/sacramento/conscious-data-centers/
11800,Prime Sacramento - Data Center 2,Prime Data Centers,Colocation,2408 AK Street,McClellan Park,95652,California,38.6426582,-121.4068614,https://www.datacentermap.com/usa/california/sacramento/prime-sacramento-dc2/
5544,EdgeConneX Sacramento - EDCSAC01,EdgeConneX,Colocation,10980 Gold Center Dr,Rancho Cordova,95670,California,38.59229,-121.277357,https://www.datacentermap.com/usa/california/sacramento/edcsac01/
3983,Datacate Rancho Cordova,Datacate Inc.,Colocation,2999 Gold Canal Dr.,Rancho Cordova,95670,California,38.594558,-121.268192,https://www.datacentermap.com/usa/california/sacramento/datacate/
2617,365 Data Centers - Rancho Cordova,365 Data Centers,Colocation,11085 Sun Center Dr,Rancho Cordova,95670,California,38.59599,-121.272554,https://www.datacentermap.com/usa/california/sacramento/sungard-sacramento/
7548,Prime Data Centers,GroupOne,Colocation,2407 AK St,McClellan,95652,California,38.6432234,-121.4074459,https://www.datacentermap.com/usa/california/sacramento/prime-data-centers/
517,QTS Sacramento,QTS Data Centers,Colocation,1100 North Market Blvd,Sacramento,95834,California,38.647043,-121.4856,https://www.datacentermap.com/usa/california/sacramento/herakles-data/
10371,Cogent Data Center - Oroville,"Cogent Communications, Inc.",Colocation,2405 Bird St,Oroville,95965,California,39.5142331,-121.5502911,https://www.datacentermap.com/usa/california/sacramento/cogent-data-center-oroville/
11135,Consolidated McClellan,Consolidated Communications,Colocation,5115 Arnold Blvd,McClellan,95652,California,38.6733377,-121.390048,https://www.datacentermap.com/usa/california/sacramento/consolidated-mcclellan/
11134,Consolidated Citrus Heights,Consolidated Communications,Colocation,7656 Old Auburn Blvd,Citrus Heights,95610,California,38.6973709,-121.283106,https://www.datacentermap.com/usa/california/sacramento/consolidated-citrus-heights/
558,iStreet Solutions,"iStreet Solutions, LLC",Colocation,1075 Triangle Ct,Broderick,95605,California,38.5869154,-121.5305789,https://www.datacentermap.com/usa/california/sacramento/istreet-solutions/
9511,Lumen Sacramento 1,Lumen,Colocation,1075 Triangle Court,West Sacramento,95691,California,38.5869154,-121.5306666,https://www.datacentermap.com/usa/california/sacramento/lumen-sacramento-1/
5099,DataNOC Data Center,DataNOC.com,Colocation,10321 Placer Lane,Sacramento,95827,California,38.5764625,-121.307198,https://www.datacentermap.com/usa/california/sacramento/datanoccom/
10950,TPx Sacramento Data Center,TPx Communications,Colocation,1099 15th St,Sacramento,95814,California,38.5773799,-121.4870188,https://www.datacentermap.com/usa/california/sacramento/tpx-sacramento-data-center/
5444,Lumen Sacramento 2,Lumen,Colocation,1005 North B Street,Sacramento,95814,California,38.59143,-121.487826,https://www.datacentermap.com/usa/california/sacramento/level3-sacramento2/
778,720 2nd Street (OAK10),Digital Realty,Colocation,720 2nd street,Oakland,94607,California,37.7990209,-122.2825072,https://www.datacentermap.com/usa/california/oakland/720-2nd-st/
9806,MDC San Diego - SDG1,MDC Data Centers,Colocation,7014 Manya Cir,San Diego,92154,California,32.5941922,-117.0853841,https://www.datacentermap.com/usa/california/san-diego/mdc-san-diego/
548,DataBank SAN1 - San Diego World Trade,DataBank,Colocation,12270 World Trade Dr,San Diego,92128,California,32.9885962,-117.0731756,https://www.datacentermap.com/usa/california/san-diego/castle-access/
5550,EdgeConneX San Diego - EDCSDG01,EdgeConneX,Colocation,5761 Copley Drive,San Diego,92111,California,32.8404895,-117.1683742,https://www.datacentermap.com/usa/california/san-diego/edcsdg01/
3373,ScaleMatrix San Diego ,ScaleMatrix,Colocation,5775 Kearny Villa Rd,San Diego,92123,California,32.837756,-117.132835,https://www.datacentermap.com/usa/california/san-diego/scalematrix/
7397,Cogent Data Center - San Diego 2,"Cogent Communications, Inc.",Colocation,9530 Towne Centre Drive,San Diego,92121,California,32.88044764485392,-117.2094655036926,https://www.datacentermap.com/usa/california/san-diego/cogent-san-diego2/
476,LightEdge - San Diego I,LightEdge,Colocation,9305 Lightwave Ave,San Diego,92123,California,32.82785,-117.129683,https://www.datacentermap.com/usa/california/san-diego/american-internet-services-ais/
11115,I2B Networks San Diego,"I2B Networks, Inc",Colocation,8830 Complex Dr,San Diego,92123,California,32.83052398649002,-117.1368640909025,https://www.datacentermap.com/usa/california/san-diego/i2b-networks-san-diego/
5639,CARI.net Campus,CARI.net,Colocation,8915 Complex Drive,Kearney Mesa,92123,California,32.8299041,-117.1341603,https://www.datacentermap.com/usa/california/san-diego/carinet/
5564,Cogent Data Center - San Diego 1,"Cogent Communications, Inc.",Colocation,525 B Street,San Diego,92101,California,32.7176406,-117.1596829,https://www.datacentermap.com/usa/california/san-diego/cogent-san-diego/
695,SimpleNet Colo,"SimpleNet, Inc.",Colocation,225 Broadway,San Diego,92101,California,32.7152655,-117.1624985,https://www.datacentermap.com/usa/california/san-diego/simplenet-colo/
12767,Cogent Data Center - San Diego 3,"Cogent Communications, Inc.",Colocation,1402 K St,San Diego,92101,California,32.7086979,-117.1514773,https://www.datacentermap.com/usa/california/san-diego/cogent-data-center-san-diego-3/
1908,LightEdge - San Diego II,LightEdge,Colocation,9725 Scranton Road,San Diego,92121,California,32.897274,-117.201076,https://www.datacentermap.com/usa/california/san-diego/american-internet-services-sdtc/
1456,Lumen San Diego 1,Lumen,Colocation,8929 Aero Drive,San Diego,92123,California,32.809748,-117.135609,https://www.datacentermap.com/usa/california/san-diego/level3-san-diego/
5456,Lumen San Diego 2,Lumen,Colocation,8923 Complex Drive,San Diego,92123,California,32.829836,-117.134159,https://www.datacentermap.com/usa/california/san-diego/level3-san-diego2/
607,DataBank SNA1 - Irvine,DataBank,Colocation,17222 Von Karman Ave,Irvine,92614,California,33.6904376,-117.8405968,https://www.datacentermap.com/usa/california/irvine/latisys-irvine/
9168,DataBank SNA2 - Irvine,DataBank,Colocation,17400 Von Karman Ave,Irvine,92614,California,33.6878673,-117.8424155,https://www.datacentermap.com/usa/california/irvine/databank-sna2/
2426,IC2NET Irvine,"IC2NET, Inc.",Colocation,17836 Gillette Ave.,Irvine,92614,California,33.6871847,-117.8479195,https://www.datacentermap.com/usa/california/irvine/ic2net-tustin-data-center/
702,Aecero,Aecero,Colocation,2463 W La Palma Ave,Anaheim,92801,California,33.8486038,-117.970955,https://www.datacentermap.com/usa/california/irvine/streaming-media-hosting/
3722,Millennium Systems Inc,Millennium Systems,Colocation,580 Wald,Irvine,92618,California,33.6321588,-117.734101,https://www.datacentermap.com/usa/california/irvine/millennium-systems/
1781,Centersquare - Los Angeles LAX3-A,Centersquare,Colocation,17836 Gillette Ave.,Irvine,92614,California,33.68786210291935,-117.8474986553192,https://www.datacentermap.com/usa/california/irvine/cyxtera-lax3/
4729,SMS Datacenter,SMS Datacenter,Colocation,2525 Main Street,Irvine,92614,California,33.6831608,-117.8435413,https://www.datacentermap.com/usa/california/irvine/grupo-sms/
3687,Alchemy Irvine Data Center,"Dynascale, Inc.",Colocation,2640 Main St,Irvine,92614,California,33.6836599,-117.846467,https://www.datacentermap.com/usa/california/irvine/alchemynet/
2394,Cogent Data Center - Anaheim,"Cogent Communications, Inc.",Colocation,300 S Harbor Blvd.,Anaheim,92805,California,33.831584,-117.918,https://www.datacentermap.com/usa/california/irvine/cogent-anaheim/
10368,Cogent Data Center - Rialto,"Cogent Communications, Inc.",Colocation,282 S Sycamore Ave,Rialto,92376,California,34.0972546,-117.3670807,https://www.datacentermap.com/usa/california/irvine/cogent-data-center-rialto/
10369,Cogent Data Center - Anaheim 2,"Cogent Communications, Inc.",Colocation,1750 W Penhall Way,Anaheim,92801,California,33.8347733,-117.9453116,https://www.datacentermap.com/usa/california/irvine/cogent-data-center-anaheim-2/
614,Orange County Internet Exchange,Sangoma Technologies,Colocation,2001 E. Dyer Rd,Santa Ana,92705,California,33.707955,-117.844414,https://www.datacentermap.com/usa/california/irvine/orange-county-internet-exchange/
10952,TPx Santa Ana Data Center,TPx Communications,Colocation,2001 E Dyer Rd,Santa Ana,92705,California,33.7083825,-117.8439486,https://www.datacentermap.com/usa/california/irvine/tpx-santa-ana-data-center/
5280,Lumen Anaheim 1,Lumen,Colocation,2461 W. La Palma Avenue,Anaheim,92801,California,33.848418,-117.970955,https://www.datacentermap.com/usa/california/irvine/level3-anaheim1/
484,Data Canopy - Irvine,Data Canopy,Colocation,16842 Von Karman Ave,Irvine,92606,California,33.694874,-117.836955,https://www.datacentermap.com/usa/california/irvine/hosting-irvine/
8897,Unwired FAT1,unWired Broadband,Colocation,414 Bedford,Fresno,93711,California,36.8464008,-119.7994141,https://www.datacentermap.com/usa/california/fresno/unwired-fat1/
1391,Lumen Fresno 2,Lumen,Colocation,7576 N Del Mar Ave,Fresno,93711,California,36.847527,-119.795865,https://www.datacentermap.com/usa/california/fresno/twtc-fresno/
5332,Lumen Fresno 1,Lumen,Colocation,305 W. Napa Ave,Fresno,93706,California,36.747506,-119.8150478,https://www.datacentermap.com/usa/california/fresno/level3-fresno1/
1464,Lumen Tustin,Lumen,Colocation,14452 Franklin Avenue,Tustin,92780,California,33.717553,-117.806486,https://www.datacentermap.com/usa/california/tustin/level3-tustin/
2223,Astound Mountain View DC,Astound Business,Colocation,1555 Plymouth St,Mountain View,94043,California,37.41552,-122.08199,https://www.datacentermap.com/usa/california/mountain-view/layer42-networks/
2412,Digital West Data Center,Digital West Networks,Colocation,711 Tank Farm Rd,San Luis Obispo,93401,California,35.2481119,-120.6422232,https://www.datacentermap.com/usa/california/san-luis-obispo/sbp1/
8514,H5 Data Centers San Luis Obispo,H5 Data Centers,Colocation,3610 Sacramento Dr.,San Luis Obispo,93401,California,35.2557768,-120.6407522,https://www.datacentermap.com/usa/california/san-luis-obispo/h5-san-luis-obispo/
5460,Lumen San Luis Obispo 1,Lumen,Colocation,775 Capitolio Way,San Luis Obispo,93401,California,35.2567674,-120.6445067,https://www.datacentermap.com/usa/california/san-luis-obispo/level3-san-luis-obispo1/
5461,Lumen San Luis Obispo 2,Lumen,Colocation,254 Granada Drive,San Luis Obispo,93401,California,35.2516942,-120.6674506,https://www.datacentermap.com/usa/california/san-luis-obispo/level3-san-luis-obispo2/
601,Modesto City Tower,"Ayera Technologies, Inc.",Colocation,801 Tenth Street,Modesto,95354,California,37.638732,-120.998752,https://www.datacentermap.com/usa/california/modesto/ayera-city-tower/
5386,Lumen Modesto,Lumen,Colocation,1224 13th Street,Modesto,95354,California,37.645314,-121.0003818,https://www.datacentermap.com/usa/california/modesto/level3-modesto/
986,200 North Nash Street (LAX11),Digital Realty,Colocation,200 North Nash Street,El Segundo,90245,California,33.91773,-118.386525,https://www.datacentermap.com/usa/california/el-segundo/200-north-nash-street/
1040,Equinix LA4,Equinix,Colocation,445 N Douglas St,El Segundo,90245,California,33.9216329,-118.3840239,https://www.datacentermap.com/usa/california/el-segundo/equinix-el-segundo/
9640,Evocative LAX10,Evocative Data Centers,Colocation,2260 E El Segundo Blvd,El Segundo,90245,California,33.9156634,-118.38472,https://www.datacentermap.com/usa/california/el-segundo/evocative-lax10/
2748,AISO Solar Powered Data Center,AISO.Net,Colocation,25655 Louisa Lane,Romoland,92585,California,33.748108,-117.152151,https://www.datacentermap.com/usa/california/riverside/aisonet/
13986,Cogent Data Center - Palm Springs,"Cogent Communications, Inc.",Colocation,3601 N Indian Canyon Dr,Palm Springs,92262,California,33.8626098,-116.545928,https://www.datacentermap.com/usa/california/riverside/cogent-data-center-palm-springs/
588,Acorn Technology Services Data Center,Acorn Technology Services,Colocation,1960 Chicago Ave,Riverside,92507,California,33.993821,-117.347245,https://www.datacentermap.com/usa/california/riverside/marquisnet-riverside/
5442,Lumen Riverside 1,Lumen,Colocation,1550 Malborough Avenue,Riverside,92507,California,33.996958,-117.345705,https://www.datacentermap.com/usa/california/riverside/level3-riverside1/
1790,Lumen Emeryville 1,Lumen,Colocation,5000 Hollis Street,Emeryville,94608,California,37.835026,-122.286697,https://www.datacentermap.com/usa/california/emeryville/level3-5000-hollis/
1470,Lumen Oakland,Lumen,Colocation,1313 53rd Street,Emeryville,94608,California,37.836074,-122.287463,https://www.datacentermap.com/usa/california/emeryville/level3-oakland/
1007,3015 Winona Avenue (BUR10),Digital Realty,Colocation,3015 Winona Avenue,Burbank,91504,California,34.199474,-118.343964,https://www.datacentermap.com/usa/california/burbank/3015-winona-avenue/
2236,Impulse Goleta,Impulse Advanced Communications,Colocation,6144 Calle Real #200,Goleta,93117,California,34.4398876,-119.8348866,https://www.datacentermap.com/usa/california/goleta/goleta/
2021,Got.Net Santa Cruz,Got.Net,Colocation,303 Potrero St,Santa Cruz,95060,California,36.9821667,-122.0309843,https://www.datacentermap.com/usa/california/santa-cruz/gotnet/
13405,CalEthos Campus Site 2,"CalEthos, Inc.",Campus,W Sinclair Rd / E Hoober Rd,Calipatria,92233,California,33.172883,-115.531097,https://www.datacentermap.com/usa/california/el-centro/calethos-campus-site-2/
13399,CalEthos Campus Site 1,"CalEthos, Inc.",Campus,Hwy 111 & W Sinclair Road / E Hoober Rd,Calipatria,92233,California,33.172897,-115.52351,https://www.datacentermap.com/usa/california/el-centro/calethos-campus-site-1/
13409,CalEthos Site 2 - Building 4,"CalEthos, Inc.",Colocation,W Sinclair Rd,Calipatria,92233,California,33.175684,-115.533236,https://www.datacentermap.com/usa/california/el-centro/calethos-site-2-building-4/
13400,CalEthos Site 1 - Building 1,"CalEthos, Inc.",Colocation,Hwy 111 & E Hoober Rd,Calipatria,92233,California,33.169966,-115.521122,https://www.datacentermap.com/usa/california/el-centro/calethos-site-1-building-1/
13410,CalEthos Site 2 - Building 5,"CalEthos, Inc.",Colocation,W Sinclair Rd,Calipatria,92233,California,33.174775,-115.528657,https://www.datacentermap.com/usa/california/el-centro/calethos-site-2-building-5/
13402,CalEthos Site 1 - Building 3,"CalEthos, Inc.",Colocation,Hwy 111,Calipatria,92233,California,33.173859,-115.521122,https://www.datacentermap.com/usa/california/el-centro/calethos-site-1-building-3/
13408,CalEthos Site 2 - Building 3,"CalEthos, Inc.",Colocation,W Sinclair Rd,Calipatria,92233,California,33.173812,-115.533268,https://www.datacentermap.com/usa/california/el-centro/calethos-site-2-building-3/
13403,CalEthos Site 1 - Building 4,"CalEthos, Inc.",Colocation,Hwy 111 & W Sinclair Rd,Calipatria,92233,California,33.175724,-115.521158,https://www.datacentermap.com/usa/california/el-centro/calethos-site-1-building-4/
13406,CalEthos Site 2 - Building 1,"CalEthos, Inc.",Colocation,E Hoober Rd,Calipatria,92233,California,33.169935,-115.53319,https://www.datacentermap.com/usa/california/el-centro/calethos-site-2-building-1/
13407,CalEthos Site 2 - Building 2,"CalEthos, Inc.",Colocation,E Hoober Rd,Calipatria,92233,California,33.171876,-115.533262,https://www.datacentermap.com/usa/california/el-centro/calethos-site-2-building-2/
13404,CalEthos Site 1 - Building 5,"CalEthos, Inc.",Colocation,W Sinclair Rd,Calipatria,92233,California,33.174909,-115.525862,https://www.datacentermap.com/usa/california/el-centro/calethos-site-1-building-5/
13401,CalEthos Site 1 - Building 2,"CalEthos, Inc.",Colocation,Hwy 111,Calipatria,92233,California,33.171979,-115.521122,https://www.datacentermap.com/usa/california/el-centro/calethos-site-1-building-2/
12769,Cogent Data Center - Livermore,"Cogent Communications, Inc.",Colocation,8851 Manning Rd,Livermore,94551,California,37.7581321,-121.7982028,https://www.datacentermap.com/usa/california/hayward/cogent-data-center-livermore/
14013,STACK Infrastructure SVY03A,STACK INFRASTRUCTURE,Colocation,26203 Production Ave,Hayward,94545,California,37.6271174,-122.1191572,https://www.datacentermap.com/usa/california/hayward/stack-infrastructure-svy03a/
9498,Lumen Hayward 1,Lumen,Colocation,23965 Connecticut St,Hayward,94545,California,37.6384934,-122.1299872,https://www.datacentermap.com/usa/california/hayward/lumen-hayward-1/
11011,AT&T Hayward,AT&T Inc.,Colocation,221 W Winton Ave,Hayward,94544,California,37.66000243696476,-122.0969221441577,https://www.datacentermap.com/usa/california/hayward/att-hayward/
10374,Cogent Data Center - Stockton,"Cogent Communications, Inc.",Colocation,3807 Coronado Ave,Stockton,95204,California,37.9876188,-121.2887067,https://www.datacentermap.com/usa/california/stockton/cogent-data-center-stockton/
11447,Nautilus Stockton,Nautilus Data Technologies,Colocation,1002 Embarcadero,Stockton,95203,California,37.96522046144173,-121.3685587045894,https://www.datacentermap.com/usa/california/stockton/nautilus-stockton/
11769,Rowan Matterhorn,Rowan Digital Infrastructure,Colocation,19900 Byron Rd,Tracy,95391,California,37.79625437573112,-121.5547446388748,https://www.datacentermap.com/usa/california/stockton/rowan-matterhorn/
1384,Lumen Bakersfield 2,Lumen,Colocation,1430 Truxtun Ave,Bakersfield,93301,California,35.373399,-119.017953,https://www.datacentermap.com/usa/california/bakersfield/twtc-bakersfield/
5288,Lumen Bakerfield 1,Lumen,Colocation,2020 P. Street,Bakersfield,93311,California,35.37783,-119.011412,https://www.datacentermap.com/usa/california/bakersfield/level3-bakerfield1/
2237,Impulse Santa Barbara,Impulse Advanced Communications,Colocation,104 W Anapamu St,Santa Barbara,93101,California,34.4223644,-119.7062586,https://www.datacentermap.com/usa/california/santa-barbara/santa-barbara/
5462,Lumen Santa Barbara,Lumen,Colocation,122 Helena Ave,Santa Barbara,92101,California,34.414414,-119.690154,https://www.datacentermap.com/usa/california/santa-barbara/level3-santa-barbara/
8980,Centersquare - Los Angeles LAX4-A,Centersquare,Colocation,2301 W 120th St,Hawthorne,90250,California,33.92448928740774,-118.3210578715873,https://www.datacentermap.com/usa/california/hawthorne/evoque-hawthorne-lax1/
5374,Lumen Manchester 1,Lumen,Colocation,19700 State Hwy,Manchester,95459,California,38.9699164,-123.6869288,https://www.datacentermap.com/usa/california/manchester-ca/level3-manchester1/
5449,Lumen San Bernardino,Lumen,Colocation,5705 Industrial Parkway,San Bernardino,92407,California,34.1842015,-117.3544382,https://www.datacentermap.com/usa/california/san-bernardino/level3-san-bernardino/
1000,2323 Bryan Street (DFW10),Digital Realty,Colocation,2323 Bryan Street,Dallas,75201,Texas,32.7872116,-96.7942191,https://www.datacentermap.com/usa/texas/dallas/2323-bryan-street/
3252,4025 Midway Rd (DFW11),Digital Realty,Colocation,4025 Midway Rd,Carrollton,75007,Texas,33.021641,-96.844558,https://www.datacentermap.com/usa/texas/dallas/4025-midway/
1225,8435 Stemmons Freeway (DFW36),Digital Realty,Colocation,8435 Stemmons Freeway,Dallas,75247,Texas,32.8275321,-96.8737468,https://www.datacentermap.com/usa/texas/dallas/tel-x-dallas2/
3232,1232 Alma Road (DFW16),Digital Realty,Colocation,1232 Alma Road,Richardson,75081,Texas,32.966302,-96.715742,https://www.datacentermap.com/usa/texas/dallas/1232-alma/
8861,Centersquare - Dallas DFW3-A,Centersquare,Colocation,11830 Webb Chapel Rd.,Dallas,75234,Texas,32.91144626627915,-96.87124428217473,https://www.datacentermap.com/usa/texas/dallas/evoque-dal2/
7790,850 E. Collins Boulevard (DFW28),Digital Realty,Colocation,850 E. Collins Boulevard,Richardson,75081,Texas,32.9679639,-96.7137273,https://www.datacentermap.com/usa/texas/dallas/850-e-collins-boulevard/
3239,900 Quality Way (DFW17),Digital Realty,Colocation,900 Quality Way,Richardson,75081,Texas,32.9672275,-96.7133702,https://www.datacentermap.com/usa/texas/dallas/900-quality-way/
7795,1210 Integrity Drive (DFW18),Digital Realty,Colocation,1210 Integrity Drive,Richardson,75081,Texas,32.96641528,-96.71448144,https://www.datacentermap.com/usa/texas/dallas/1210-integrity-drive/
8862,Centersquare - Dallas DFW2-A,Centersquare,Colocation,900 Guardians Way,Dallas,75013,Texas,33.094894,-96.68325999999999,https://www.datacentermap.com/usa/texas/dallas/evoque-dal1/
7784,1215 Integrity Drive (DFW25),Digital Realty,Colocation,1215 Integrity Drive,Richardson,75081,Texas,32.96451597,-96.71448144,https://www.datacentermap.com/usa/texas/dallas/1215-integrity-drive/
2943,Cologix DAL1,Cologix,Colocation,1950 N. Stemmons Fwy,Dallas,75207,Texas,32.799962,-96.820615,https://www.datacentermap.com/usa/texas/dallas/cologix-infomart/
9393,Cologix DAL3,Cologix,Colocation,1950 North Stemmons Freeway,Dallas,75207,Texas,32.800748,-96.819412,https://www.datacentermap.com/usa/texas/dallas/cologix-dal3/
9392,Cologix DAL2,Cologix,Colocation,1950 North Stemmons Freeway,Dallas,75207,Texas,32.800748,-96.819412,https://www.datacentermap.com/usa/texas/dallas/cologix-dal2/
6606,Stream DC DFW VII - Garland	,Stream Data Centers,Colocation,1813 Lookout Drive,Garland,75044,Texas,33.0831241,-96.8089721,https://www.datacentermap.com/usa/texas/dallas/dfw-garland/
7792,950 E. Collins Boulevard (DFW29),Digital Realty,Colocation,950 E. Collins Boulevard,Richardson,75081,Texas,32.9672132,-96.7106402,https://www.datacentermap.com/usa/texas/dallas/950-e-collins-boulevard/
1011,2440 Marsh Lane (DFW12),Digital Realty,Colocation,2440 Marsh Lane,Carrollton,75006,Texas,32.9799672,-96.8534887,https://www.datacentermap.com/usa/texas/dallas/2440-marsh-lane/
971,4849 Alpha Road (DFW14),Digital Realty,Colocation,4849 Alpha Road,Dallas,75244,Texas,32.93394,-96.827985,https://www.datacentermap.com/usa/texas/dallas/4849-alpha-road/
8401,907 Security Row (DFW35),Digital Realty,Colocation,907 Security Row,Richardson,75081,Texas,32.9642249,-96.711535,https://www.datacentermap.com/usa/texas/dallas/907-security-row/
7371,Hivelocity - Dallas 1,Hivelocity,Colocation,1515 Round Table Dr,Dallas,75247,Texas,32.8379674,-96.878352,https://www.datacentermap.com/usa/texas/dallas/hivelocity-carrier1/
1086,Flexential Dallas - Downtown Data Center,Flexential,Colocation,1950 Stemmons Freeway,Dallas,75207,Texas,32.799962,-96.820615,https://www.datacentermap.com/usa/texas/dallas/flexential-dallas-downtown/
2213,Flexential Dallas - Plano Data Center,Flexential,Colocation,3500 E Plano Pkwy,Plano,75074,Texas,33.0080247,-96.6665125,https://www.datacentermap.com/usa/texas/dallas/flexential-plano/
11706,908 Quality Way (DFW20),Digital Realty,Colocation,908 Quality Way,Richardson,75081,Texas,32.966215,-96.7099901,https://www.datacentermap.com/usa/texas/dallas/908-quality-way-dfw20/
11924,904 Quality Way (DFW21),Digital Realty,Colocation,904 Quality Way,Richardson,75081,Texas,32.96624917268467,-96.71115026551631,https://www.datacentermap.com/usa/texas/dallas/904-quality-way-dfw21/
5039,Flexential Dallas - Richardson Data Center,Flexential,Colocation,3010 Waterview Parkway,Richardson,75080,Texas,32.9943532,-96.756215,https://www.datacentermap.com/usa/texas/dallas/flexential-richardson/
7785,2501 S. State Highway 121 (DFW26),Digital Realty,Colocation,2501 S. State Highway 121,Lewisville,75056,Texas,33.0533231,-96.9173431,https://www.datacentermap.com/usa/texas/dallas/2501-s-state-highway-121/
12324,Digital Realty Garland Campus,Digital Realty,Campus,1702 W Campbell Rd / 1502 Ferris Rd / 1505 Ferris Rd,Garland,75044,Texas,32.977103,-96.650478,https://www.datacentermap.com/usa/texas/dallas/digital-realty-garland-campus/
11925,Datacenter Park - Dallas,Digital Realty,Campus,900-908 Quality Way,Richardson,75081,Texas,32.96608457497533,-96.71216817582877,https://www.datacentermap.com/usa/texas/dallas/datacenter-park-dallas/
11759,Stream DC DFW-VIII - Wilmer,Stream Data Centers,Colocation,60 Sunrise Road,Wilmer,75146,Texas,32.5873436,-96.7048638,https://www.datacentermap.com/usa/texas/dallas/stream-dc-dfw-viii-wilmer/
12325,1702 W Campbell Rd,Digital Realty,Colocation,1702 W Campbell Rd,Garland,75044,Texas,32.977103,-96.650478,https://www.datacentermap.com/usa/texas/dallas/1702-w-campbell-rd/
12327,1502 Ferris Rd,Digital Realty,Colocation,1502 Ferris Rd,Garland,75044,Texas,32.9742907,-96.64939869999999,https://www.datacentermap.com/usa/texas/dallas/1502-ferris-rd/
12326,1505 Ferris Rd,Digital Realty,Colocation,1505 Ferris Rd,Garland,75044,Texas,32.974884,-96.6509725,https://www.datacentermap.com/usa/texas/dallas/1505-ferris-rd/
6395,NTT Dallas TX1,NTT Global Data Centers,Colocation,2008 Lookout Drive,Garland,75044,Texas,32.981173,-96.6563479,https://www.datacentermap.com/usa/texas/dallas/ragingwire-dallas-tx1/
5000,Prime Dallas Data Center Campus,Prime Data Centers,Campus,1515 Round Table,Dallas,75247,Texas,32.837943,-96.878977,https://www.datacentermap.com/usa/texas/dallas/carrier1/
4433,CyrusOne DFW1 - Carrollton,CyrusOne Data Centers,Colocation,1649 Frankfort Road West,Carrollton,75007,Texas,32.9940835,-96.9314096,https://www.datacentermap.com/usa/texas/dallas/cyrusone-carrolton/
14327,"IRVING-TX (Dallas, Texas)",Cloudnium LLC.,Colocation,6001 W Campus Circle,Irving city,75063,Texas,32.8933566,-96.9802641,https://www.datacentermap.com/usa/texas/dallas/irving-tx-dallas-texas/
9427,CyrusOne DFW3 - Allen,CyrusOne Data Centers,Colocation,2300 Chelsea Blvd,Allen,75013,Texas,33.140293,-96.659802,https://www.datacentermap.com/usa/texas/dallas/cyrusone-dfw3/
1045,Equinix DA1,Equinix,Colocation,1950 North Stemmons Freeway,Dallas,75207,Texas,32.800748,-96.819412,https://www.datacentermap.com/usa/texas/dallas/equinix-dallas/
11804,Prime Dallas - Data Center 1,Prime Data Centers,Colocation,1515 Round Table,Dallas,75247,Texas,32.8379029,-96.8784099,https://www.datacentermap.com/usa/texas/dallas/prime-dallas-dc1/
9045,Equinix DA6,Equinix,Colocation,1950 North Stemmons Freeway,Dallas,75207,Texas,32.80139,-96.81953,https://www.datacentermap.com/usa/texas/dallas/equinix-da6/
2740,DataBank DFW1 - Downtown Dallas,DataBank,Colocation,400 S Akard St,Dallas,75202,Texas,32.7782583,-96.7987576,https://www.datacentermap.com/usa/texas/dallas/databank/
11105,H5Colo  Inc.,H5 Colo Inc.,Colocation,12712 Park Central Dr,Dallas,75251,Texas,32.9215006,-96.7765026,https://www.datacentermap.com/usa/texas/dallas/h5-colo-dallas/
767,TierPoint Dallas,TierPoint,Colocation,3004 Irving Blvd,Dallas,75247,Texas,32.808607,-96.857145,https://www.datacentermap.com/usa/texas/dallas/colo4dallas/
3555,CoreSpace Dallas Data Center,"CoreSpace, Inc.",Colocation,7505 John W Carpenter Freeway,Dallas,75247,Texas,32.8175159,-96.8730838,https://www.datacentermap.com/usa/texas/dallas/corespace/
4943,Alpha Data Center,M&A Technology Inc.,Colocation,4407 Alpha Road,Dallas,75244,Texas,32.9334999,-96.8346108,https://www.datacentermap.com/usa/texas/dallas/alpha-data-center/
2976,CyrusOne DFW2 - Lewsiville,CyrusOne Data Centers,Colocation,2501 S. State Hwy 121 Business,Lewsiville,75067,Texas,33.0010876,-96.9963813,https://www.datacentermap.com/usa/texas/dallas/dallas-technology-center/
6592,Tierpoint Dallas-Allen,TierPoint,Colocation,820 Allen Commerce Parkway,Allen,75013,Texas,33.1379111,-96.6573764,https://www.datacentermap.com/usa/texas/dallas/tierpoint-dallas-allen/
9048,Equinix DA11,Equinix,Colocation,1990 North Stemmons Freeway,Dallas,75207,Texas,32.80131573122965,-96.82107483476483,https://www.datacentermap.com/usa/texas/dallas/equinix-da11/
4830,Equinix DA2,Equinix,Colocation,1950 North Stemmons Freeway,Dallas,75207,Texas,32.800748,-96.819412,https://www.datacentermap.com/usa/texas/dallas/equinix-da2/
9418,TierPoint Dallas - Fort Worth,TierPoint,Colocation,13701 Independence,Fort Worth,76177,Texas,32.9796568,-97.2523056,https://www.datacentermap.com/usa/texas/dallas/tierpoint-dallas-fort-worth/
11805,Prime Dallas - Data Center 2,Prime Data Centers,Colocation,1517 Round Table,Dallas,75247,Texas,32.8379375,-96.8783504,https://www.datacentermap.com/usa/texas/dallas/prime-dallas-dc2/
3286,Evocative DAL6,Evocative Data Centers,Colocation,1221 Coit Road,Plano,75075,Texas,33.015681,-96.768421,https://www.datacentermap.com/usa/texas/dallas/internap-dallas/
3860,DataBank DFW2 - North Dallas,DataBank,Colocation,904 Quality Way,Dallas,75801,Texas,32.9662417,-96.7111853,https://www.datacentermap.com/usa/texas/dallas/databank-north-dallas/
677,VAZATA Dallas I,VAZATA,Colocation,4025 Midway Road,Carrollton,75007,Texas,33.0216679,-96.844884,https://www.datacentermap.com/usa/texas/dallas/4025-midway-road/
1510,Equinix DA3,Equinix,Colocation,1950 North Stemmons Freeway,Dallas,75207,Texas,32.800748,-96.819412,https://www.datacentermap.com/usa/texas/dallas/switch-data-dallas3/
9216,Aligned DFW-01,Aligned Data Centers,Colocation,2800 Summit Avenue,Plano,75074,Texas,33.00925386771512,-96.67645229118939,https://www.datacentermap.com/usa/texas/dallas/aligned-dfw-01/
3767,Cogent Data Center - Dallas,"Cogent Communications, Inc.",Colocation,400 S. Akard St,Dallas,75202,Texas,32.77825,-96.798971,https://www.datacentermap.com/usa/texas/dallas/cogent-dallas1/
3788,DataBank DFW5 - Dallas Infomart,DataBank,Colocation,1950 Stemmons Fwy,Dallas,75207,Texas,32.8008903,-96.819549,https://www.datacentermap.com/usa/texas/dallas/zcolo-1950-stemmons/
13353,VAZATA McKinney,VAZATA,Colocation,1720 Bray Central Dr,McKinney,75069,Texas,33.2234718596891,-96.62861982204292,https://www.datacentermap.com/usa/texas/dallas/vazata-mckinney/
7085,Evocative DAL1,Evocative Data Centers,Colocation,2800 Summit Ave,Plano,75074,Texas,33.0092949,-96.6764342,https://www.datacentermap.com/usa/texas/dallas/da1-evocative-data-center/
2264,Provision Data Services,Provision Data Services,Colocation,2020 Live Oak,Dallas,75201,Texas,32.784034,-96.794691,https://www.datacentermap.com/usa/texas/dallas/2020-livve-oak/
609,Serverphase Data Center,M&A Technology Inc.,Colocation,2045 Chenault Drive,Carrollton,75006,Texas,32.964129,-96.8456337,https://www.datacentermap.com/usa/texas/dallas/serverphase-com/
9669,DataBank DFW3 - Plano,DataBank,Colocation,8375 Dominion Pkwy,Plano,75024,Texas,33.0877012,-96.815196,https://www.datacentermap.com/usa/texas/dallas/databank-dfw3-plano/
4958,DataBank DFW6 - Dallas Love Field,DataBank,Colocation,8600 Harry Hines Blvd,Dallas,75235,Texas,32.8381869,-96.865387,https://www.datacentermap.com/usa/texas/dallas/zcolo-harry-hines/
9178,DataBank DFW4 - Dallas Empire,DataBank,Colocation,1100 Empire Central Place,Dallas,75247,Texas,32.82179,-96.87368,https://www.datacentermap.com/usa/texas/dallas/databank-dfw4/
10051,Rackspace Dallas 2,Rackspace Hosting,Colocation,1215 Integrity Drive,Richardson,75081,Texas,32.9648228,-96.715786,https://www.datacentermap.com/usa/texas/dallas/rackspace-dallas-2/
2111,DataBank DFW7 - Dallas LBJ,DataBank,Colocation,6606 Lyndon B Johnson Fwy,Dallas,75240,Texas,32.9227996,-96.791397,https://www.datacentermap.com/usa/texas/dallas/nd-itg/
1135,365 Data Centers - Richardson,365 Data Centers,Colocation,1001 East Campbell Road,Richardson,75081,Texas,32.975391,-96.707766,https://www.datacentermap.com/usa/texas/dallas/vericenter-richardson/
6504,ColoCrossing DFW1,ColoCrossing,Colocation,3004 Irving Blvd,Dallas,75247,Texas,32.8079815,-96.8573625,https://www.datacentermap.com/usa/texas/dallas/colocrossing-dfw1/
9046,Equinix DA7,Equinix,Colocation,6653 Pinecrest Dr,Plano,75024,Texas,33.06485,-96.81098,https://www.datacentermap.com/usa/texas/dallas/equinix-da7/
11008,ScaleMatrix Dallas,ScaleMatrix,Colocation,820 Allen Commerce Pkwy,Allen,75013,Texas,33.138618,-96.657387,https://www.datacentermap.com/usa/texas/dallas/scalematrix-dallas-us-south-01/
8959,ColoHouse Dallas,ColoHouse,Colocation,1649 West Frankford Road,Dallas,75007,Texas,32.9918474,-96.9300035,https://www.datacentermap.com/usa/texas/dallas/colohouse-dallas/
13737,Resilience DFW,Overwatch Capital,Colocation,6815 Communications Pkwy,Plano,75024,Texas,33.06900460000001,-96.8335535,https://www.datacentermap.com/usa/texas/dallas/resilience-dfw/
9035,Infomart Dallas,Equinix,Building,1950 N. Stemmons Freeway,Dallas,75207,Texas,32.80088131794157,-96.81948172023762,https://www.datacentermap.com/usa/texas/dallas/infomart/
10090,QTS Irving Campus,QTS Data Centers,Campus,6431 Longhorn Drive,Irving,75063,Texas,32.8970897,-96.98299329999999,https://www.datacentermap.com/usa/texas/dallas/qts-irving-campus/
1504,Equinix DA4,Equinix,Colocation,2323 Bryan St,Dallas,75201,Texas,32.7872315,-96.794157,https://www.datacentermap.com/usa/texas/dallas/switch-data-dallas1/
618,GIPNetworks Plano,Plano Data Center | Global IP Networks,Colocation,1009 Jupiter Rd,Plano,75074,Texas,33.0122573,-96.68313,https://www.datacentermap.com/usa/texas/dallas/gipnetworks-plano/
2075,VAZATA Dallas II,VAZATA,Colocation,2440 Marsh Lane,Carrollton,75007,Texas,32.980144,-96.8534425,https://www.datacentermap.com/usa/texas/dallas/hdcs-dallas-ii/
9047,Equinix DA9,Equinix,Colocation,2222 East Grauwyler Road,Irving,75061,Texas,32.83018080944302,-96.91276388701245,https://www.datacentermap.com/usa/texas/dallas/equinix-da9/
6051,24 Hour Data Plano,24 Hour Data,Colocation,811 E Plano Pkwy,Plano,75074,Texas,33.0079997,-96.7020342,https://www.datacentermap.com/usa/texas/dallas/24hour-plano/
11125,Edged Dallas,Edged Energy,Colocation,505 N Wildwood Dr,Irving,75061,Texas,32.8176612647803,-96.91798622983698,https://www.datacentermap.com/usa/texas/dallas/edged-dallas/
14020,NTT Dallas TX2,NTT Global Data Centers,Colocation,2108 Lookout Drive,Garland,75044,Texas,32.98091332334657,-96.65796467932533,https://www.datacentermap.com/usa/texas/dallas/ntt-dallas-tx2/
11741,CoreWeave Plano,CoreWeave,Colocation,1000 Coit Rd,Plano,75075,Texas,33.0137124,-96.7656859,https://www.datacentermap.com/usa/texas/dallas/coreweave-plano/
14023,NTT Dallas TX4,NTT Global Data Centers,Colocation,2008 Lookout Drive,Garland,75044,Texas,32.97929485417194,-96.65827002302817,https://www.datacentermap.com/usa/texas/dallas/ntt-dallas-tx4/
14021,NTT Dallas TX3,NTT Global Data Centers,Colocation,2080 Lookout Drive,Garland,75044,Texas,32.98107292264174,-96.65937534468475,https://www.datacentermap.com/usa/texas/dallas/ntt-dallas-tx3/
11487,KDC Richardson,KDC,Colocation,1510 E Lookout Dr,Richardson,75082,Texas,32.98421,-96.696395,https://www.datacentermap.com/usa/texas/dallas/kdc-richardson/
9217,Aligned DFW-02,Aligned Data Centers,Colocation,2800 Summit Avenue,Plano,75074,Texas,33.00925386771512,-96.67645229118939,https://www.datacentermap.com/usa/texas/dallas/aligned-dfw-02/
12390,ServerMania Dallas Data Center,ServerMania Inc,Colocation,3000 Irving Blvd,Dallas,75247,Texas,32.8081104,-96.85704240000001,https://www.datacentermap.com/usa/texas/dallas/servermania-dallas-data-center/
10358,Cogent Data Center - Irving,"Cogent Communications, Inc.",Colocation,2511 E Grauwyler Rd,Irving,75061,Texas,32.8314235,-96.90691079999999,https://www.datacentermap.com/usa/texas/dallas/cogent-data-center-irving/
10188,Neutron Data Center,M&A Technology Inc.,Colocation,13616 Neutron Road,Dallas,75244,Texas,32.9338507,-96.8345112,https://www.datacentermap.com/usa/texas/dallas/neutron-data-center/
5554,Epic.io Dallas Data Center,Epic.io,Colocation,1526 Viceroy Dr,Dallas,75235,Texas,32.8339448,-96.8699043,https://www.datacentermap.com/usa/texas/dallas/epic-servers/
10360,Cogent Data Center - Fort Worth,"Cogent Communications, Inc.",Colocation,1400 E Presidio St,Fort Worth,76102,Texas,32.7444147,-97.3143033,https://www.datacentermap.com/usa/texas/dallas/cogent-data-center-fort-worth/
11552,5CDC Dallas-Fort Worth - DFW01,5C Group Inc.,Colocation,1201 John Burgess Dr,Fort Worth,76140,Texas,32.6361796,-97.3086258,https://www.datacentermap.com/usa/texas/dallas/5cdc-dallas-fort-worth-dfw01/
529,Enterhost Data Center,Consuro Managed Technology,Colocation,801 Cherry Street,Fort Worth,76102,Texas,32.7506332,-97.3345469,https://www.datacentermap.com/usa/texas/dallas/enterhost/
10846,STACK Infrastructure DFW02 Campus,STACK INFRASTRUCTURE,Campus,E Belt Line Road,Lancaster,75146,Texas,32.582147,-96.733688,https://www.datacentermap.com/usa/texas/dallas/stack-infrastructure-dfw02-campus/
12719,DataBank DFW10 - Red Oak,DataBank,Colocation,Batchler Rd & Stainback Rd,Red Oak,75154,Texas,32.53822982372741,-96.73334154538071,https://www.datacentermap.com/usa/texas/dallas/databank-dfw10-red-oak/
14663,DataBank DFW8 - Plano,DataBank,Colocation,8375 Dominion Pkwy,Plano,75024,Texas,33.0877452,-96.81518779999999,https://www.datacentermap.com/usa/texas/dallas/databank-dfw8-plano/
11726,DataBank DFW9 - Red Oak,DataBank,Colocation,Batchler Rd & Stainback Rd,Red Oak,75154,Texas,32.53647172056652,-96.73179787026952,https://www.datacentermap.com/usa/texas/dallas/databank-dfw9/
7097,QTS Fort Worth 1 DC1,QTS Data Centers,Colocation,14100 Park Vista Boulevard,Fort Worth,76177,Texas,32.9889302,-97.2590413,https://www.datacentermap.com/usa/texas/dallas/qts-fort-worth/
9606,STACK Infrastructure DFW01A,STACK INFRASTRUCTURE,Colocation,6653 Pinecrest Dr,Plano,75024,Texas,33.0649358,-96.81065029999999,https://www.datacentermap.com/usa/texas/dallas/stack-infrastructure-dfw01a/
9607,STACK Infrastructure DFW01B,STACK INFRASTRUCTURE,Colocation,6715 Pinecrest Dr,Plano,75024,Texas,33.06651070000001,-96.809855,https://www.datacentermap.com/usa/texas/dallas/stack-infrastructure-dfw01b/
7098,QTS Irving DC1 & DC2,QTS Data Centers,Colocation,6431 Longhorn Drive,Irving,75063,Texas,32.8971519,-96.9830628,https://www.datacentermap.com/usa/texas/dallas/qts-irving/
11653,1000 Coit Road,Lincoln Rackhouse,Colocation,1000 Coit Rd,Plano,75075,Texas,33.01502307664025,-96.76480828117784,https://www.datacentermap.com/usa/texas/dallas/1000-coit-road/
8609,Tier.Net Dallas Data Center,TierNet,Colocation,1515 Round Table Dr,Dallas,75247,Texas,32.8379854,-96.8784163,https://www.datacentermap.com/usa/texas/dallas/tiernet/
14759,Riot Platforms Corsicana,"Riot Platforms, Inc.",Enterprise,6980 Farm to Market Rd 709,Corsicana,75110,Texas,31.96760867943397,-96.51371067756611,https://www.datacentermap.com/usa/texas/dallas/riot-platforms-corsicana/
12765,Cogent Data Center - Dallas 2,"Cogent Communications, Inc.",Colocation,146 Parkhouse St,Dallas,75207,Texas,32.783592,-96.8181901,https://www.datacentermap.com/usa/texas/dallas/cogent-data-center-dallas-2/
4434,CyrusOne Dallas (Downtown),CyrusOne Data Centers,Colocation,2323 Bryan Street,Dallas,75201,Texas,32.787277,-96.7942734,https://www.datacentermap.com/usa/texas/dallas/cyrusone-dallas-downtown/
9956,Skybox Legacy Campus,Skybox Datacenters,Campus,6800 Communications Pkwy,Plano,75075,Texas,33.069045,-96.835727,https://www.datacentermap.com/usa/texas/dallas/skybox-legacy-campus/
9596,Skybox Atlantic Station,Skybox Datacenters,Colocation,2300 W Plano Pkwy,Plano,75075,Texas,33.00489908291909,-96.74130636827019,https://www.datacentermap.com/usa/texas/dallas/skybox-atlantic-station/
12723,CyrusOne DFW10 - Whitney,CyrusOne Data Centers,Colocation,557 County Rd 3610,Whitney,76692,Texas,31.8566055,-97.3555729,https://www.datacentermap.com/usa/texas/dallas/cyrusone-dfw10-whitney/
10849,STACK Infrastructure DFW02C,STACK INFRASTRUCTURE,Colocation,E Belt Line Road,Lancaster,75146,Texas,32.582147,-96.733688,https://www.datacentermap.com/usa/texas/dallas/stack-infrastructure-dfw02c/
10852,STACK Infrastructure DFW02F,STACK INFRASTRUCTURE,Colocation,E Belt Line Road,Lancaster,75146,Texas,32.58494887999717,-96.73123538798204,https://www.datacentermap.com/usa/texas/dallas/stack-infrastructure-dfw02f/
11145,Consolidated Dallas,Consolidated Communications,Colocation,400 S Akard St,Dallas,75202,Texas,32.7782042,-96.7989116,https://www.datacentermap.com/usa/texas/dallas/consolidated-dallas/
10848,STACK Infrastructure DFW02B,STACK INFRASTRUCTURE,Colocation,E Belt Line Road,Lancaster,75146,Texas,32.582147,-96.733688,https://www.datacentermap.com/usa/texas/dallas/stack-infrastructure-dfw02b/
11616,Core Scientific Denton,Core Scientific,Colocation,8171 Jim Christal Rd,Denton,76207,Texas,33.21317878448416,-97.21073906115087,https://www.datacentermap.com/usa/texas/dallas/core-scientific-denton/
10851,STACK Infrastructure DFW02E,STACK INFRASTRUCTURE,Colocation,E Belt Line Road,Lancaster,75146,Texas,32.582147,-96.733688,https://www.datacentermap.com/usa/texas/dallas/stack-infrastructure-dfw02e/
10850,STACK Infrastructure DFW02D,STACK INFRASTRUCTURE,Colocation,E Belt Line Road,Lancaster,75146,Texas,32.582147,-96.733688,https://www.datacentermap.com/usa/texas/dallas/stack-infrastructure-dfw02d/
10847,STACK Infrastructure DFW02A,STACK INFRASTRUCTURE,Colocation,E Belt Line Road,Lancaster,75146,Texas,32.582147,-96.733688,https://www.datacentermap.com/usa/texas/dallas/stack-infrastructure-dfw02a/
9957,Skybox PowerCampus Dallas,Skybox Datacenters,Campus,Old Red Oak Rd,Lancaster,75146,Texas,32.5721825,-96.7647927,https://www.datacentermap.com/usa/texas/dallas/skybox-powercampus-dallas/
13624,Aligned DFW-03,Aligned Data Centers,Colocation,3801 Britton Rd,Mansfield,76063,Texas,32.55002,-97.07486,https://www.datacentermap.com/usa/texas/dallas/aligned-dfw-03/
14022,NTT Garland Campus,NTT Global Data Centers,Campus,2008-2108 Lookout Drive,Garland,75044,Texas,32.97977494059143,-96.65752147145662,https://www.datacentermap.com/usa/texas/dallas/ntt-garland-campus/
12752,CyrusOne DFW6 - Richardson,CyrusOne Data Centers,Colocation,1510 E Lookout Dr,Richardson,75082,Texas,32.98421,-96.696395,https://www.datacentermap.com/usa/texas/dallas/cyrusone-dfw6-richardson/
12967,Lincoln Red Oak Campus,Lincoln Rackhouse,Campus,Loop 9,Red Oak,75154,Texas,32.54820407376008,-96.7365274055939,https://www.datacentermap.com/usa/texas/dallas/lincoln-red-oak-campus/
10093,QTS Irving DC3,QTS Data Centers,Colocation,6351 Longhorn Drive,Irving,75063,Texas,32.8951994,-96.9812764,https://www.datacentermap.com/usa/texas/dallas/qts-irving-dfw1-dc3/
3653,Centersquare - Dallas DFW1,Centersquare,Colocation,14901 FAA Blvd,Fort Worth,76155,Texas,32.832079,-97.041209,https://www.datacentermap.com/usa/texas/dallas/cyxtera-dfw1/
10031,Google Midlothian Data Center,Google,Hyperscaler,3800 Railport Pkwy,Midlothian,76065,Texas,32.442994,-97.048836,https://www.datacentermap.com/usa/texas/dallas/google-midlothian/
5599,Psychz Dallas,Psychz Networks,Colocation,1515 Roundtable Dr,Dallas,75457,Texas,32.8379432,-96.8784225,https://www.datacentermap.com/usa/texas/dallas/psychz-central/
3789,DataBank - 2323 Bryan St,DataBank,Colocation,2323 Bryan St,Dallas,75201,Texas,32.7872314,-96.794157,https://www.datacentermap.com/usa/texas/dallas/zcolo-2323-bryan/
12333,CyrusOne DFW7 - Fort Worth,CyrusOne Data Centers,Colocation,Asphalt Dr,Fort Worth,76179,Texas,32.9017657,-97.3939398,https://www.datacentermap.com/usa/texas/dallas/cyrusone-dfw7-fort-worth/
6537,365 Data Centers - Dallas,365 Data Centers,Colocation,2323 Bryan St.,Dallas,75201,Texas,32.7872116,-96.7942191,https://www.datacentermap.com/usa/texas/dallas/atlantic-metro-dfw2/
10227,Windstream Dallas,Windstream,Colocation,600 N Pearl St,Dallas,75201,Texas,32.7873435,-96.79532870000001,https://www.datacentermap.com/usa/texas/dallas/windstream-dallas/
14781,DataBank Red Oak Campus,DataBank,Campus,Batchler Rd & Stainback Rd,Red Oak,75154,Texas,32.53853258755624,-96.73583567482638,https://www.datacentermap.com/usa/texas/dallas/databank-red-oak-campus/
14779,DataBank DFW11 - Red Oak,DataBank,Colocation,Batchler Rd & Stainback Rd,Red Oak,75154,Texas,32.537376,-96.735999,https://www.datacentermap.com/usa/texas/dallas/databank-dfw11-red-oak/
10004,Meta Fort Worth Data Center,Meta,Hyperscaler,4500 Like Way,Fort Worth,76177,Texas,32.9861457,-97.254508,https://www.datacentermap.com/usa/texas/dallas/meta-fort-worth-data-center/
12321,QTS South Dallas DC1,QTS Data Centers,Colocation,303 Mason Rd,Lancaster,75146,Texas,32.5872327,-96.6964684,https://www.datacentermap.com/usa/texas/dallas/qts-lancaster/
14780,DataBank DFW12 - Red Oak,DataBank,Colocation,Batchler Rd & Stainback Rd,Red Oak,75154,Texas,32.539461,-96.736368,https://www.datacentermap.com/usa/texas/dallas/databank-dfw12-red-oak/
14362,QTS South Dallas Campus,QTS Data Centers,Campus,303 Mason Rd,Lancaster,75146,Texas,32.5872452,-96.696468,https://www.datacentermap.com/usa/texas/dallas/qts-south-dallas-campus/
14561,Project Annie,Soluna Computing,Colocation,4210 Old Bonham Rd,Paris,75460,Texas,33.64728136711334,-95.61358402834004,https://www.datacentermap.com/usa/texas/dallas/project-annie/
14361,QTS South Dallas DC3,QTS Data Centers,Colocation,303 Mason Rd,Lancaster,75146,Texas,32.5872452,-96.696468,https://www.datacentermap.com/usa/texas/dallas/qts-south-dallas-dc3/
1956,Mobius Partners - Farmers Branch,Mobius Partners,Colocation,4215 N. Beltwood Pkwy,Farmers Branch,75244,Texas,32.94838238646067,-96.83694771432783,https://www.datacentermap.com/usa/texas/dallas/irving-location/
14360,QTS South Dallas DC2,QTS Data Centers,Colocation,303 Mason Rd,Lancaster,75146,Texas,32.5872452,-96.696468,https://www.datacentermap.com/usa/texas/dallas/qts-south-dallas-dc2/
14247,LightEdge - Dallas,LightEdge,Colocation,2501 State Hwy 121,Lewisville,75067,Texas,32.99997937812719,-96.99752381742981,https://www.datacentermap.com/usa/texas/dallas/lightedge-dallas/
11761,Compass Red Oak - 300 Houston School Rd,Compass Datacenters,Colocation,300 Houston School Rd,Red Oak,75154,Texas,32.536167,-96.805092,https://www.datacentermap.com/usa/texas/dallas/compass-red-oak/
9215,Plano Campus,Aligned Data Centers,Campus,2800 Summit Avenue,Plano,75074,Texas,33.00925386771512,-96.67645229118939,https://www.datacentermap.com/usa/texas/dallas/plano-campus/
1457,Lumen Dallas,Lumen,Colocation,3180 Irving Blvd.,Dallas,75247,Texas,32.80786,-96.868027,https://www.datacentermap.com/usa/texas/dallas/level3-dallas/
9496,Lumen Fort Worth 2,Lumen,Colocation,1101 E 9th St,Fort Worth,76102,Texas,32.7554722,-97.3215952,https://www.datacentermap.com/usa/texas/dallas/lumen-fort-worth-2/
11207,PowerHouse Irving Campus,PowerHouse Data Centers,Campus,111 Customer Way,Irving,75039,Texas,32.8882476,-96.9400366,https://www.datacentermap.com/usa/texas/dallas/powerhouse-irving/
5937,Eonix Communications Dallas,Eonix Communications Inc,Colocation,1515 Round Table Drive,Dallas,75207,Texas,32.88311910874472,-96.89855575561523,https://www.datacentermap.com/usa/texas/dallas/eonix-dallas/
5862,NocRoom Dallas Colocation and VPS,NocRoom Miami Colocation VPS,Colocation,33004 Irving Blvd,Dallas,75247,Texas,32.8089841,-96.8741868,https://www.datacentermap.com/usa/texas/dallas/nocroom-dallas-colocation-and-vps/
11745,Cisco Allen Data Center,Cisco Systems,Colocation,2260 Chelsea Blvd,Allen,75013,Texas,33.1359005,-96.6610056,https://www.datacentermap.com/usa/texas/dallas/cisco-allen/
1749,LOGIX Fort Worth,LOGIX FIBER NETWORKS,Colocation,307-309 West 7th St,Fort Worth,76102,Texas,32.7516829,-97.3319447,https://www.datacentermap.com/usa/texas/dallas/alpheus-fort-worth/
4344,LOGIX Dallas #1,LOGIX FIBER NETWORKS,Colocation,2323 Bryan St,Dallas,75201,Texas,32.786935,-96.794059,https://www.datacentermap.com/usa/texas/dallas/alpheus-dallas1/
5110,LOGIX Dallas #2,LOGIX FIBER NETWORKS,Colocation,2914 Taylor Street,Dallas,75226,Texas,32.781369,-96.780859,https://www.datacentermap.com/usa/texas/dallas/alpheus-dallas2/
11746,Cisco Richardson Data Center,Cisco Systems,Colocation,2300 E President George Bush Hwy,Richardson,75082,Texas,32.9999273,-96.6789036,https://www.datacentermap.com/usa/texas/dallas/cisco-richardson-data-center/
6563,Lunavi Dallas,Lunavi,Colocation,"1950 North Stemmons, Fwy",Dallas,75207,Texas,32.8009267,-96.8195058,https://www.datacentermap.com/usa/texas/dallas/ghd-dallas/
5831,ATOS Dallas Data Center,Atos Group,Colocation,2323 Bryan Street,Dallas,75201,Texas,32.7872467,-96.7941751,https://www.datacentermap.com/usa/texas/dallas/nimbix-dallas/
4297,Synoptek - Dallas Data Center,Synoptek,Colocation,2323 Bryan Street,Dallas,75201,Texas,32.786935,-96.794059,https://www.datacentermap.com/usa/texas/dallas/earthlink-dallas/
10953,TPx Dallas Data Center,TPx Communications,Colocation,717 N Harwood St,Dallas,75201,Texas,32.7856117,-96.7981774,https://www.datacentermap.com/usa/texas/dallas/tpx-dallas-data-center/
2269,IBM DAL07,IBM,Colocation,1700 Summit Ave,Plano,75074,Texas,33.0088967,-96.6891215,https://www.datacentermap.com/usa/texas/dallas/the-planet-1700-summit/
3490,IBM DAL01,IBM,Colocation,1950 N. Stemmons Freeway,Dallas,75207,Texas,32.8009575,-96.819492,https://www.datacentermap.com/usa/texas/dallas/softlayer-dal01/
914,IBM DAL02/06,IBM,Colocation,1333 North Stemmons Freeway,Dallas,75207,Texas,32.7915195,-96.8154131,https://www.datacentermap.com/usa/texas/dallas/the-planet-dallas/
13962,PowerHouse Irving - Building B,PowerHouse Data Centers,Colocation,111 Customer Way,Irving,75039,Texas,32.888069,-96.939188,https://www.datacentermap.com/usa/texas/dallas/powerhouse-irving-building-b/
13963,PowerHouse Irving - Building C,PowerHouse Data Centers,Colocation,111 Customer Way,Irving,75039,Texas,32.88885,-96.940325,https://www.datacentermap.com/usa/texas/dallas/powerhouse-irving-building-c/
13961,PowerHouse Irving - Building A,PowerHouse Data Centers,Colocation,111 Customer Way,Irving,75039,Texas,32.887649,-96.937772,https://www.datacentermap.com/usa/texas/dallas/powerhouse-irving-building-a/
1407,Lumen Dallas,Lumen,Colocation,1150 Regal Row,Dallas,75247,Texas,32.828458,-96.884579,https://www.datacentermap.com/usa/texas/dallas/twtc-dallas/
3491,IBM DAL04,IBM,Colocation,400 Akard St,Dallas,75202,Texas,32.7782978,-96.7984238,https://www.datacentermap.com/usa/texas/dallas/softlayer-dal04/
758,STACK Infrastructure,STACK INFRASTRUCTURE,Colocation,1950 N Stemmons Freeway,Dallas,75207,Texas,32.799962,-96.820615,https://www.datacentermap.com/usa/texas/dallas/stack-infomart/
10092,QTS Irving DC5,QTS Data Centers,Colocation,6300 Longhorn Drive,Irving,75063,Texas,32.896374,-96.980071,https://www.datacentermap.com/usa/texas/dallas/qts-irving-dfw1-dc5/
10091,QTS Irving DC6,QTS Data Centers,Colocation,6300 Longhorn Drive,Irving,75063,Texas,32.896374,-96.980071,https://www.datacentermap.com/usa/texas/dallas/qts-irving-dfw1-dc6/
5316,Lumen Dallas 4,Lumen,Colocation,400 S Akrad,Dallas,75202,Texas,32.7782405,-96.7985227,https://www.datacentermap.com/usa/texas/dallas/level3-dallas4/
5331,Lumen Fort Worth 1,Lumen,Colocation,1601 Jones Street,Fort Worth,76102,Texas,32.7485593,-97.3240657,https://www.datacentermap.com/usa/texas/dallas/level3--fort-worth1/
14830,ACS Fort Worth - Building A,Grupo ACS,Colocation,10121 Hicks Field Rd,Fort Worth,76179,Texas,32.909763,-97.398128,https://www.datacentermap.com/usa/texas/dallas/acs-fort-worth-building-a/
14833,ACS Fort Worth - Building D,Grupo ACS,Colocation,1645 Hicks Field Rd E,Fort Worth,76179,Texas,32.90761,-97.394428,https://www.datacentermap.com/usa/texas/dallas/acs-fort-worth-building-d/
3492,IBM DAL05,IBM,Colocation,4849 Alpha Rd,Dallas,75244,Texas,32.9339411,-96.8279494,https://www.datacentermap.com/usa/texas/dallas/softlayer-headquarters/
5315,Lumen Dallas 3,Lumen,Colocation,1201 Main Street,Dallas,75202,Texas,32.780415,-96.8021324,https://www.datacentermap.com/usa/texas/dallas/level3-dallas3/
14831,ACS Fort Worth - Building B,Grupo ACS,Colocation,10100 Hicks Field Rd,Fort Worth,76179,Texas,32.907508,-97.397576,https://www.datacentermap.com/usa/texas/dallas/acs-fort-worth-building-b/
14829,ACS Fort Worth Campus,Grupo ACS,Campus,10059-10197 Hicks Field Rd,Fort Worth,76179,Texas,32.907982,-97.396011,https://www.datacentermap.com/usa/texas/dallas/acs-fort-worth-campus/
14834,ACS Fort Worth - Building E,Grupo ACS,Colocation,Hillwood Blvd,Fort Worth,76179,Texas,32.906384,-97.394432,https://www.datacentermap.com/usa/texas/dallas/acs-fort-worth-building-e/
14832,ACS Fort Worth - Building C,Grupo ACS,Colocation,Hillwood Blvd,Fort Worth,76179,Texas,32.906238,-97.397555,https://www.datacentermap.com/usa/texas/dallas/acs-fort-worth-building-c/
4386,Data Canopy - Dallas,Data Canopy,Colocation,1807 Ross Avenue,Dallas,75201,Texas,32.7860954,-96.8005158,https://www.datacentermap.com/usa/texas/dallas/hosting-dallas/
5314,Lumen Dallas 2,Lumen,Colocation,1950 Stemmons Freeway,Dallas,75207,Texas,32.8003398,-96.8194987,https://www.datacentermap.com/usa/texas/dallas/level3-dallas2/
6796,TRG Houston Data Center,TRG Datacenters,Colocation,2626 Spring Cypress Road,Spring,77388,Texas,30.0660506,-95.4590332,https://www.datacentermap.com/usa/texas/houston/trg-houston-one/
6608,Stream DC Houston I - The Woodlands,Stream Data Centers,Colocation,4001 Technology Forest Blvd,The Woodlands,77381,Texas,30.1778013,-95.4864935,https://www.datacentermap.com/usa/texas/houston/houston-the-woodlands/
11712,12235 North Fwy (IAH14),Digital Realty,Colocation,12235 North Fwy,Houston,77060,Texas,29.9444803,-95.41665859999999,https://www.datacentermap.com/usa/texas/houston/12235-north-fwy-iah14/
11711,12231 North Fwy (IAH13),Digital Realty,Colocation,12231 North Fwy,Houston,77060,Texas,29.9426314,-95.4164759,https://www.datacentermap.com/usa/texas/houston/12231-north-fwy-iah13/
3882,12001-12245 North Freeway (IAH11),Digital Realty,Colocation,12001-12245 North Freeway,Houston,77060,Texas,29.9431676,-95.4168461,https://www.datacentermap.com/usa/texas/houston/digital-realty-houston/
11710,12001 North Fwy (IAH10),Digital Realty,Colocation,12001 North Fwy,Houston,77060,Texas,29.9416577,-95.4172734,https://www.datacentermap.com/usa/texas/houston/12001-north-fwy-iah10/
11713,Digital Houston Campus,Digital Realty,Campus,12001-12245 North Fwy,Houston,77060,Texas,29.94297151133324,-95.41703395285415,https://www.datacentermap.com/usa/texas/houston/digital-houston-campus/
2806,EdgeConneX Houston,EdgeConneX,Colocation,1510 Prime West Parkway,Katy,77449,Texas,29.794584,-95.745192,https://www.datacentermap.com/usa/texas/houston/stratitsphere-alpha/
5267,Skybox Houston One,Skybox Datacenters,Colocation,22000 Franz Road,Houston,77449,Texas,29.802159,-95.7540218,https://www.datacentermap.com/usa/texas/houston/skybox-houston-one/
8680,1001 Texas Data Center,1001 Texas Data Center,Colocation,1001 Texas Ave,Houston,77002,Texas,29.7600612,-95.36210200000001,https://www.datacentermap.com/usa/texas/houston/1001-texas-data-center/
12515,Lighthouse Data Center,PS Lightwave,Colocation,3960 Braxton Dr,Houston,77063,Texas,29.7237937,-95.5097649,https://www.datacentermap.com/usa/texas/houston/lighthouse-data-center/
933,Netrality - 1301 Fannin,Netrality,Colocation,1301 Fannin Street,Houston,77002,Texas,29.754176,-95.36582,https://www.datacentermap.com/usa/texas/houston/1301-fannin/
6242,Data Foundry- Houston 2,Data Foundry,Colocation,660 Greens Pkwy,Houston,77067,Texas,29.9451453,-95.4242123,https://www.datacentermap.com/usa/texas/houston/houston-2/
9050,Equinix HO1,Equinix,Colocation,1515 Aldine Meadows Road,Houston,77032,Texas,29.935845,-95.364278,https://www.datacentermap.com/usa/texas/houston/equinix-ho1/
1699,DataBank HOU5 - Houston Galleria,DataBank,Colocation,4201 Southwest Freeway,Houston,77027,Texas,29.728127,-95.4450613,https://www.datacentermap.com/usa/texas/houston/houston-technology-center/
2975,DataBank HOU1 - Westway Park I,DataBank,Colocation,5150 Westway Park Blvd,Houston,77041,Texas,29.8443009,-95.5550862,https://www.datacentermap.com/usa/texas/houston/houston-west-campus/
3434,Cogent Data Center - Houston,"Cogent Communications, Inc.",Colocation,12061 North Frwy,Houston,77060,Texas,29.9443404,-95.4154086,https://www.datacentermap.com/usa/texas/houston/cogent-houston/
9665,DataBank HOU2 - Westway Park II,DataBank,Colocation,5170 Westway Park Blvd,Houston,77041,Texas,29.8442374,-95.5566418,https://www.datacentermap.com/usa/texas/houston/databank-hou2-westway-park-ii/
9666,DataBank HOU3 - Westway Park III,DataBank,Colocation,11003 Corporate Centre Dr,Houston,77041,Texas,29.8439454,-95.5610514,https://www.datacentermap.com/usa/texas/houston/databank-hou3-westway-park-iii/
3267,"FIBERTOWN - Houston, Texas",FIBERTOWN,Colocation,12031 North Freeway,Houston,77067,Texas,29.943519,-95.415895,https://www.datacentermap.com/usa/texas/houston/fibertown-houston/
2763,Quasar Data Center,Quasar Data Center,Colocation,1001 Texas Ave,Houston,77002,Texas,29.760064,-95.3621042,https://www.datacentermap.com/usa/texas/houston/quasar-data-center/
10361,Cogent Data Center - Houston 2,"Cogent Communications, Inc.",Colocation,8902 Point Six Circle,Houston,77095,Texas,29.9064574,-95.625991,https://www.datacentermap.com/usa/texas/houston/cogent-data-center-houston-2/
2843,Data Foundry - Houston 1,Data Foundry,Colocation,5555 San Felipe,Houston,77056,Texas,29.749456,-95.47189,https://www.datacentermap.com/usa/texas/houston/data-foundry-houston/
1747,LOGIX Houston #2,LOGIX FIBER NETWORKS,Colocation,811 Louisiana St,Houston,77002,Texas,29.75908720923847,-95.36634922027588,https://www.datacentermap.com/usa/texas/houston/alpheus-houston/
6052,24 Hour Data Houston,24 Hour Data,Colocation,723 Main St,Houston,77002,Texas,29.7583733,-95.3632437,https://www.datacentermap.com/usa/texas/houston/24hour-houston/
4435,CyrusOne Houston (Greenspoint),CyrusOne Data Centers,Colocation,12085 North Freeway,Houston,77060,Texas,29.9444812,-95.4155039,https://www.datacentermap.com/usa/texas/houston/cyrusone-houston-greenspoint/
1212,Verizon Houston,Verizon Communications Inc.,Colocation,2401 Portsmouth St,Houston,77098,Texas,29.7331577,-95.4169261,https://www.datacentermap.com/usa/texas/houston/xo-houston1/
1472,Lumen Houston 1,Lumen,Colocation,12001 1-45 North,Houston,77003,Texas,29.93794,-95.413754,https://www.datacentermap.com/usa/texas/houston/level3-houston/
13980,Serverfarm HTX2,Serverfarm,Colocation,28401 Betka Rd,Hockley,77447,Texas,30.0184646,-95.8616639,https://www.datacentermap.com/usa/texas/houston/serverfarm-htx2/
13878,Comcast El Paso,Comcast,Colocation,606 Texas State Highway 75,Willis,77378,Texas,30.4307385,-95.4817224,https://www.datacentermap.com/usa/texas/houston/comcast-el-paso/
13981,Serverfarm CTX2,Serverfarm,Colocation,15555 Cutten Rd,Houston,77070,Texas,29.995166,-95.5631444,https://www.datacentermap.com/usa/texas/houston/serverfarm-ctx2/
3416,Energy Transfer Data Center,Energy Transfer,Colocation,7210 Ardmore,Houston,77054,Texas,29.693418,-95.380821,https://www.datacentermap.com/usa/texas/houston/southern-union-data-center/
5349,Lumen Houston 3,Lumen,Colocation,2300 Lyons Avenue,Houston,77020,Texas,29.77134357599843,-95.34605026245117,https://www.datacentermap.com/usa/texas/houston/level3-houston1/
8726,Crown Castle Houston (TX1),CROWN CASTLE,Colocation,801 Louisiana St,Houston,77002,Texas,29.7596219,-95.3662717,https://www.datacentermap.com/usa/texas/houston/crown-castle-tx1/
5108,LOGIX Houston #1,LOGIX FIBER NETWORKS,Colocation,"1510 Primewest Parkway, Energy Corridor",Katy,77449,Texas,29.7928313,-95.7471567,https://www.datacentermap.com/usa/texas/houston/alpheus-houston2/
7354,Hostrunway Houston,Hostrunway,Colocation,10685-B Hazelhurst Dr. # 19283,Houston,77043,Texas,29.7966831,-95.5615264,https://www.datacentermap.com/usa/texas/houston/hostrunway-data-center2/
5109,LOGIX Houston #3,LOGIX FIBER NETWORKS,Colocation,4635 Southwest Freeway,Houston,77027,Texas,29.7293682,-95.4535136,https://www.datacentermap.com/usa/texas/houston/alpheus-houston3/
14225,Serverfarm CTX1,Serverfarm,Colocation,15555 Cutten Rd,Houston,77070,Texas,29.9958539,-95.56428,https://www.datacentermap.com/usa/texas/houston/serverfarm-ctx1/
14223,Serverfarm HTX1,Serverfarm,Colocation,28401 Betka Rd,Hockley,7747,Texas,30.019393,-95.863425,https://www.datacentermap.com/usa/texas/houston/serverfarm-htx1/
915,IBM HOU00,IBM,Colocation,835 Greens Parkway,Houston,77002,Texas,29.9425323,-95.4269167,https://www.datacentermap.com/usa/texas/houston/the-planet-houston/
1767,Evocative - INAP Houston,Evocative Data Centers,Colocation,1301 Fannin St,Houston,77022,Texas,29.75356,-95.365684,https://www.datacentermap.com/usa/texas/houston/internap-1301-fannin/
1792,"Lumen, 3939 Corporate Dr",Lumen,Colocation,5959 Coprporate Drive,Houston,77036,Texas,29.713484,-95.550004,https://www.datacentermap.com/usa/texas/houston/level3-3939-corporate-dr/
3493,IBM HOU04,IBM,Colocation,315 Capitol St,Houston,77002,Texas,29.7628527,-95.3686883,https://www.datacentermap.com/usa/texas/houston/softlayer-hou04/
1815,IBM HOU01,IBM,Colocation,390 Benmar Drive,Houston,77060,Texas,29.9432112,-95.3971487,https://www.datacentermap.com/usa/texas/houston/the-planet-390-benmar/
1791,"Lumen, 1124 Hardy Rd",Lumen,Colocation,1124 Hardy Rd,Houston,77020,Texas,29.771289,-95.350881,https://www.datacentermap.com/usa/texas/houston/level3-1124-hardy-rd/
1816,IBM HOU02,IBM,Colocation,855 Greens Parkway,Houston,77067,Texas,29.9423296,-95.4301797,https://www.datacentermap.com/usa/texas/houston/the-planet-855-greens-pkwy/
1397,Lumen Houston 2,Lumen,Colocation,7060 Empire Central Dr,Houston,77040,Texas,29.874993,-95.546097,https://www.datacentermap.com/usa/texas/houston/twtc-houston/
1330,NaviSite Houston,"NaviSite, Inc.",Colocation,1301 Fannin Street,Houston,77002,Texas,29.7534593,-95.3657636,https://www.datacentermap.com/usa/texas/houston/navisite-houston/
1591,TeleSource IDC,TeleSource Communications Inc.,Colocation,1301 Fannin St,Houston,77002,Texas,29.7535662,-95.3657024,https://www.datacentermap.com/usa/texas/houston/telesource-idc/
6607,Stream DC San Antonio II - Westover Hills,Stream Data Centers,Colocation,9550 Westover Hills Blvd,San Antonio,78251,Texas,29.4719476,-98.6718265,https://www.datacentermap.com/usa/texas/san-antonio/san-antonio-westover-hills/
11621,Stream DC San Antonio III,Stream Data Centers,Colocation,11203 W Military Drive,San Antonio,78253,Texas,29.4483984,-98.7147697,https://www.datacentermap.com/usa/texas/san-antonio/san-antonio-iii/
4444,CyrusOne SAT1 - San Antonio,CyrusOne Data Centers,Colocation,9999 Westover Hills Blvd,San Antonio,78251,Texas,29.466508,-98.688287,https://www.datacentermap.com/usa/texas/san-antonio/cyrusone-san-antonio/
9428,CyrusOne SAT2 - San Antonio,CyrusOne Data Centers,Colocation,9554 Westover Hills Blvd,San Antonio,78251,Texas,29.4709312,-98.6729514,https://www.datacentermap.com/usa/texas/san-antonio/cyrusone-sat2/
9429,CyrusOne SAT5 - San Antonio,CyrusOne Data Centers,Colocation,14719 Omicron Dr.,San Antonio,78245,Texas,29.4189881,-98.7876189,https://www.datacentermap.com/usa/texas/san-antonio/cyrusone-sat5/
7168,SATC Colo,SATC Colo,Colocation,3463 Magic Drive,San Antonio,78229,Texas,29.5029183,-98.5569277,https://www.datacentermap.com/usa/texas/san-antonio/satc-co-location-services/
7884,H5 Data Centers San Antonio,H5 Data Centers,Colocation,100 Taylor St.,San Antonio,78205,Texas,29.429369,-98.48679099999998,https://www.datacentermap.com/usa/texas/san-antonio/h5-san-antonio/
14032,Vantage TX11 - San Antonio,Vantage Data Centers,Colocation,14720 Omicron Dr,San Antonio,78245,Texas,29.41679683939999,-98.78948902146638,https://www.datacentermap.com/usa/texas/san-antonio/vantage-tx11-san-antonio/
10281,CloudHQ SAT Campus,CloudHQ,Campus,15255 Lambda Dr,San Antonio,78245,Texas,29.415791,-98.7967503,https://www.datacentermap.com/usa/texas/san-antonio/cloudhq-sat-campus/
13041,Microsoft Texas Research Park (TRP2),Microsoft,Hyperscaler,15000 Lambda Dr,San Antonio,78245,Texas,29.41192140318219,-98.80395552725027,https://www.datacentermap.com/usa/texas/san-antonio/microsoft-texas-research-park-trp2/
13040,Microsoft Texas Research Park (TRP1),Microsoft,Hyperscaler,15000 Lambda Dr,San Antonio,78245,Texas,29.41205878946721,-98.80265733808719,https://www.datacentermap.com/usa/texas/san-antonio/microsoft-texas-research-park-trp1/
3732,CityNAP,CityNAP,Colocation,415 N Main Ave,San Antonio,78205,Texas,29.4287322,-98.4941971,https://www.datacentermap.com/usa/texas/san-antonio/citynap/
7733,San Antonio Data Center,"Five 9s Digital, LLC",Colocation,8500 Vicar Drive,San Antonio,78218,Texas,29.513653,-98.4071828,https://www.datacentermap.com/usa/texas/san-antonio/san-antonio-data-center/
13774,CloudHQ SAT1,CloudHQ,Colocation,15255 Lambda Dr,San Antonio,78245,Texas,29.416824,-98.800009,https://www.datacentermap.com/usa/texas/san-antonio/cloudhq-sat1/
13776,CloudHQ SAT3,CloudHQ,Colocation,15255 Lambda Dr,San Antonio,78245,Texas,29.416225,-98.796966,https://www.datacentermap.com/usa/texas/san-antonio/cloudhq-sat3/
13778,CloudHQ SAT5,CloudHQ,Colocation,15255 Lambda Dr,San Antonio,78245,Texas,29.416463,-98.794774,https://www.datacentermap.com/usa/texas/san-antonio/cloudhq-sat5/
13775,CloudHQ SAT2,CloudHQ,Colocation,15255 Lambda Dr,San Antonio,78245,Texas,29.414933,-98.798275,https://www.datacentermap.com/usa/texas/san-antonio/cloudhq-sat2/
13039,Microsoft Texas Research Park,Microsoft,Campus,15000 Lambda Dr,San Antonio,78245,Texas,29.41420327740625,-98.80476805989963,https://www.datacentermap.com/usa/texas/san-antonio/microsoft-texas-research-park/
13777,CloudHQ SAT4,CloudHQ,Colocation,15255 Lambda Dr,San Antonio,78245,Texas,29.414544,-98.795515,https://www.datacentermap.com/usa/texas/san-antonio/cloudhq-sat4/
10164,Microsoft San Antonio (SAT15),Microsoft,Hyperscaler,3555 Westover Link,San Antonio,78251,Texas,29.4699993,-98.6983621,https://www.datacentermap.com/usa/texas/san-antonio/microsoft-san-antonio-sat15/
9189,QTS San Antonio,QTS Data Centers,Colocation,8535 Potranco Rd,San Antonio,78251,Texas,29.4479435,-98.65252579999999,https://www.datacentermap.com/usa/texas/san-antonio/qts-san-antonio/
10162,Microsoft Wiseman Boulevard (SAT14),Microsoft,Hyperscaler,3545 Wiseman Blvd,San Antonio,78251,Texas,29.475684,-98.68143099999999,https://www.datacentermap.com/usa/texas/san-antonio/microsoft-wiseman-boulevard/
14558,Duos Edge AI - Victoria EDC,"Duos Edge AI, Inc.",Colocation,1905 Leary Ln,Victoria,77901,Texas,28.838659,-96.9860387,https://www.datacentermap.com/usa/texas/san-antonio/duos-edge-ai-victoria-edc/
13044,Microsoft Texas Research Park (TRP6),Microsoft,Hyperscaler,15000 Lambda Dr,San Antonio,78245,Texas,29.41201745678372,-98.80524190164078,https://www.datacentermap.com/usa/texas/san-antonio/microsoft-texas-research-park-trp6/
11767,CyrusOne SAT9 - San Antonio,CyrusOne Data Centers,Colocation,14815 Omicron Dr,San Antonio,78245,Texas,29.4126574,-98.784419,https://www.datacentermap.com/usa/texas/san-antonio/cyrusone-sat9-san-antonio/
10641,Amazon AWS SAT - 7400 Potranco,Amazon AWS,Hyperscaler,7400 Potranco Rd,San Antonio,78251,Texas,29.45084649296246,-98.63868482326589,https://www.datacentermap.com/usa/texas/san-antonio/amazon-aws-sat-7400-potranco/
10133,Microsoft San Antonio Chevron,Microsoft,Hyperscaler,5150 Rogers Rd,San Antonio,78251,Texas,29.4799646,-98.6925902,https://www.datacentermap.com/usa/texas/san-antonio/microsoft-san-antonio/
13042,Microsoft Texas Research Park (TRP4),Microsoft,Hyperscaler,15000 Lambda Dr,San Antonio,78245,Texas,29.41578109565654,-98.80452231259602,https://www.datacentermap.com/usa/texas/san-antonio/microsoft-texas-research-park-trp4/
10167,Microsoft San Antonio (SN7),Microsoft,Hyperscaler,5200 Rogers Rd,San Antonio,78251,Texas,29.48101560978235,-98.69667537226476,https://www.datacentermap.com/usa/texas/san-antonio/microsoft-san-antonio-sn7/
10642,Amazon AWS SAT - 12807 Donop,Amazon AWS,Hyperscaler,12807 Donop Rd,Elmendorf,78223,Texas,29.29290129927135,-98.39172728140535,https://www.datacentermap.com/usa/texas/san-antonio/amazon-aws-sat-12807-donop/
10165,Microsoft Texas Research Park (SAT46 / TRP3),Microsoft,Hyperscaler,15000 Lambda Dr,San Antonio,78245,Texas,29.4129455,-98.8063684,https://www.datacentermap.com/usa/texas/san-antonio/microsoft-san-antonio-sat46/
12040,Microsoft San Antonio (SAT82),Microsoft,Hyperscaler,18844 Fm1957,Castroville,78009,Texas,29.42820409409673,-98.87666580292814,https://www.datacentermap.com/usa/texas/san-antonio/microsoft-san-antonio-sat82/
10163,Microsoft San Antonio (SAT80 & SAT81),Microsoft,Hyperscaler,18844 Fm1957,Castroville,78009,Texas,29.4309784,-98.87598899999999,https://www.datacentermap.com/usa/texas/san-antonio/microsoft-san-antonio-sat80-sat81/
11766,CyrusOne SAT8 - San Antonio,CyrusOne Data Centers,Colocation,14677 Omicron Dr,San Antonio,78245,Texas,29.4122331,-98.78685569999999,https://www.datacentermap.com/usa/texas/san-antonio/cyrusone-sat8-san-antonio/
10229,Windstream San Antonio,Windstream,Colocation,106 S St Mary's St,San Antonio,78205,Texas,29.424052,-98.4912352,https://www.datacentermap.com/usa/texas/san-antonio/windstream-san-antonio/
13043,Microsoft Texas Research Park (TRP5),Microsoft,Hyperscaler,15000 Lambda Dr,San Antonio,78245,Texas,29.41593342981538,-98.8033314117934,https://www.datacentermap.com/usa/texas/san-antonio/microsoft-texas-research-park-trp5/
10166,Microsoft Texas Research Park (SAT40),Microsoft,Hyperscaler,15000 Lambda Dr,San Antonio,78245,Texas,29.4192597,-98.8025265,https://www.datacentermap.com/usa/texas/san-antonio/microsoft-san-antonio-sat40/
11641,CloudBurst Central Texas,CloudBurst Data Centers,Colocation,Texas Hwy 123 & FM1979,San Marcos,78666,Texas,29.76994674494692,-97.94429528550026,https://www.datacentermap.com/usa/texas/san-antonio/cloudburst-central-texas/
1393,Lumen San Antonio 3,Lumen,Colocation,214 E Ramsey Rd,San Antonio,78216,Texas,29.528301,-98.492631,https://www.datacentermap.com/usa/texas/san-antonio/twtc-san-antonio/
5448,Lumen San Antonio 2,Lumen,Colocation,1203 N. Frio Street,San Antonio,78207,Texas,29.438224,-98.50664,https://www.datacentermap.com/usa/texas/san-antonio/level3-san-antonio2/
13897,Microsoft San Antonio (SAT89),Microsoft,Hyperscaler,2995 US Hwy 90 W,Castroville,78009,Texas,29.3513767,-98.9411263,https://www.datacentermap.com/usa/texas/san-antonio/microsoft-san-antonio-sat89/
13395,Microsoft San Antonio (SAT93),Microsoft,Hyperscaler,County Road 381,Medina,78253,Texas,29.4428411,-98.8130993,https://www.datacentermap.com/usa/texas/san-antonio/microsoft-san-antonio-sat93/
13898,Microsoft San Antonio (SAT90),Microsoft,Hyperscaler,2995 US Hwy 90 W,Castroville,78009,Texas,29.35133503681288,-98.94082249026104,https://www.datacentermap.com/usa/texas/san-antonio/microsoft-san-antonio-sat90/
13396,Microsoft San Antonio (SAT94),Microsoft,Hyperscaler,County Road 381,Medina,78253,Texas,29.4428411,-98.8130993,https://www.datacentermap.com/usa/texas/san-antonio/microsoft-san-antonio-sat94/
5447,Lumen San Antonio 1,Lumen,Colocation,5130 Service Center Drive,San Antonio,78218,Texas,29.475774,-98.390395,https://www.datacentermap.com/usa/texas/san-antonio/level3-san-antonio1/
4870,Stanton Data Center,Huntleigh Technology Group,Colocation,100 N. Stanton St.,El Paso,79901,Texas,31.7591246,-106.4860513,https://www.datacentermap.com/usa/texas/el-paso/stanton-data-center/
13863,Connect El Paso,Connect Data Centers by Oppidan,Colocation,9879 North Loop Dr,El Paso,79907,Texas,31.67970233740566,-106.2897418246038,https://www.datacentermap.com/usa/texas/el-paso/connect-el-paso/
12764,Cogent Data Center - El Paso,"Cogent Communications, Inc.",Colocation,151 N Boone St,El Paso,79905,Texas,31.7740452,-106.4441415,https://www.datacentermap.com/usa/texas/el-paso/cogent-data-center-el-paso/
7512,MDC El Paso - ELP1,MDC Data Centers,Colocation,11455 Cedar Oak Dr,El Paso,79936,Texas,31.7500311,-106.3099487,https://www.datacentermap.com/usa/texas/el-paso/mdc-el-paso/
5371,One San Jacinto Plaza,Unknown Company,Building,201 E Main Drive,El Paso,79901,Texas,31.7602982,-106.4884546,https://www.datacentermap.com/usa/texas/el-paso/chase-tower/
1698,Flō Networks El Paso,Flo Networks,Colocation,500 W Overland Avenue,El Paso,79901,Texas,31.7557389,-106.492781,https://www.datacentermap.com/usa/texas/el-paso/transtelco-el-paso/
5326,Lumen El Paso 2,Lumen,Colocation,201 E Main Drive,El Paso,79901,Texas,31.7602982,-106.4884546,https://www.datacentermap.com/usa/texas/el-paso/level3-el-paso2/
5325,Lumen El Paso 1,Lumen,Colocation,501 W. Overland,El Paso,79936,Texas,31.755853,-106.493388,https://www.datacentermap.com/usa/texas/el-paso/level3-el-paso1/
14326,Project Dorothy I,Soluna Computing,Colocation,9985 Co Rd F,Silverton,79257,Texas,34.39229078649425,-101.3175910195598,https://www.datacentermap.com/usa/texas/amarillo/project-dorothy-i/
14559,Duos Edge AI - Pampa,"Duos Edge AI, Inc.",Colocation,"Pampa Energy Center, 8201 Fm 2300",Pampa,79065,Texas,35.48545803608185,-101.0440170288363,https://www.datacentermap.com/usa/texas/amarillo/duos-edge-ai-pampa/
12966,Duos Edge AI - Amarillo EDC,"Duos Edge AI, Inc.",Colocation,5800 Bell St,Amarillo,79109,Texas,35.1482831,-101.9043889,https://www.datacentermap.com/usa/texas/amarillo/duos-edge-ai-amarillo-edc/
5279,Lumen Amarillo 1,Lumen,Colocation,512 SE 8th Avenue,Amarillo,79101,Texas,35.237693,-101.6789,https://www.datacentermap.com/usa/texas/amarillo/level3-amarillo1/
956,7500 Metro Center Drive (AUS11),Digital Realty,Colocation,7500 Metro Center Drive,Austin,78744,Texas,30.2121794,-97.6957746,https://www.datacentermap.com/usa/texas/austin/7500-metro-center-drive/
9485,Lumen Austin 4,Lumen,Colocation,2916 Montopolis Dr,Austin,78741,Texas,30.2143147,-97.7127335,https://www.datacentermap.com/usa/texas/austin/lumen-austin-4/
9426,CyrusOne AUS3 - Austin,CyrusOne Data Centers,Colocation,7100 Metropolis Drive,Austin,78744,Texas,30.2068418,-97.7010928,https://www.datacentermap.com/usa/texas/austin/cyrusone-aus3/
4432,CyrusOne AUS2 - Austin,CyrusOne Data Centers,Colocation,"7301 Metropolis Dr, Bldg #6",Austin,78703,Texas,30.2064928,-97.6994909,https://www.datacentermap.com/usa/texas/austin/cyrusone-austin-ii/
10089,Element Critical Austin One,Element Critical,Colocation,8025 North Interstate Hwy 35,Austin,78753,Texas,30.1737591,-97.782094,https://www.datacentermap.com/usa/texas/austin/element-critical-austin-one/
5532,Thin-nology Data Center,Thin-nology LLC,Colocation,3804 Helios Way,Pflugerville,78660,Texas,30.4211334,-97.5916025,https://www.datacentermap.com/usa/texas/austin/thin-nology/
2835,Data Foundry - Texas 1,Data Foundry,Colocation,4100 Smith School Road,Austin,78744,Texas,30.2001108,-97.7123809,https://www.datacentermap.com/usa/texas/austin/data-foundry-texas1/
5602,LightEdge - Austin II,LightEdge,Colocation,7000 Burleson Road,Austin,78744,Texas,30.200169,-97.70627,https://www.datacentermap.com/usa/texas/austin/onramp-austin-ii/
670,LightEdge - Austin I,LightEdge,Colocation,2916 Montopolis Drive,Austin,78741,Texas,30.213866,-97.711558,https://www.datacentermap.com/usa/texas/austin/onramp-access/
9594,Skybox Austin,Skybox Datacenters,Colocation,600 New Meister Ln,Pflugerville,78660,Texas,30.48179697804063,-97.62416503431403,https://www.datacentermap.com/usa/texas/austin/skybox-austin/
9964,Data Foundry - Texas 2,Data Foundry,Colocation,4100 Smith School Rd,Austin,78744,Texas,30.19884,-97.7137516,https://www.datacentermap.com/usa/texas/austin/data-foundry-texas-2/
4801,DataBank AUS1 - Austin,DataBank,Colocation,7218 McNeil Dr,Austin,78729,Texas,30.436149,-97.76612,https://www.datacentermap.com/usa/texas/austin/zcolo-7218-mcneil-dr/
1748,LOGIX Austin,LOGIX FIBER NETWORKS,Colocation,1905 E. 6th Street,Austin,78702,Texas,30.261003,-97.722101,https://www.datacentermap.com/usa/texas/austin/alpheus-austin/
617,Data Foundry - Austin 1,Data Foundry,Colocation,7401 East Ben White Blvd.,Austin,78741,Texas,30.216816,-97.694643,https://www.datacentermap.com/usa/texas/austin/data-foundry/
3893,Hostway Austin Waller,"Hostway Services, Inc",Colocation,501 Waller St,Austin,78702,Texas,30.2635804,-97.7303162,https://www.datacentermap.com/usa/texas/austin/hostway-austin-waller/
9211,SDC Austin,Sabey Data Center Properties LLC,Colocation,1300 Louis Henna Blvd,Round Rock,78664,Texas,30.4879332,-97.64684299999999,https://www.datacentermap.com/usa/texas/austin/sdc-austin/
11742,Core Scientific Austin,Core Scientific,Colocation,3301 Hibbetts Rd,Austin,78725,Texas,30.2693316,-97.66599280000001,https://www.datacentermap.com/usa/texas/austin/core-scientific-austin/
10352,Cogent Data Center - Austin,"Cogent Communications, Inc.",Colocation,7301 Metro Center Dr,Austin,78744,Texas,30.20917369999999,-97.69805749999999,https://www.datacentermap.com/usa/texas/austin/cogent-data-center-austin/
14760,Riot Patforms Rockdale,"Riot Platforms, Inc.",Enterprise,2721 Charles Martin Hall Rd,Thorndale,76577,Texas,30.57439586542036,-97.08070354716374,https://www.datacentermap.com/usa/texas/austin/riot-patforms-rockdale/
9955,Skybox PowerCampus Austin,Skybox Datacenters,Campus,County Road 132,Hutto,78634,Texas,30.5394687,-97.5214722,https://www.datacentermap.com/usa/texas/austin/skybox-powercampus-austin/
11750,Rowan Moriah Campus,Rowan Digital Infrastructure,Colocation,2810 Bob White Rd,Temple,76501,Texas,31.058023,-97.297899,https://www.datacentermap.com/usa/texas/austin/rowan-moriah-campus/
13893,Colovore Hutto,Colovore,Colocation,2351 Innovation Blvd,Hutto,78634,Texas,30.54293839999999,-97.56994189999999,https://www.datacentermap.com/usa/texas/austin/colovore-hutto/
2979,CyrusOne Austin Data Center I,CyrusOne Data Centers,Colocation,7401-2 East Ben White Blvd,Austin,78741,Texas,30.2154964,-97.6963383,https://www.datacentermap.com/usa/texas/austin/austin-technology-center/
9965,Data Foundry - The Data Ranch,Data Foundry,Campus,4100 Smith School Rd,Austin,78744,Texas,30.19884,-97.7137516,https://www.datacentermap.com/usa/texas/austin/data-foundry-the-data-ranch/
14392,Tract Uhland,Tract,Colocation,Farm to Market Road 2720,Uhland,78640,Texas,29.92231422955209,-97.76113795217798,https://www.datacentermap.com/usa/texas/austin/tract-uhland/
9963,Switch THE ROCK Campus,Switch,Campus,150 Dell Way,Round Rock,78682,Texas,30.4879172,-97.6725391,https://www.datacentermap.com/usa/texas/austin/switch-the-rock-campus/
11298,Prime Austin,Prime Data Centers,Colocation,FM2720 & Bobwhite Rd,Maxwell,78656,Texas,29.9243256,-97.7543218,https://www.datacentermap.com/usa/texas/austin/prime-austin/
14689,SDC San Marcos,Sabey Data Center Properties LLC,Colocation,Center Point Rd & S Old Bastrop Hwy,San Marcos,78666,Texas,29.80049409875798,-97.97416723652093,https://www.datacentermap.com/usa/texas/austin/sdc-san-marcos/
14105,904 Francis Harris Lane,Unknown Company,Colocation,904 Francis Harris Ln,San Marcos,78666,Texas,29.7899287,-97.99564529999999,https://www.datacentermap.com/usa/texas/austin/904-francis-harris-lane/
4787,GTT Austin Data Center,GTT Communications,Colocation,6200 Bridgepoint Parkway,Austin,78730,Texas,30.3534813,-97.7988494,https://www.datacentermap.com/usa/texas/austin/one-source-austin/
14438,Bitdeer Texas,Bitdeer Technologies Group,Enterprise,3291 Charles Martin Hall Rd,Rockdale,76567,Texas,30.56611915480493,-97.07123896608357,https://www.datacentermap.com/usa/texas/austin/bitdeer-rockdale-texas/
8388,American Tower EDC Austin,American Tower Corporation,Colocation,1601 West 10th Street,Austin,78703,Texas,30.278861,-97.760305,https://www.datacentermap.com/usa/texas/austin/edge-dc-austin/
5014,Hostway Austin Trade Center,"Hostway Services, Inc",Colocation,6110 Trade Center Dr,Austin,78744,Texas,30.209745,-97.716252,https://www.datacentermap.com/usa/texas/austin/hostway-austin-trade-center/
5285,Lumen Austin 1,Lumen,Colocation,4207 Smith School Road,Austin,78744,Texas,30.196379,-97.712114,https://www.datacentermap.com/usa/texas/austin/level3-austin1/
5286,Lumen Austin 2,Lumen,Colocation,1825-A Kramer Lane,Austin,78758,Texas,30.3850585,-97.7094232,https://www.datacentermap.com/usa/texas/austin/level3-austin2/
5287,Lumen Austin 3,Lumen,Colocation,500 B. Chicon Street,Austin,78702,Texas,30.2610792,-97.7230383,https://www.datacentermap.com/usa/texas/austin/level3-austin3/
1702,Bestline Communications,"Bestline Communications, L.P.",Colocation,500 N Capital of Texas Hwy,Austin,78746,Texas,30.3083484,-97.8289858,https://www.datacentermap.com/usa/texas/austin/bestline-communications/
9803,MDC McAllen - MCA2,MDC Data Centers,Colocation,422 S 11th St,McAllen,78501,Texas,26.1993898,-98.2321541,https://www.datacentermap.com/usa/texas/mcallen/mdc-mcallen-mca2/
2839,MDC McAllen - MCA1,MDC Data Centers,Colocation,200 South 10th Street,McAllen,78501,Texas,26.201943,-98.231452,https://www.datacentermap.com/usa/texas/mcallen/mcallen-data-center/
1693,Chase Tower McAllen,1547 Critical Systems Realty,Colocation,200 S 10th St,McAllen,78501,Texas,26.201943,-98.230332,https://www.datacentermap.com/usa/texas/mcallen/carriercom/
5375,Lumen McAllen 1,Lumen,Colocation,906 Beech Avenue,McAllen,78505,Texas,26.204993,-98.229103,https://www.datacentermap.com/usa/texas/mcallen/level3-mcallen1/
2536,"FIBERTOWN - Bryan, Texas",FIBERTOWN,Colocation,110 North Main,Bryan,77803,Texas,30.674497,-96.373633,https://www.datacentermap.com/usa/texas/bryan/fibertown-bryan-texas/
694,Optiquest Datacenter,Optimum Computer Solutions (OCS) ,Colocation,780 Westridge Dr,Spring,77380,Texas,30.1211728,-95.4537135,https://www.datacentermap.com/usa/texas/the-woodlands/optiquest-datacenter/
7949,Reese Data Center,Reese Data Center,Colocation,9924 Reese Blvd,Lubbock,79416,Texas,33.5942904,-102.0321873,https://www.datacentermap.com/usa/texas/lubbock/reese-data-center/
5367,Lumen Lubbock 1,Lumen,Colocation,1502 Ave. N,Lubbock,79479,Texas,33.6149965,-101.8509334,https://www.datacentermap.com/usa/texas/lubbock/level3-lubbock1/
8518,NacSpace Data Center,NacSpace.com,Colocation,2400 North Stallings Drive,Nacogdoches,75964,Texas,31.6531212,-94.6763094,https://www.datacentermap.com/usa/texas/nacogdoches/nacspace-data-center/
2445,Tyler Vault Data Center,Tyler Vault.com,Colocation,110 N College Ave,Tyler,75702,Texas,32.351408,-95.3020295,https://www.datacentermap.com/usa/texas/tyler/tyler-vaultcom/
11770,Stargate Abilene (Crusoe Abilene Campus),Crusoe Cloud,Campus,5502 Spinks Rd,Abilene,79601,Texas,32.505085,-99.779704,https://www.datacentermap.com/usa/texas/abilene/abilene-clean-campus/
14777,THM1A Data Center,Unknown Company,Colocation,Bean Road,Lueders,79533,Texas,32.981696,-99.5757977,https://www.datacentermap.com/usa/texas/abilene/thm1a-data-center/
13869,Crusoe Abilene - Building 3,Crusoe Cloud,Colocation,"Lancium Clean Campus, 5502 Spinks Rd",Abilene,79601,Texas,32.505944,-99.780493,https://www.datacentermap.com/usa/texas/abilene/crusoe-abilene-building-3/
13872,Crusoe Abilene - Building 6,Crusoe Cloud,Colocation,"Lancium Clean Campus, 5502 Spinks Rd",Abilene,79601,Texas,32.504135,-99.778841,https://www.datacentermap.com/usa/texas/abilene/crusoe-abilene-building-6/
13873,Crusoe Abilene - Building 7,Crusoe Cloud,Colocation,"Lancium Clean Campus, 5502 Spinks Rd",Abilene,79601,Texas,32.505944,-99.777719,https://www.datacentermap.com/usa/texas/abilene/crusoe-abilene-building-7/
13867,Crusoe Abilene - Building 1,Crusoe Cloud,Colocation,"Lancium Clean Campus, 5502 Spinks Rd",Abilene,79601,Texas,32.505944,-99.781582,https://www.datacentermap.com/usa/texas/abilene/crusoe-abilene-building-1/
13874,Crusoe Abilene - Building 8,Crusoe Cloud,Colocation,"Lancium Clean Campus, 5502 Spinks Rd",Abilene,79601,Texas,32.504135,-99.777719,https://www.datacentermap.com/usa/texas/abilene/crusoe-abilene-building-8/
13871,Crusoe Abilene - Building 5,Crusoe Cloud,Colocation,"Lancium Clean Campus, 5502 Spinks Rd",Abilene,79601,Texas,32.505944,-99.778841,https://www.datacentermap.com/usa/texas/abilene/crusoe-abilene-building-5/
13870,Crusoe Abilene - Building 4,Crusoe Cloud,Colocation,"Lancium Clean Campus, 5502 Spinks Rd",Abilene,79601,Texas,32.504135,-99.780493,https://www.datacentermap.com/usa/texas/abilene/crusoe-abilene-building-4/
13868,Crusoe Abilene - Building 2,Crusoe Cloud,Colocation,"Lancium Clean Campus, 5502 Spinks Rd",Abilene,79601,Texas,32.504135,-99.781582,https://www.datacentermap.com/usa/texas/abilene/crusoe-abilene-building-2/
11717,DataNovaX Pioneer Park,DataNovaX,Colocation,2236 Airport Dr,Wichita Falls,76306,Texas,33.9533237,-98.5247211,https://www.datacentermap.com/usa/texas/wichita-falls/datanovax-pioneer-park/
13702,IREN Childress,IREN (Iris Energy),Colocation,620 Farm to Market Road 1033,Childress,79201,Texas,34.3889291861609,-100.0462617347721,https://www.datacentermap.com/usa/texas/wichita-falls/iren-childress/
13701,IREN Horizon 1,IREN (Iris Energy),Colocation,620 Farm to Market Road 1033,Childress,79201,Texas,34.38718240960504,-100.0538766407102,https://www.datacentermap.com/usa/texas/wichita-falls/iren-horizon-1/
9516,Lumen Wichita Falls 1,Lumen,Colocation,301 Lee St,Wichita Falls,76301,Texas,33.9194058,-98.4908894,https://www.datacentermap.com/usa/texas/wichita-falls/lumen-wichita-falls-1/
14560,Project Ellen,Soluna Computing,Colocation,Circle X Rd,Rio Hondo,78583,Texas,26.29804703683716,-97.48298488465463,https://www.datacentermap.com/usa/texas/harlingen/project-ellen/
9497,Lumen Harlingen 2,Lumen,Colocation,514 E Monroe Ave,Harlingen,78550,Texas,26.19349,-97.690697,https://www.datacentermap.com/usa/texas/harlingen/lumen-harlingen-2/
5335,Lumen Harlingen 1,Lumen,Colocation,505 E. Monroe,Harlingen,78550,Texas,26.194077,-97.690899,https://www.datacentermap.com/usa/texas/harlingen/level3-harlingen1/
7511,MDC Laredo - LDO1,MDC Data Centers,Colocation,13619 Cabezut Dr,Laredo,78045,Texas,27.6906545,-99.4498701,https://www.datacentermap.com/usa/texas/laredo/mdc-laredo/
10228,Windstream Laredo,Windstream,Colocation,520 Matamoros St,Laredo,78040,Texas,27.5065436,-99.50141769999999,https://www.datacentermap.com/usa/texas/laredo/windstream-laredo/
5361,Lumen Laredo 1,Lumen,Colocation,518 Farragut,Laredo,78040,Texas,27.5056326,-99.5015104,https://www.datacentermap.com/usa/texas/laredo/level3-laredo1/
2112,DataBank ACT1 - Waco,DataBank,Colocation,700 Austin,Waco,76701,Texas,31.554974,-97.133379,https://www.datacentermap.com/usa/texas/waco/waco-itg/
10005,Meta Temple Data Center,Meta,Hyperscaler,NW H K Dodgen Loop & Industrial Blvd,Temple,76502,Texas,31.1358795,-97.3736895,https://www.datacentermap.com/usa/texas/waco/meta-temple-data-center/
5395,Lumen Waco,Lumen,Colocation,"1417 Airbase Rd,",Waco,75705,Texas,31.612132,-97.092573,https://www.datacentermap.com/usa/texas/waco/level3-waco/
5313,Lumen Corpus Christi 1,Lumen,Colocation,4901 Westway Drive,Corpus Christi,78408,Texas,27.792787,-97.451537,https://www.datacentermap.com/usa/texas/corpus-christi/level3-corpus-christi1/
9805,MDC Eagle Pass - EGP1,MDC Data Centers,Colocation,464 Bliss St,Eagle Pass,78852,Texas,28.7028071,-100.5048819,https://www.datacentermap.com/usa/texas/eagle-pass/mdc-eagle-pass/
11637,Fort Stockton Clean Campus,Lancium,Campus,1753 US Hwy 285,Fort Stockton,79735,Texas,30.904473,-102.9177867,https://www.datacentermap.com/usa/texas/fort-stockton/fort-stockton-clean-campus/
2246,Data Journey The Bunker,Data Journey,Colocation,550 Club Dr.,Montgomery,77316,Texas,30.381137,-95.666618,https://www.datacentermap.com/usa/texas/montgomery-tx/montgomery-westland-bunker/
11615,Core Scientific Pecos,Core Scientific,Colocation,1939 Farm to Market 2119,Pecos,79772,Texas,31.5417384,-103.818692,https://www.datacentermap.com/usa/texas/pecos/core-scientific-pecos/
12471,"SANG-TX (San Angelo, Texas)",Cloudnium LLC.,Colocation,2701 S Johnson St.,San Angelo,76904,Texas,31.4314439,-100.4637862,https://www.datacentermap.com/usa/texas/san-angelo/sang-tx/
5475,Lumen Stratford 1,Lumen,Colocation,501 W Texas Avenue,Stratford,79084,Texas,33.9198011,-98.5076143,https://www.datacentermap.com/usa/texas/stratford/level3-stratford1/
3254,43830 Devin Shafron Drive (IAD24),Digital Realty,Colocation,43830 Devin Shafron Drive,Ashburn,20147,Virginia,39.004182,-77.484108,https://www.datacentermap.com/usa/virginia/ashburn/43830-devin-shafron-dr/
8852,Centersquare Ashburn Campus,Centersquare,Campus,21561-21571 Beaumeade Circle,Ashburn,20147,Virginia,39.021941,-77.453284,https://www.datacentermap.com/usa/virginia/ashburn/ashburn-wdc1/
7811,44100 Digital Loudoun Plaza (IAD38),Digital Realty,Colocation,44100 Digital Loudoun Plaza ,Ashburn,20147,Virginia,39.0010894,-77.4772202,https://www.datacentermap.com/usa/virginia/ashburn/44100-digital-loudoun-plaza/
7915,"44274 Round Table Plaza, Bldg L (IAD39)",Digital Realty,Colocation,44274 Round Table Plaza,Ashburn,20147,Virginia,39.0077105,-77.4676609,https://www.datacentermap.com/usa/virginia/ashburn/44274-round-table-plaza-bldg-l/
9390,Cologix ASH1-S,Cologix,Colocation,21745 Beaumeade Circle,Ashburn,20147,Virginia,39.01928455207471,-77.45761367327036,https://www.datacentermap.com/usa/virginia/ashburn/cologix-ash1-s/
7912,21625 Gresham Drive (ACC7),Digital Realty,Colocation,21625 Gresham Drive,Ashburn,20147,Virginia,39.0175221,-77.4656757,https://www.datacentermap.com/usa/virginia/ashburn/21625-gresham-drive/
7814,44060 Digital Loudoun Plaza (IAD37),Digital Realty,Colocation,44060 Digital Loudoun Plaza,Ashburn,20147,Virginia,38.9999799,-77.4780558,https://www.datacentermap.com/usa/virginia/ashburn/43940-digital-loudoun-plaza/
7914,44521 Hastings Drive (ACC5),Digital Realty,Colocation,44521 Hastings Drive,Ashburn,20147,Virginia,39.0201312,-77.4632058,https://www.datacentermap.com/usa/virginia/ashburn/44521-hastings-drive/
7913,44461 Chilum Place (ACC6),Digital Realty,Colocation,44461 Chilum Place,Ashburn,20147,Virginia,39.0211326,-77.4635643,https://www.datacentermap.com/usa/virginia/ashburn/44461-chilum-place/
7893,44480 Hastings Drive (ACC4),Digital Realty,Colocation,44480 Hastings Drive,Ashburn,20147,Virginia,39.0178075,-77.4624887,https://www.datacentermap.com/usa/virginia/ashburn/44480-hastings-drive/
11037,44490 Chillum (ACC2),Digital Realty,Colocation,44490 Chillum Place,Ashburn,20147,Virginia,39.02159832022906,-77.45927247433787,https://www.datacentermap.com/usa/virginia/ashburn/44490-chillum-acc2/
7917,43780 Digital Loudoun Plaza (IAD36),Digital Realty,Colocation,43780 Digital Loudoun Plaza,Ashburn,20147,Virginia,39.0015144,-77.479326,https://www.datacentermap.com/usa/virginia/ashburn/43780-digital-loudoun-bldg-h/
10973,21745 Sir Timothy (ACC9),Digital Realty,Colocation,21745 Sir Timothy Dr,Ashburn,20147,Virginia,39.0154045145503,-77.46719335083544,https://www.datacentermap.com/usa/virginia/ashburn/21745-sir-timothy-acc9/
10971,44520 Hastings (ACC3),Digital Realty,Colocation,44520 Hastings Dr,Ashburn,20147,Virginia,39.01994080297338,-77.45985046059216,https://www.datacentermap.com/usa/virginia/ashburn/44520-hastings-acc3/
11709,44540 Round Table Plaza (IAD73),Digital Realty,Colocation,44540 Round Table Plz,Ashburn,20147,Virginia,39.00640215908274,-77.46720109997933,https://www.datacentermap.com/usa/virginia/ashburn/44540-round-table-plaza-iad73/
962,43940 Digital Loudoun Plaza (IAD35),Digital Realty,Colocation,43940 Digital Loudoun Plaza,Ashburn,20147,Virginia,39.0005693,-77.4805131,https://www.datacentermap.com/usa/virginia/ashburn/43881-devin-shafron-drive/
7812,43881 Devin Shafron Drive (IAD12),Digital Realty,Colocation,43881 Devin Shafron Drive,Ashburn,20147,Virginia,39.0019437,-77.4834425,https://www.datacentermap.com/usa/virginia/ashburn/43915-devin-shafron-drive/
10974,21744 Sir Timothy (ACC10),Digital Realty,Colocation,21744 Sir Timothy Dr,Ashburn,20147,Virginia,39.01269813269297,-77.46556022349331,https://www.datacentermap.com/usa/virginia/ashburn/21744-sir-timothy-acc10/
963,43791 Devin Shafron Drive (IAD14),Digital Realty,Colocation,43791 Devin Shafron Drive ,Ashburn,20147,Virginia,39.003285,-77.487214,https://www.datacentermap.com/usa/virginia/ashburn/43791-devin-shafron-drive/
7918,"44372 Round Table Plaza, Bldg M (IAD40)",Digital Realty,Colocation,44372 Round Table Plaza,Ashburn,20147,Virginia,39.0064492,-77.4670489,https://www.datacentermap.com/usa/virginia/ashburn/44372-round-table-plaza-bldg-m/
10972,43831 Devin Shafron (IAD13),Digital Realty,Colocation,43831 Devin Shafron Dr,Ashburn,20147,Virginia,39.00267079094796,-77.48537452075928,https://www.datacentermap.com/usa/virginia/ashburn/43831-devin-shafron-iad13/
11927,44470 Chilum Place (IAD18),Digital Realty,Colocation,44470 Chilum Place,Ashburn,20147,Virginia,39.0219138,-77.46021429999999,https://www.datacentermap.com/usa/virginia/ashburn/44470-chilum-place-iad18/
8668,"22124 Broderick Drive, Bldg R (IAD42)",Digital Realty,Colocation,22124 Broderick Drive (Bldg R),Ashburn,20147,Virginia,39.005589,-77.449503,https://www.datacentermap.com/usa/virginia/ashburn/22124-broderick-drive-r/
11038,21362 Smith Switch (ACC8),Digital Realty,Colocation,21362 Smith Switch Rd,Ashburn,20147,Virginia,39.02404371446382,-77.46204425516646,https://www.datacentermap.com/usa/virginia/ashburn/21362-smith-switch-acc8/
7813,43915 Devin Shafron (IAD15),GI Property Management,Colocation,43915 Devin Shafron Drive,Ashburn,20147,Virginia,39.0026909,-77.48192,https://www.datacentermap.com/usa/virginia/ashburn/44060-digital-loudoun-plaza/
8667,"44751 Round Table Plaza, Bldg P (IAD41)",Digital Realty,Colocation,44751 Round Table Plaza (Bldg P),Ashburn,20147,Virginia,39.008276,-77.458637,https://www.datacentermap.com/usa/virginia/ashburn/44751-round-table-plaza-p/
3973,NTT Ashburn VA1,NTT Global Data Centers,Colocation,44664 Guilford Drive,Ashburn,20147,Virginia,39.022193,-77.455587,https://www.datacentermap.com/usa/virginia/ashburn/ragingwire-ashburn/
8563,NTT Ashburn VA3,NTT Global Data Centers,Colocation,21583 Megawatt Drive,Ashburn,20147,Virginia,39.01720727142293,-77.47045721926816,https://www.datacentermap.com/usa/virginia/ashburn/ntt-ashburn-va3/
8562,NTT Ashburn VA2,NTT Global Data Centers,Colocation,44610 Guilford Drive,Ashburn,20147,Virginia,39.0249531595275,-77.45758319616358,https://www.datacentermap.com/usa/virginia/ashburn/ntt-ashburn-va2/
8564,NTT Ashburn VA4,NTT Global Data Centers,Colocation,21583 Megawatt Drive,Ashburn,20147,Virginia,39.01986391735981,-77.47269001052574,https://www.datacentermap.com/usa/virginia/ashburn/ntt-ashburn-va4/
8565,NTT Ashburn VA5,NTT Global Data Centers,Colocation,21583 Megawatt Drive,Ashburn,20147,Virginia,39.01831079734126,-77.4727636927085,https://www.datacentermap.com/usa/virginia/ashburn/ntt-ashburn-va5/
6996,Element Critical Northern Virginia,Element Critical,Colocation,7990 Quantum Dr,Vienna,22182,Virginia,38.90898754441049,-77.22060624563204,https://www.datacentermap.com/usa/virginia/ashburn/element-critical-va1/
4833,Equinix DC11,Equinix,Colocation,21721 Filigree Court,Ashburn,20147,Virginia,39.0152031,-77.4594652,https://www.datacentermap.com/usa/virginia/ashburn/equinix-dc11/
6523,H5 Data Centers Ashburn,H5 Data Centers,Colocation,21800 Beaumeade Cir,Ashburn,20147,Virginia,39.013682,-77.451713,https://www.datacentermap.com/usa/virginia/ashburn/h5dc-ashburn/
9067,Equinix DC12,Equinix,Colocation,44790 Performance Circle,Ashburn,20147,Virginia,39.02256051730227,-77.45034250886079,https://www.datacentermap.com/usa/virginia/ashburn/equinix-dc12/
9071,Equinix DC21,Equinix,Colocation,22175 Beaumeade Circle,Ashburn,20147,Virginia,39.01186,-77.45448,https://www.datacentermap.com/usa/virginia/ashburn/equinix-dc21/
1759,Centersquare - Ashburn IAD4-A,Centersquare,Colocation,21571 Beaumeade Circle,Ashburn,20147,Virginia,39.022182,-77.453577,https://www.datacentermap.com/usa/virginia/ashburn/att-21571-beaumeade/
1038,Equinix DC2,Equinix,Colocation,21715 Filigree Court,Ashburn,20147,Virginia,39.016494,-77.4592617,https://www.datacentermap.com/usa/virginia/ashburn/equinix-ashburn2/
8242,SDC Ashburn A,Sabey Data Center Properties LLC,Colocation,21741 Red Rum Dr,Ashburn,20147,Virginia,39.01539827769066,-77.4782544161659,https://www.datacentermap.com/usa/virginia/ashburn/intergateashburn/
1758,Centersquare - Ashburn IAD4-B,Centersquare,Colocation,21561 Beaumeade Circle,Ashburn,20147,Virginia,39.021799,-77.452678,https://www.datacentermap.com/usa/virginia/ashburn/att-21561-beaumeade/
9214,Aligned IAD-02,Aligned Data Centers,Colocation,21821 Uunet Drive,Ashburn,20147,Virginia,39.010247,-77.4749719,https://www.datacentermap.com/usa/virginia/ashburn/aligned-iad-02/
1061,Equinix DC4,Equinix,Colocation,21691 Filigree Court,Ashburn,20147,Virginia,39.0164848,-77.4619615,https://www.datacentermap.com/usa/virginia/ashburn/equinix-ashburn4/
1041,Equinix DC1,Equinix,Colocation,21711 Filigree Court,Ashburn,20147,Virginia,39.0155544,-77.4603448,https://www.datacentermap.com/usa/virginia/ashburn/equinix-ashburn1/
1043,Equinix DC3,Equinix,Colocation,44470 Chilum Place,Ashburn,20147,Virginia,39.0221038,-77.460696,https://www.datacentermap.com/usa/virginia/ashburn/equinix-ashburn3/
2504,DataBank IAD1 - Ashburn ,DataBank,Colocation,21635 Red Rum Dr,Ashburn,20147,Virginia,39.015513,-77.4817247,https://www.datacentermap.com/usa/virginia/ashburn/latisys-ashburn/
4832,Equinix DC6,Equinix,Colocation,21721 Filigree Court,Ashburn,20147,Virginia,39.0152031,-77.4594652,https://www.datacentermap.com/usa/virginia/ashburn/equinix-dc6/
4834,Equinix DC10,Equinix,Colocation,21551 Beaumeade Circle,Ashburn,20147,Virginia,39.020867,-77.4513023,https://www.datacentermap.com/usa/virginia/ashburn/equinix-dc10/
4831,Equinix DC5,Equinix,Colocation,21701 Filigree Court,Ashburn,20147,Virginia,39.015216,-77.457658,https://www.datacentermap.com/usa/virginia/ashburn/equinix-dc5/
9070,Equinix DC15,Equinix,Colocation,44780 Performance Circle,Ashburn,20147,Virginia,39.02293170869478,-77.44977402446722,https://www.datacentermap.com/usa/virginia/ashburn/equinix-dc15/
9213,Aligned IAD-01,Aligned Data Centers,Colocation,21890 Uunet Drive,Ashburn,20147,Virginia,39.013328,-77.47145200000001,https://www.datacentermap.com/usa/virginia/ashburn/aligned-iad-01/
9703,Summit Ashburn,Summit (formerly Deft),Colocation,43830 Devin Shafron Dr,Ashburn,20147,Virginia,39.0041487,-77.4843702,https://www.datacentermap.com/usa/virginia/ashburn/deft-iad1-ashburn/
9193,QTS Ashburn 3 DC1,QTS Data Centers,Colocation,22291 Shellhorn Road,Ashburn,20147,Virginia,38.99808959996076,-77.47561987108294,https://www.datacentermap.com/usa/virginia/ashburn/qts-ash3-dc1/
9068,Equinix DC13,Equinix,Colocation,21830 Uunet Way,Ashburn,20147,Virginia,39.01258,-77.475265,https://www.datacentermap.com/usa/virginia/ashburn/equinix-dc13/
11035,Equinix DC16,Equinix,Colocation,44740 Performance Circle,Ashburn,20147,Virginia,39.02427666581032,-77.45240855773166,https://www.datacentermap.com/usa/virginia/ashburn/equinix-dc16/
7696,EdgeCore Ashburn AS01,EdgeCore,Colocation,45865 Maries Road,Sterling,20166,Virginia,39.0218016,-77.4146767,https://www.datacentermap.com/usa/virginia/ashburn/edgecore-ashburn-as01/
9183,DataBank IAD3 - Ashburn Campus,DataBank,Colocation,21630 Red Rum Dr,Ashburn,20147,Virginia,39.01783,-77.48177,https://www.datacentermap.com/usa/virginia/ashburn/databank-iad3/
10050,Rackspace Ashburn,Rackspace Hosting,Colocation,44461 Chilum Place,Ashburn,20147,Virginia,39.0211431,-77.46355179999999,https://www.datacentermap.com/usa/virginia/ashburn/rackspace/
14664,DataBank IAD4 - Ashburn,DataBank,Colocation,21625 Red Rum Dr,Ashburn,20147,Virginia,39.0158838,-77.4831897,https://www.datacentermap.com/usa/virginia/ashburn/databank-iad4-ashburn/
9279,CloudHQ LC Campus,CloudHQ,Campus,21955 Loudoun County Pkwy,Ashburn,20147,Virginia,39.00989991162159,-77.46325166095652,https://www.datacentermap.com/usa/virginia/ashburn/cloudhq-lc-campus/
9208,CyrusOne NVA14,CyrusOne Data Centers,Colocation,21529 Beaumeade Circle,Ashburn,20147,Virginia,39.01963454166167,-77.45053166694414,https://www.datacentermap.com/usa/virginia/ashburn/powerhouse-abx1/
4956,SDC Ashburn C,Sabey Data Center Properties LLC,Colocation,21735 Red Rum Drive,Ashburn,20147,Virginia,39.0139352,-77.4767866,https://www.datacentermap.com/usa/virginia/ashburn/intergate-ashburn/
12145,Quantum Connect,PowerHouse Data Centers,Colocation,22001 Loudoun County Pkwy,Ashburn,20147,Virginia,39.0113413,-77.4712498,https://www.datacentermap.com/usa/virginia/ashburn/quantum-connect/
9194,QTS Ashburn 3 DC2,QTS Data Centers,Colocation,22271 Shellhorn Road,Ashburn,20147,Virginia,38.99862818684682,-77.47428413099419,https://www.datacentermap.com/usa/virginia/ashburn/qts-ash3-dc2/
10899,Remington Technology Park,PointOne,Campus,6980 Helm Dr,Remington,22734,Virginia,38.540508,-77.789075,https://www.datacentermap.com/usa/virginia/ashburn/remington-technology-park/
9288,CloudHQ LC11,CloudHQ,Colocation,22131 Loudoun County Pkwy,Ashburn,20147,Virginia,39.006718,-77.478126,https://www.datacentermap.com/usa/virginia/ashburn/cloudhq-lc11/
9281,CloudHQ LC2,CloudHQ,Colocation,44621 Waxpool Rd,Ashburn,20147,Virginia,39.0117174,-77.4624862,https://www.datacentermap.com/usa/virginia/ashburn/cloudhq-lc2/
9282,CloudHQ LC3,CloudHQ,Colocation,44631 Waxpool Rd,Ashburn,20147,Virginia,39.0111472,-77.4605028,https://www.datacentermap.com/usa/virginia/ashburn/cloudhq-lc3/
9286,CloudHQ LC9,CloudHQ,Colocation,22210 Loudoun County Parkway,Ashburn,20147,Virginia,39.003981,-77.470626,https://www.datacentermap.com/usa/virginia/ashburn/cloudhq-lc9/
9291,CloudHQ LC14,CloudHQ,Colocation,22131 Loudoun County Pkwy,Ashburn,20147,Virginia,39.006188,-77.475617,https://www.datacentermap.com/usa/virginia/ashburn/cloudhq-lc14/
10978,NTT Ashburn Campus,NTT Global Data Centers,Campus,Megawatt Dr / Gigabit Plz,Ashburn,20147,Virginia,39.01910496631204,-77.47366667057929,https://www.datacentermap.com/usa/virginia/ashburn/ntt-ashburn-campus/
11362,Microsoft Compass Creek Campus,Microsoft,Campus,19515-19540 Compass Creek Pkwy,Leesburg,20175 ,Virginia,39.07516416519945,-77.56357256583598,https://www.datacentermap.com/usa/virginia/ashburn/microsoft-compass-creek-campus/
11077,Dulles 28 Technology Park,The BlackChamber Group,Colocation,Pacific Blvd / Wapool Rd,Ashburn,20166,Virginia,39.00922061569657,-77.44271815586289,https://www.datacentermap.com/usa/virginia/ashburn/dulles-28-technology-park/
9290,CloudHQ LC13,CloudHQ,Colocation,22131 Loudoun County Pkwy,Ashburn,20147,Virginia,39.005048,-77.476645,https://www.datacentermap.com/usa/virginia/ashburn/cloudhq-lc13/
11041,Amazon AWS IAD - Import Campus,Amazon AWS,Campus,44351-44254 Import Plaza,Ashburn,20147,Virginia,38.99613490157937,-77.47213440153939,https://www.datacentermap.com/usa/virginia/ashburn/amazon-aws-iad-import-campus/
9287,CloudHQ LC10,CloudHQ,Colocation,22210 Loudoun County Parkway,Ashburn,20147,Virginia,39.004371,-77.472825,https://www.datacentermap.com/usa/virginia/ashburn/cloudhq-lc10/
11366,Microsoft - 41720 Inclusion Ln,Microsoft,Hyperscaler,41720 Inclusion Ln,Leesburg,20175,Virginia,39.069618,-77.55943719999999,https://www.datacentermap.com/usa/virginia/ashburn/microsoft-41720-inclusion-ln/
10994,STACK Infrastructure NVA06,STACK INFRASTRUCTURE,Colocation,19275 Compass Creek Pkwy,Leesburg,20175,Virginia,39.0811496914989,-77.565116117741,https://www.datacentermap.com/usa/virginia/ashburn/stack-infrastructure-nva06/
9283,CloudHQ LC4,CloudHQ,Colocation,22210 Loudoun County Parkway,Ashburn,20147,Virginia,39.002908,-77.472159,https://www.datacentermap.com/usa/virginia/ashburn/cloudhq-lc4/
10462,Amazon AWS IAD - Loudoun County Campus,Amazon AWS,Campus,20935-20934 Lodoun County Pkwy,Ashburn,20147,Virginia,39.036013,-77.450214,https://www.datacentermap.com/usa/virginia/ashburn/aws-iad-loudoun-county-campus/
11365,Microsoft - 41730 Inclusion Ln,Microsoft,Hyperscaler,41730 Inclusion Ln,Leesburg,20175,Virginia,39.0696069,-77.5607682,https://www.datacentermap.com/usa/virginia/ashburn/microsoft-41730-inclusion-ln/
10969,Google Loudoun County Campus,Google,Campus,Energy Park Drive,Leesburg,20175,Virginia,39.04946628823595,-77.5384608095923,https://www.datacentermap.com/usa/virginia/ashburn/google-loudoun-county-campus/
9321,Compass Loudoun County I - Campus,Compass Datacenters,Campus,Thunderball Dr,Ashburn,20148,Virginia,39.0427647,-77.5394072,https://www.datacentermap.com/usa/virginia/ashburn/compass-loudoun-county-i/
9280,CloudHQ LC1,CloudHQ,Colocation,21955 Loudoun County Pkwy,Ashburn,20147,Virginia,39.0101648,-77.4628056,https://www.datacentermap.com/usa/virginia/ashburn/cloudhq-lc1/
9289,CloudHQ LC12,CloudHQ,Colocation,22131 Loudoun County Pkwy,Ashburn,20147,Virginia,39.00565,-77.478954,https://www.datacentermap.com/usa/virginia/ashburn/cloudhq-lc12/
9285,CloudHQ LC8,CloudHQ,Colocation,22210 Loudoun County Parkway,Ashburn,20147,Virginia,39.002512,-77.468513,https://www.datacentermap.com/usa/virginia/ashburn/cloudhq-lc8/
10029,Google Loudoun County Data Center 1,Google,Hyperscaler,Goose Landing Ln,Leesburg,20175,Virginia,39.0526208,-77.5395419,https://www.datacentermap.com/usa/virginia/ashburn/google-loudoun-county/
6983,CloudHQ MCC1,CloudHQ,Colocation,10880 Airman Ave,Manassas,20112,Virginia,38.717023,-77.4999271,https://www.datacentermap.com/usa/virginia/ashburn/mcc1/
11095,43790 Devin Shafron Dr,Menlo Equities,Colocation,43790 Devin Shafron Dr,Ashburn,20147,Virginia,39.0050545,-77.4856124,https://www.datacentermap.com/usa/virginia/ashburn/43790-devin-shafron-dr/
10043,Vantage VA3 - Ashburn III Campus,Vantage Data Centers,Colocation,19509 Belmont Ridge Road,Ashburn,20147,Virginia,39.07763607854258,-77.50485300885215,https://www.datacentermap.com/usa/virginia/ashburn/vantage-va3-ashburn-iii-campus/
11036,Equinix DC22,Equinix,Colocation,22165 Beaumeade Circle,Ashburn,20147,Virginia,39.01377210793382,-77.45376597765666,https://www.datacentermap.com/usa/virginia/ashburn/equinix-dc22/
6485,STACK Infrastructure NVA01A,STACK INFRASTRUCTURE,Colocation,22080 Pacific Blvd.,Sterling,20166,Virginia,39.004922,-77.441875,https://www.datacentermap.com/usa/virginia/ashburn/ashburn2/
11034,Compass Loudoun County I - E,Compass Datacenters,Colocation,42590 Thunderball Dr,Ashburn,20148,Virginia,39.044178,-77.538132,https://www.datacentermap.com/usa/virginia/ashburn/compass-loudoun-county-i-e/
11029,Lumen Ashburn,Lumen,Colocation,44633 Guilford Drive,Ashburn,20147,Virginia,39.02217380441355,-77.4575642871464,https://www.datacentermap.com/usa/virginia/ashburn/lumen-ashburn/
10970,Google Loudoun County Data Center 2,Google,Hyperscaler,Goose Landing Ln,Leesburg,20175,Virginia,39.05056751515701,-77.53998965572775,https://www.datacentermap.com/usa/virginia/ashburn/google-loudoun-county2/
11367,Microsoft - 41700 Inclusion Ln (IAD4),Microsoft,Hyperscaler,41700 Inclusion Ln,Leesburg,20175,Virginia,39.06691550000001,-77.5585543,https://www.datacentermap.com/usa/virginia/ashburn/microsoft-41700-inclusion-ln/
11042,Amazon IAD - 44254 Import,Amazon AWS,Hyperscaler,44254 Import Plaza,Ashburn,20147,Virginia,38.996532,-77.473185,https://www.datacentermap.com/usa/virginia/ashburn/amazon-iad-44254-import/
10409,Amazon AWS IAD - 21267 Smith,Amazon AWS,Hyperscaler,21267 Smith Switch Rd,Ashburn,20147,Virginia,39.028702,-77.458316,https://www.datacentermap.com/usa/virginia/ashburn/amazon-aws-iad-21267-smith/
10980,NTT Ashburn VA6,NTT Global Data Centers,Colocation,44495 Gigabit Plaza,Ashburn,20147,Virginia,39.01698719760622,-77.47340509010587,https://www.datacentermap.com/usa/virginia/ashburn/ntt-ashburn-va6/
11368,Microsoft - 41700 Inclusion Ln (IAD6),Microsoft,Hyperscaler,41700 Inclusion Ln,Leesburg,20175,Virginia,39.064862,-77.558003,https://www.datacentermap.com/usa/virginia/ashburn/microsoft-41700-inclusion-ln-bldg-2/
11031,Compass Loudoun County I - B,Compass Datacenters,Colocation,42250 Thunderball Dr,Ashburn,20148,Virginia,39.043312,-77.540611,https://www.datacentermap.com/usa/virginia/ashburn/compass-loudoun-county-i-b/
11363,Microsoft - 19525 Compass Creek,Microsoft,Hyperscaler,19525 Compass Creek Pkwy,Leesburg,20175,Virginia,39.075422,-77.5629972,https://www.datacentermap.com/usa/virginia/ashburn/microsoft-19525-compass-creek/
10230,Windstream Ashburn,Windstream,Colocation,44200 Waxpool Rd,Ashburn,20147,Virginia,39.0149741,-77.47405119999999,https://www.datacentermap.com/usa/virginia/ashburn/windstream-ashburn/
10410,Amazon AWS IAD - 21263 Smith,Amazon AWS,Hyperscaler,21263 Smith Switch Rd,Ashburn,20147,Virginia,39.02786,-77.457416,https://www.datacentermap.com/usa/virginia/ashburn/amazon-aws-iad-21263-smith/
10438,Amazon AWS IAD - 44854 Interconnection,Amazon AWS,Hyperscaler,44854 Interconnection Plz,Ashburn,20147,Virginia,39.02703070482402,-77.45280787413792,https://www.datacentermap.com/usa/virginia/ashburn/aws-iad-44854-interconnection/
10408,Amazon AWS IAD - 21271 Smith,Amazon AWS,Hyperscaler,21271 Smith Switch Rd,Ashburn,20147,Virginia,39.029578,-77.459637,https://www.datacentermap.com/usa/virginia/ashburn/amazon-aws-iad-21271-smith/
11044,Amazon IAD - 44351 Import,Amazon AWS,Hyperscaler,44351 Import Plaza,Ashburn,20147,Virginia,38.995102,-77.471046,https://www.datacentermap.com/usa/virginia/ashburn/amazon-iad-44351-import/
10437,Amazon AWS IAD - Interconnection Campus,Amazon AWS,Campus,44854-44862 Interconnection Plz,Ashburn,20147,Virginia,39.02659947976149,-77.45141847598957,https://www.datacentermap.com/usa/virginia/ashburn/aws-iad-interconnection-campus/
10983,NTT Ashburn VA9,NTT Global Data Centers,Colocation,44720 Gigabit Plaza,Ashburn,20147,Virginia,39.02030041155722,-77.47521852914588,https://www.datacentermap.com/usa/virginia/ashburn/ntt-ashburn-va9/
10982,NTT Ashburn VA8,NTT Global Data Centers,Colocation,44725 Gigabit Plaza,Ashburn,20147,Virginia,39.018737,-77.4759974,https://www.datacentermap.com/usa/virginia/ashburn/ntt-ashburn-va8/
10464,Amazon AWS IAD - 20945 Loudoun,Amazon AWS,Hyperscaler,20945 Loudoun County Pkwy,Ashburn,20147,Virginia,39.035477,-77.450721,https://www.datacentermap.com/usa/virginia/ashburn/amazon-aws-iad-20945-loudoun/
14248,LightEdge - Ashburn,LightEdge,Colocation,21721 Filigree Ct,Ashburn,20147,Virginia,39.0152031,-77.4594652,https://www.datacentermap.com/usa/virginia/ashburn/lightedge-ashburn/
11078,Tech Park at Brambleton,The BlackChamber Group,Colocation,23896 Belmont Ridge Road,Ashburn,20148,Virginia,38.95645674249057,-77.53512112011552,https://www.datacentermap.com/usa/virginia/ashburn/tech-park-at-brambleton/
10981,NTT Ashburn VA7,NTT Global Data Centers,Colocation,44371 Gigabit Plaza,Ashburn,20147,Virginia,39.01574868360814,-77.47170191380793,https://www.datacentermap.com/usa/virginia/ashburn/ntt-ashburn-va7/
9284,CloudHQ LC5,CloudHQ,Colocation,21615 Lockridge Rd,Ashburn,20147,Virginia,39.009534,-77.477243,https://www.datacentermap.com/usa/virginia/ashburn/cloudhq-lc5/
10440,Amazon AWS IAD - 44862 Interconnection,Amazon AWS,Hyperscaler,44862 Interconnection Plz,Ashburn,20147,Virginia,39.02648061346299,-77.44956776578906,https://www.datacentermap.com/usa/virginia/ashburn/aws-iad-44862-interconnection/
11032,Compass Loudoun County I - C,Compass Datacenters,Colocation,42251 Thunderball Dr,Ashburn,20148,Virginia,39.041708,-77.539347,https://www.datacentermap.com/usa/virginia/ashburn/compass-loudoun-county-i-c/
14390,Amazon AWS - 41789 Cochran Mill Rd,Amazon AWS,Hyperscaler,41789 Cochran Mill Rd,Leesburg,20175,Virginia,39.06835466867474,-77.52811589181938,https://www.datacentermap.com/usa/virginia/ashburn/amazon-aws-41789-cochran-mill-rd/
10975,SDC Ashburn B,Sabey Data Center Properties LLC,Colocation,21745 Red Rum,Ashburn,20147,Virginia,39.01450756214319,-77.47988976675335,https://www.datacentermap.com/usa/virginia/ashburn/sdc-ashburn-b/
11364,Microsoft - 19515 Compass Creek,Microsoft,Hyperscaler,19515 Compass Creek Pkwy,Leesburg,20175,Virginia,39.0747746,-77.5641169,https://www.datacentermap.com/usa/virginia/ashburn/microsoft-19515-compass-creek/
10407,Amazon AWS IAD - Smith Campus,Amazon AWS,Campus,21263-21271 Smith Switch Rd,Ashburn,20147,Virginia,39.029116,-77.457607,https://www.datacentermap.com/usa/virginia/ashburn/amazon-aws-iad-smith-campus/
9192,QTS Ashburn 3 Campus,QTS Data Centers,Campus,22271-22291 Shellhorn Road,Ashburn,20147,Virginia,38.99847653870452,-77.47490640348629,https://www.datacentermap.com/usa/virginia/ashburn/qts-ashburn-shellhorn-campus/
10463,Amazon AWS IAD - 20935 Loudoun,Amazon AWS,Hyperscaler,20935 Loudoun County Pkwy,Ashburn,20147,Virginia,39.036269,-77.449797,https://www.datacentermap.com/usa/virginia/ashburn/amazon-aws-iad-20935-loudoun/
11033,Compass Loudoun County I - D,Compass Datacenters,Colocation,42311 Thunderball Dr,Ashburn,20148,Virginia,39.042456,-77.538416,https://www.datacentermap.com/usa/virginia/ashburn/compass-loudoun-county-i-d/
11043,Amazon IAD - 44305 Import,Amazon AWS,Hyperscaler,44305 Import Plaza,Ashburn,20147,Virginia,38.995896,-77.471221,https://www.datacentermap.com/usa/virginia/ashburn/amazon-iad-44305-import/
10439,Amazon AWS IAD - 44858 Interconnection,Amazon AWS,Hyperscaler,44858 Interconnection Plz,Ashburn,20147,Virginia,39.02662230407137,-77.4510268874296,https://www.datacentermap.com/usa/virginia/ashburn/aws-iad-44858-interconnection/
11030,Compass Loudoun County I - A,Compass Datacenters,Colocation,42310 Thunderball Dr,Ashburn,20148,Virginia,39.043644,-77.539284,https://www.datacentermap.com/usa/virginia/ashburn/compass-loudoun-county-i-a/
13759,STACK Infrastructure Loudoun County Campus,STACK INFRASTRUCTURE,Campus,Evergreen Mills Rd,Ashburn,20148,Virginia,38.95954855034142,-77.52843742136668,https://www.datacentermap.com/usa/virginia/ashburn/stack-infrastructure-loudoun-county/
13760,STACK Infrastructure Loudoun County - Building 1,STACK INFRASTRUCTURE,Datacenter,Evergreen Mills Rd,Ashburn,20148,Virginia,38.95990121688683,-77.53103547209835,https://www.datacentermap.com/usa/virginia/ashburn/stack-loudoun-county-building-1/
13761,STACK Infrastructure Loudoun County - Building 2,STACK INFRASTRUCTURE,Datacenter,Evergreen Mills Rd,Ashburn,20148,Virginia,38.95971733663299,-77.52555493348244,https://www.datacentermap.com/usa/virginia/ashburn/stack-loudoun-county-building-2/
12328,19886 Ashburn Rd,JK Land Holdings,Colocation,19886 Ashburn Rd,Ashburn,20147,Virginia,39.0665229,-77.47890249999999,https://www.datacentermap.com/usa/virginia/ashburn/19886-ashburn-rd/
11085,Tuscarora Crossing Campus,The BlackChamber Group,Campus,Crosstrail Blvd,Leesburg,20175,Virginia,39.07826722402647,-77.53426945902078,https://www.datacentermap.com/usa/virginia/ashburn/tuscarora-crossing-campus/
11086,Tuscarora Crossing Bldg 1,The BlackChamber Group,Colocation,Crosstrail Blvd,Leesburg,20175,Virginia,39.077793,-77.532388,https://www.datacentermap.com/usa/virginia/ashburn/tuscarora-crossing-bldg-1/
11071,CyrusOne Broadlands - Building 4,CyrusOne Data Centers,Colocation,Education Ct / Broadlands Blvd,Broadlands,20148,Virginia,39.03234614629483,-77.52130966462684,https://www.datacentermap.com/usa/virginia/ashburn/cyrusone-broadlands-building-4/
11088,Tuscarora Crossing Bldg 3,The BlackChamber Group,Colocation,Crosstrail Blvd,Leesburg,20175,Virginia,39.077082,-77.535422,https://www.datacentermap.com/usa/virginia/ashburn/tuscarora-crossing-bldg-3/
11069,CyrusOne Broadlands - Building 2,CyrusOne Data Centers,Colocation,Education Ct / Broadlands Blvd,Broadlands,20148,Virginia,39.03237558315019,-77.52358339431392,https://www.datacentermap.com/usa/virginia/ashburn/cyrusone-broadlands-building-2/
11070,CyrusOne Broadlands - Building 3,CyrusOne Data Centers,Colocation,Education Ct / Broadlands Blvd,Broadlands,20148,Virginia,39.03367667990798,-77.52297706639736,https://www.datacentermap.com/usa/virginia/ashburn/cyrusone-broadlands-building-3/
11067,CyrusOne Broadlands Campus,CyrusOne Data Centers,Campus,Education Ct / Broadlands Blvd,Broadlands,20148,Virginia,39.03273471179797,-77.52197662533504,https://www.datacentermap.com/usa/virginia/ashburn/cyrusone-broadlands-campus/
11068,CyrusOne Broadlands - Building 1,CyrusOne Data Centers,Colocation,Education Ct / Broadlands Blvd,Broadlands,20148,Virginia,39.03143359769798,-77.5239547701628,https://www.datacentermap.com/usa/virginia/ashburn/cyrusone-broadlands-building-1/
11087,Tuscarora Crossing Bldg 2,The BlackChamber Group,Colocation,Crosstrail Blvd,Leesburg,20175,Virginia,39.077531,-77.533613,https://www.datacentermap.com/usa/virginia/ashburn/tuscarora-crossing-bldg-2/
7758,1780 Business Center Drive (VA3),Digital Realty,Colocation,1780 Business Center Drive,Reston,20190,Virginia,38.9484816,-77.3272025,https://www.datacentermap.com/usa/virginia/reston/1780-business-center/
8178,CoreSite Reston (VA3),CoreSite,Colocation,12369 Sunrise Valley Dr,Reston,20191,Virginia,38.9481627,-77.3718392,https://www.datacentermap.com/usa/virginia/reston/coresite-va3/
6490,Flex Data Center Reston,"Flex Data Center, LLC.",Colocation,11513 Sunset Hills Rd,Reston,20190,Virginia,38.9521148,-77.3466171,https://www.datacentermap.com/usa/virginia/reston/flex-dc-reston/
8177,CoreSite Reston (VA1),CoreSite,Colocation,12100 Sunrise Valley Drive,Reston,20190,Virginia,38.9505363,-77.364559,https://www.datacentermap.com/usa/virginia/reston/coresite-va1/
7088,Evocative IAD1,Evocative Data Centers,Colocation,1807 Michael Faraday Court,Reston,20190,Virginia,38.9487656,-77.3293016,https://www.datacentermap.com/usa/virginia/reston/dc1-evocative-data-center/
1036,CoreSite Reston (VA2),CoreSite,Colocation,12100 Sunrise Valley Drive,Reston,20190,Virginia,38.9514894,-77.3640298,https://www.datacentermap.com/usa/virginia/reston/12100-sunrise-valley/
859,Flexential Richmond Data Center,Flexential,Colocation,8801 Park Central Drive,Richmond,23227,Virginia,37.645191,-77.441777,https://www.datacentermap.com/usa/virginia/richmond/flexential-richmond/
5677,EdgeConneX Richmond - EDCRIC01,EdgeConneX,Colocation,1450 E Parham Rd,Richmond,23228,Virginia,37.638915,-77.467703,https://www.datacentermap.com/usa/virginia/richmond/edgeconnex-edcric01/
14067,Iron Mountain Data Centers RCH-1,Iron Mountain Data Centers,Colocation,6110 Technology Creek Dr,Sandston,23150,Virginia,37.49822459822843,-77.23531098508444,https://www.datacentermap.com/usa/virginia/richmond/iron-mountain-rch-1/
2564,"QTS Richmond 1 DC1, DC2, DC3",QTS Data Centers,Colocation,6000 Technology Blvd,Richmond,23150,Virginia,37.488507,-77.2444529,https://www.datacentermap.com/usa/virginia/richmond/qts-richmond/
5487,Pixel Factory Data Center,Pixel Factory Data Center,Colocation,9680 Atlee Commons Dr.,Ashland,23005,Virginia,37.6986413,-77.4364363,https://www.datacentermap.com/usa/virginia/richmond/pixel-factory-data-center/
2874,Richweb Data Center,Richweb,Colocation,7474 Lee Davis Road,Mechanicsville,23111,Virginia,37.6119888,-77.3392405,https://www.datacentermap.com/usa/virginia/richmond/gweb-data-center/
10152,Microsoft Hillcrest Campus,Microsoft,Hyperscaler,210 Tunstall Road,South Hill,23970,Virginia,36.7419674,-78.103385,https://www.datacentermap.com/usa/virginia/richmond/microsoft-hillcrest/
12228,TECfusions Clarksville,TECfusions,Colocation,250 Burlington Dr,Clarksville,23927,Virginia,36.6008629,-78.549977,https://www.datacentermap.com/usa/virginia/richmond/tecfusions-clarksville/
13988,Cogent Data Center - Richmond,"Cogent Communications, Inc.",Colocation,1001 Oliver Hill Way,Richmond,23219,Virginia,37.5421273,-77.4237017,https://www.datacentermap.com/usa/virginia/richmond/cogent-data-center-richmond/
13136,Microsoft Ridge Road Campus,Microsoft,Campus,925 Ridge Rd,Boydton,23917,Virginia,36.69320698279525,-78.36368240483205,https://www.datacentermap.com/usa/virginia/richmond/microsoft-ridge-road-campus/
13141,Microsoft Prison Road Campus,Microsoft,Campus,960 Prison Rd,Boydton,23917,Virginia,36.65922370065306,-78.36403611594886,https://www.datacentermap.com/usa/virginia/richmond/microsoft-prison-road-campus/
11236,Hanover Technology Park,Tract,Campus,Hickory Hill Road & Old Ridge Road,Ashland,23005,Virginia,37.79022620363778,-77.43150076074146,https://www.datacentermap.com/usa/virginia/richmond/hanover-technology-park/
10837,Chirisa Richmond Technology Park,Chirisa,Campus,1401 Meadowville Technology Parkway,Chester,23836,Virginia,37.36007352786623,-77.32721792017082,https://www.datacentermap.com/usa/virginia/richmond/chirisa-technology-park-richmond/
10839,Chirisa Richmond Technology Park CTP-02,Chirisa,Colocation,1401 Meadowville Technology Parkway,Chester,23836,Virginia,37.3602883,-77.3255172,https://www.datacentermap.com/usa/virginia/richmond/chirisa-richmond-ctp-02/
10136,Microsoft Boydton Campus,Microsoft,Campus,101 Herbert Dr,Boydton,23917,Virginia,36.6778975,-78.3745743,https://www.datacentermap.com/usa/virginia/richmond/microsoft-boydton/
12839,Carmel Church Data Hub,AVAIO Digital,Colocation,US-1 & Jericho Rd,Ruther Glen,22546,Virginia,37.92948935630978,-77.47262522311522,https://www.datacentermap.com/usa/virginia/richmond/the-carmel-church-data-hub/
11325,PointOne Richmond Data Center Campus,PointOne,Campus,2840 Roxbury Rd,Charles City,23030,Virginia,37.44892393892321,-77.15702175140754,https://www.datacentermap.com/usa/virginia/richmond/pointone-richmond-data-center-campus/
4471,Infotel Systems Data Center,Infotel Systems,Colocation,6008 Hermitage Road,Henrico,23228,Virginia,37.6129416,-77.4733134,https://www.datacentermap.com/usa/virginia/richmond/infotel-systems-data-center/
13127,Microsoft Boydton - Building 3,Microsoft,Hyperscaler,101 Herbert Dr,Boydton,23917,Virginia,36.68296713261286,-78.37572340157307,https://www.datacentermap.com/usa/virginia/richmond/microsoft-boydton-building-3/
13799,Amazon AWS IAD - Mattermeade Campus,Amazon AWS,Campus,Orrock Ln,Woodford,22580,Virginia,38.11212419486225,-77.4997738422839,https://www.datacentermap.com/usa/virginia/richmond/amazon-aws-iad-mattermeade-campus/
14828,EdgeCore Louisa County,EdgeCore,Campus,Shannon Hill Regional Business Park,Kents Store,23084,Virginia,37.8822963,-78.0385678,https://www.datacentermap.com/usa/virginia/richmond/edgecore-louisa-county/
2535,Windstream Innsbrook,Windstream,Colocation,4551 Cox Road,Richmond,23060,Virginia,37.660947,-77.573954,https://www.datacentermap.com/usa/virginia/richmond/cavalier/
13133,Microsoft Boydton - Building 9,Microsoft,Hyperscaler,101 Herbert Dr,Boydton,23917,Virginia,36.6926772,-78.3768474,https://www.datacentermap.com/usa/virginia/richmond/microsoft-boydton-building-9/
14782,Chesterfield Technology Park,Tract,Campus,16100 Branders Bridge Rd,Colonial Heights,23834,Virginia,37.30291410751052,-77.45746000305795,https://www.datacentermap.com/usa/virginia/richmond/chesterfield-technology-park/
13146,Microsoft Prison Road - Building 5,Microsoft,Hyperscaler,960 Prison Rd,Boydton,23917,Virginia,36.65713063410995,-78.36446417466453,https://www.datacentermap.com/usa/virginia/richmond/microsoft-prison-road-building-5/
13122,Microsoft Hillcrest (AVC01),Microsoft,Hyperscaler,210 Tunstall Rd,"South Hill,",23970,Virginia,36.74227833572523,-78.10379765092546,https://www.datacentermap.com/usa/virginia/richmond/microsoft-hillcrest-avc01/
13144,Microsoft Prison Road - Building 3,Microsoft,Hyperscaler,960 Prison Rd,Boydton,23917,Virginia,36.6593218117863,-78.3634246034045,https://www.datacentermap.com/usa/virginia/richmond/microsoft-prison-road-building-3/
10007,Meta Henrico Data Center,Meta,Hyperscaler,6200 Technology Blvd,Sandston,23150,Virginia,37.4851776,-77.2335433,https://www.datacentermap.com/usa/virginia/richmond/meta-henrico-data-center/
13130,Microsoft Boydton - Building 6,Microsoft,Hyperscaler,101 Herbert Dr,Boydton,23917,Virginia,36.68606805168415,-78.37719968910044,https://www.datacentermap.com/usa/virginia/richmond/microsoft-boydton-building-6/
11343,Meta Sandston,Meta,Hyperscaler,3951 Portugee Rd,Sandston,23150,Virginia,37.4746254,-77.23539319999999,https://www.datacentermap.com/usa/virginia/richmond/meta-sandston/
10840,Chirisa Richmond Technology Park CTP-03,Chirisa,Colocation,1401 Meadowville Technology Parkway,Chester,23836,Virginia,37.3581506,-77.3242116,https://www.datacentermap.com/usa/virginia/richmond/chirisa-richmond-ctp-03/
10841,Chirisa Richmond Technology Park CTP-06,Chirisa,Colocation,1401 Meadowville Technology Parkway,Chester,23836,Virginia,37.35940733544201,-77.32651898938073,https://www.datacentermap.com/usa/virginia/richmond/chirisa-richmond-ctp-06/
13139,Microsoft Ridge Road - Building 3,Microsoft,Hyperscaler,925 Ridge Rd,Boydton,23917,Virginia,36.69547329497059,-78.36503078306211,https://www.datacentermap.com/usa/virginia/richmond/microsoft-ridge-road-building-3/
13125,Microsoft Boydton - Building 1,Microsoft,Hyperscaler,101 Herbert Dr,Boydton,23917,Virginia,36.67824488354856,-78.37679199354612,https://www.datacentermap.com/usa/virginia/richmond/microsoft-boydton-building-1/
10838,Chirisa Richmond Technology Park CTP-01,Chirisa,Colocation,1401 Meadowville Technology Parkway,Chester,23836,Virginia,37.3599239,-77.3270829,https://www.datacentermap.com/usa/virginia/richmond/chirisa-richmond-ctp-01/
13131,Microsoft Boydton - Building 7,Microsoft,Hyperscaler,101 Herbert Dr,Boydton,23917,Virginia,36.68956341685366,-78.37648166544132,https://www.datacentermap.com/usa/virginia/richmond/microsoft-boydton-building-7/
13129,Microsoft Boydton - Building 5,Microsoft,Hyperscaler,101 Herbert Dr,Boydton,23917,Virginia,36.68614193574956,-78.37610320208732,https://www.datacentermap.com/usa/virginia/richmond/microsoft-boydton-building-5/
13138,Microsoft Ridge Road - Building 2,Microsoft,Hyperscaler,925 Ridge Rd,Boydton,23917,Virginia,36.69491192111488,-78.36611985778639,https://www.datacentermap.com/usa/virginia/richmond/microsoft-ridge-road-building-2/
13134,Microsoft Boydton - Building 10,Microsoft,Hyperscaler,101 Herbert Dr,Boydton,23917,Virginia,36.6927934,-78.3780371,https://www.datacentermap.com/usa/virginia/richmond/microsoft-boydton-building-10/
13145,Microsoft Prison Road - Building 4,Microsoft,Hyperscaler,960 Prison Rd,Boydton,23917,Virginia,36.65910923757927,-78.36201812464091,https://www.datacentermap.com/usa/virginia/richmond/microsoft-prison-road-building-4/
13128,Microsoft Boydton - Building 4,Microsoft,Hyperscaler,101 Herbert Dr,Boydton,23917,Virginia,36.68292766155848,-78.37686280392887,https://www.datacentermap.com/usa/virginia/richmond/microsoft-boydton-building-4/
14711,Amazon AWS IAD - Louisa County,Amazon AWS,Campus,Davis Hwy / Jefferson Hwy / Sortmans Rd,Mineral,23117,Virginia,38.01476437044715,-77.93916015996494,https://www.datacentermap.com/usa/virginia/richmond/amazon-aws-iad-louisa-county/
13142,Microsoft Prison Road - Building 1,Microsoft,Hyperscaler,960 Prison Rd,Boydton,23917,Virginia,36.65984506887202,-78.36582988592774,https://www.datacentermap.com/usa/virginia/richmond/microsoft-prison-road-building-1/
13143,Microsoft Prison Road - Building 2,Microsoft,Hyperscaler,960 Prison Rd,Boydton,23917,Virginia,36.65943627457771,-78.3647291634171,https://www.datacentermap.com/usa/virginia/richmond/microsoft-prison-road-building-2/
13132,Microsoft Boydton - Building 8,Microsoft,Hyperscaler,101 Herbert Dr,Boydton,23917,Virginia,36.6895412,-78.37761033896165,https://www.datacentermap.com/usa/virginia/richmond/microsoft-boydton-building-8/
13137,Microsoft Ridge Road - Building 1,Microsoft,Hyperscaler,925 Ridge Rd,Boydton,23917,Virginia,36.69256242309449,-78.36632730059102,https://www.datacentermap.com/usa/virginia/richmond/microsoft-ridge-road-building-1/
13126,Microsoft Boydton - Building 2,Microsoft,Hyperscaler,101 Herbert Dr,Boydton,23917,Virginia,36.67783186388552,-78.37468914177767,https://www.datacentermap.com/usa/virginia/richmond/microsoft-boydton-building-2/
13124,Microsoft Hillcrest (AVC03),Microsoft,Hyperscaler,210 Tunstall Rd,"South Hill,",23970,Virginia,36.74145846410857,-78.10121692661316,https://www.datacentermap.com/usa/virginia/richmond/microsoft-hillcrest-avc03/
12735,Amazon AWS - Lake Anna Tech Campus,Amazon AWS,Hyperscaler,Kentucky Springs Rd & Haley Dr,Mineral,23117,Virginia,38.04825092114535,-77.80818167882427,https://www.datacentermap.com/usa/virginia/richmond/amazon-aws-lake-anna-tech-campus/
12734,Amazon AWS - Northeast Creek Technology Campus,Amazon AWS,Hyperscaler,Jefferson Hwy,Louisa,23093,Virginia,37.98040821109378,-77.95114180143463,https://www.datacentermap.com/usa/virginia/richmond/aws-northeast-creek-technology-campus/
13140,Microsoft Ridge Road - Building 4,Microsoft,Hyperscaler,925 Ridge Rd,Boydton,23917,Virginia,36.69628416108112,-78.36414915114244,https://www.datacentermap.com/usa/virginia/richmond/microsoft-ridge-road-building-4/
13135,Microsoft Boydton - Building 11,Microsoft,Hyperscaler,101 Herbert Dr,Boydton,23917,Virginia,36.6949704,-78.3762941,https://www.datacentermap.com/usa/virginia/richmond/microsoft-boydton-building-11/
13123,Microsoft Hillcrest (AVC02),Microsoft,Hyperscaler,210 Tunstall Rd,"South Hill,",23970,Virginia,36.74177662428327,-78.1022553245613,https://www.datacentermap.com/usa/virginia/richmond/microsoft-hillcrest-avc02/
2973,CTSI Data Center,"Commonwealth Technical Services, Inc.",Colocation,7517 Whitepine Rd,Richmond,23237,Virginia,37.3981675,-77.5225952,https://www.datacentermap.com/usa/virginia/richmond/ctsi/
12843,AVAIO Appomattox,AVAIO Digital,Colocation,Oakville Rd,Appomattox,24522,Virginia,37.37085644978136,-78.8452714186034,https://www.datacentermap.com/usa/virginia/richmond/avaio-appomattox/
13299,Farmville Data Hub,AVAIO Digital,Campus,"Heartland Innovation Technology Park, Persimmon Tree Fork Rd",Farmville,23901,Virginia,37.29434014351514,-78.34554784956414,https://www.datacentermap.com/usa/virginia/richmond/farmville-data-hub/
12840,AVAIO Ladysmith Campus,AVAIO Digital,Colocation,Ladysmith Rd & Bull Church Rd,Ladysmith,22580,Virginia,38.02263092497836,-77.48924782968287,https://www.datacentermap.com/usa/virginia/richmond/avaio-ladysmith-campus/
12330,Chirisa DDC Campus,Chirisa,Campus,1600 Digital Dr,Chester,23836,Virginia,37.3562935,-77.3335387,https://www.datacentermap.com/usa/virginia/richmond/digital-drive/
13913,Amazon AWS IAD - Cosner Tech Campus,Amazon AWS,Campus,4049 Massaponax Church Rd / 9300 Cosner Dr,Carters Store,22408,Virginia,38.20078438829646,-77.47751686614552,https://www.datacentermap.com/usa/virginia/richmond/amazon-aws-iad-cosner-tech-campus/
5441,Lumen Richmond 2,Lumen,Colocation,8145 Staples Mill Road,Richmond,23228,Virginia,37.6255639,-77.5041534,https://www.datacentermap.com/usa/virginia/richmond/level3-richmond2/
5440,Lumen Richmond 1,Lumen,Colocation,8851 Park Central Drive,Richmond,23227,Virginia,37.6467839,-77.438443,https://www.datacentermap.com/usa/virginia/richmond/level3-richmond1/
13912,Amazon AWS IAD - Massaponax Church Rd,Amazon AWS,Campus,Massaponax Church Rd,Carters Store,22408,Virginia,38.207569,-77.473895,https://www.datacentermap.com/usa/virginia/richmond/amazon-aws-iad-massaponax-church-rd/
12954,Solutrix Norfolk Square,"Solutrix, LLC",Colocation,945 Norfolk Sq.,Norfolk,23502 ,Virginia,36.8538341,-76.2330239,https://www.datacentermap.com/usa/virginia/norfolk/solutrix-norfolk-square/
5551,EdgeConneX Norfolk - EDCNOR01,EdgeConneX,Colocation,3800 Village Ave,Norfolk,23502,Virginia,36.8608364,-76.2363559,https://www.datacentermap.com/usa/virginia/norfolk/edcnor01/
10905,Globalinx Virginia Beach,Globalinx,Colocation,1650 Corporate Landing Pkwy,Virginia Beach,23454,Virginia,36.7831,-76.0099659,https://www.datacentermap.com/usa/virginia/norfolk/globalinx-virginia-beach/
10900,NAP of Virginia Beach,PointOne,Colocation,1893 Corporate Landing Pkwy,Virginia Beach,23454,Virginia,36.776384,-76.010494,https://www.datacentermap.com/usa/virginia/norfolk/nap-of-virginia-beach/
10903,Telxius Virginia Beach CLS,Telxius,Colocation,1900 Corporate Landing Pkwy,Virginia Beach,23454,Virginia,36.77766270025337,-76.00707655790029,https://www.datacentermap.com/usa/virginia/norfolk/telxius-virginia-beach-cls/
10534,Amazon AWS IAD - 2097 Harpers Rd,Amazon AWS,Hyperscaler,2097 Harpers Rd,Virginia Beach,23453,Virginia,36.78887643867977,-76.03529802333719,https://www.datacentermap.com/usa/virginia/norfolk/amazon-aws-iad-2097-harpers-rd/
7127,NetTek Data Center,"NetTek, LLC",Colocation,2415 Almeda Ave,Norfolk,23513,Virginia,36.8781223,-76.2160659,https://www.datacentermap.com/usa/virginia/norfolk/zone51/
10818,9905 Godwin Drive (IAD53),Digital Realty,Colocation,9905 Godwin Dr,Manassas,20110,Virginia,38.7404104,-77.5040386,https://www.datacentermap.com/usa/virginia/manassas/digital-realty-9905-godwin-drive/
11089,10051 Brickyard Wy,Digital Realty,Colocation,10051 Brickyard Wy,Manassas,20110,Virginia,38.7369178,-77.5078273,https://www.datacentermap.com/usa/virginia/manassas/10051-brickyard-wy/
6466,Iron Mountain Data Centers VA-1,Iron Mountain Data Centers,Colocation,11680 Hayden Road,Manassas,20109,Virginia,38.77792264250294,-77.54703012251925,https://www.datacentermap.com/usa/virginia/manassas/iron-mountain-va-1/
3993,EvoSwitch Manassas (WDC1),EvoSwitch,Colocation,9651 Hornbaker Road,Manassas,20109,Virginia,38.7464612,-77.5330785,https://www.datacentermap.com/usa/virginia/manassas/evoswitch-wdc-1/
7995,Iron Mountain Data Centers VA-2,Iron Mountain Data Centers,Colocation,11660 Hayden Road,Manassas,20109,Virginia,38.77710296786073,-77.54591432365577,https://www.datacentermap.com/usa/virginia/manassas/iron-mountain-va-2/
5515,VAZATA NoVA I,VAZATA,Colocation,9651 Hornbaker Road,Manassas,20109,Virginia,38.7472871,-77.5318712,https://www.datacentermap.com/usa/virginia/manassas/vazata-nova-i/
9069,Equinix DC14,Equinix,Colocation,7400 Infantry Ridge Road,Manassas,20109,Virginia,38.80333,-77.51088,https://www.datacentermap.com/usa/virginia/manassas/equinix-dc14/
10807,Iron Mountain Data Centers VA-6,Iron Mountain Data Centers,Colocation,11891 Sudley Manor Road,Manassas,20109,Virginia,38.76806082957219,-77.53874746148891,https://www.datacentermap.com/usa/virginia/manassas/iron-mountain-va-6/
9296,CloudHQ MCC Campus,CloudHQ,Campus,Airman Ave & Harry J Parish Boulevard,Manassas,20110,Virginia,38.72073196690473,-77.49847011861604,https://www.datacentermap.com/usa/virginia/manassas/cloudhq-mcc-campus/
9292,CloudHQ MDC Campus,CloudHQ,Campus,10100 Harry J Parrish Boulevard,Manassas,20110,Virginia,38.7314131,-77.5091781,https://www.datacentermap.com/usa/virginia/manassas/cloudhq-mdc-campus/
9628,STACK Infrastructure NVA05A,STACK INFRASTRUCTURE,Colocation,9101 Freedom Center Blvd,Manassas,20110,Virginia,38.75885494676042,-77.51648207845305,https://www.datacentermap.com/usa/virginia/manassas/stack-infrastructure-nva05a/
2188,Cloud Capital - 9651 Hornbaker,CloudHQ,Colocation,9651 Hornbaker Road,Manassas,20109,Virginia,38.74741286878826,-77.53174131910815,https://www.datacentermap.com/usa/virginia/manassas/power-loft-innovation/
10808,Iron Mountain Data Centers VA-7,Iron Mountain Data Centers,Colocation,8330 Bethlehem Road,Manassas,20109,Virginia,38.77540504036094,-77.54030314261834,https://www.datacentermap.com/usa/virginia/manassas/iron-mountain-va-7/
10993,STACK Infrastructure NVA05B,STACK INFRASTRUCTURE,Colocation,Freedom Center Blvd,Manassas,20110,Virginia,38.76115398805212,-77.51505369298008,https://www.datacentermap.com/usa/virginia/manassas/stack-infrastructure-nva05b/
9195,QTS Manassas Campus,QTS Data Centers,Campus,9400 Godwin Drive,Manassas,20110,Virginia,38.7528726,-77.5083588,https://www.datacentermap.com/usa/virginia/manassas/qts-manassas-data-center-campus/
10398,Amazon AWS IAD - Mason Campus,Amazon AWS,Campus,7505-7610 Mason King Ct,Manassas,20109,Virginia,38.790828,-77.539582,https://www.datacentermap.com/usa/virginia/manassas/amazon-aws-iad-mason-campus/
9298,CloudHQ MCC3,CloudHQ,Colocation,10740 Airman Avenue,Manassas,20110,Virginia,38.7135228,-77.5000601,https://www.datacentermap.com/usa/virginia/manassas/cloudhq-mcc3/
11373,Microsoft Jacksonville Road Campus,Microsoft,Campus,11314 Balls Ford Rd,Manassas,20109,Virginia,38.79877467113093,-77.53349910934595,https://www.datacentermap.com/usa/virginia/manassas/microsoft-jacksonville-road-campus/
9299,CloudHQ MCC4,CloudHQ,Colocation,10849 Airman Avenue,Manassas,20110,Virginia,38.7187555,-77.4963883,https://www.datacentermap.com/usa/virginia/manassas/cloudhq-mcc4/
13769,CloudHQ MCC7,CloudHQ,Colocation,10131 Harry J Parrish Blvd,Manassas,20110,Virginia,38.72237573223926,-77.50134707234268,https://www.datacentermap.com/usa/virginia/manassas/cloudhq-mcc7/
13770,CloudHQ MCC6Z,CloudHQ,Colocation,10131 Harry J Parrish Blvd,Manassas,20110,Virginia,38.71546793545276,-77.49657647794285,https://www.datacentermap.com/usa/virginia/manassas/cloudhq-mcc6z/
9301,CloudHQ MCC6A,CloudHQ,Colocation,10900 Airman Avenue,Manassas,20110,Virginia,38.7153954,-77.4964052,https://www.datacentermap.com/usa/virginia/manassas/cloudhq-mcc6/
10402,Amazon AWS IAD - Tanner Campus,Amazon AWS,Campus,10301-1321 Tanner Way,Manassas,20110,Virginia,38.735635,-77.505307,https://www.datacentermap.com/usa/virginia/manassas/amazon-aws-iad-tanner-campus/
10394,Amazon AWS IAD - Doane Campus,Amazon AWS,Campus,Doane Dr / Brewers Spring Rd,Manassas,20109,Virginia,38.791002,-77.54747,https://www.datacentermap.com/usa/virginia/manassas/amazon-aws-iad-doane-campus/
9300,CloudHQ MCC5,CloudHQ,Colocation,10951 Airman Avenue,Manassas,20110,Virginia,38.7198091,-77.4929744,https://www.datacentermap.com/usa/virginia/manassas/cloudhq-mcc5/
9198,QTS Manassas DC5,QTS Data Centers,Colocation,9301 Freedom Center Boulevard,Manassas,20110,Virginia,38.75460616666228,-77.51739293212357,https://www.datacentermap.com/usa/virginia/manassas/qts-manassas5/
9297,CloudHQ MCC2,CloudHQ,Colocation,10100 Harry J Parish Boulevard,Manassas,20110,Virginia,38.7231852,-77.4989941,https://www.datacentermap.com/usa/virginia/manassas/cloudhq-mcc2/
9196,QTS Manassas DC1,QTS Data Centers,Colocation,9400 Godwin Drive,Manassas,20110,Virginia,38.75274801935927,-77.51006853381831,https://www.datacentermap.com/usa/virginia/manassas/qts-manassas1/
10400,Amazon AWS IAD - 7510 Mason,Amazon AWS,Hyperscaler,7510 Mason King Ct,Manassas,20109,Virginia,38.790484,-77.541109,https://www.datacentermap.com/usa/virginia/manassas/amazon-aws-iad-7510-mason/
9197,QTS Manassas DC2,QTS Data Centers,Colocation,9420 Godwin Drive,Manassas,20110,Virginia,38.7534674,-77.51246619999999,https://www.datacentermap.com/usa/virginia/manassas/qts-manassas2/
10396,Amazon AWS IAD - 11801 Brewers,Amazon AWS,Hyperscaler,11801 Brewers Spring Rd,Manassas,20109,Virginia,38.789875,-77.54822,https://www.datacentermap.com/usa/virginia/manassas/amazon-aws-iad-11801-brewers/
10413,Amazon AWS IAD - 7070 Wellington,Amazon AWS,Hyperscaler,7070 Wellington Rd,Manassas,20109,Virginia,38.777461,-77.557848,https://www.datacentermap.com/usa/virginia/manassas/amazon-aws-iad-7070-wellington/
10412,Amazon AWS IAD - 7060 Wellington,Amazon AWS,Hyperscaler,7060 Wellington Rd,Manassas,20109,Virginia,38.777947,-77.559096,https://www.datacentermap.com/usa/virginia/manassas/amazon-aws-iad-7060-wellington/
10277,OVHcloud VIN1,OVH,Hyperscaler,6872 Watson Ct,Warrenton,20187,Virginia,38.7473762,-77.67455009999999,https://www.datacentermap.com/usa/virginia/manassas/ovhcloud-vint-hill/
10425,Amazon AWS IAD - 9740 Innovation,Amazon AWS,Hyperscaler,9740 Innovation Dr,Manassas,20110,Virginia,38.746372,-77.517319,https://www.datacentermap.com/usa/virginia/manassas/amazon-aws-iad-9740-innovation/
10401,Amazon AWS IAD - 7610 Mason,Amazon AWS,Hyperscaler,7610 Mason King Ct,Manassas,20109,Virginia,38.790484,-77.541109,https://www.datacentermap.com/usa/virginia/manassas/amazon-aws-iad-7610-mason/
10435,Amazon AWS IAD - 8200 Bethlehem,Amazon AWS,Hyperscaler,8200 Bethlehem Rd,Manassas,20109,Virginia,38.779387,-77.5416,https://www.datacentermap.com/usa/virginia/manassas/amazon-aws-iad-8200-bethlehem/
11374,Microsoft - MNZ02,Microsoft,Hyperscaler,11314 Balls Ford Rd,Manassas,20109,Virginia,38.798514,-77.534999,https://www.datacentermap.com/usa/virginia/manassas/microsoft-mnz02/
10459,Amazon AWS IAD - Thomasson Campus,Amazon AWS,Campus,11150-11200 Thomasson Barn Rd,Manassas,20109,Virginia,38.743911,-77.529946,https://www.datacentermap.com/usa/virginia/manassas/amazon-aws-iad-thomasson-campus/
10995,STACK Infrastructure NVA02F,STACK INFRASTRUCTURE,Colocation,Hornbaker Rd,Manassas,20109,Virginia,38.74382418605755,-77.53733091651817,https://www.datacentermap.com/usa/virginia/manassas/stack-infrastructure-nva02f/
10395,Amazon AWS IAD - 11800 Brewers,Amazon AWS,Hyperscaler,11800 Brewers Spring Rd,Manassas,20109,Virginia,38.791074,-77.548313,https://www.datacentermap.com/usa/virginia/manassas/amazon-aws-iad-11800-brewers/
10406,Amazon AWS IAD - 10321 Tanner,Amazon AWS,Hyperscaler,10321 Tanner Way,Manassas,20110,Virginia,38.734555,-77.506516,https://www.datacentermap.com/usa/virginia/manassas/amazon-aws-iad-10321-tanner/
10532,Amazon AWS IAD - 8158 Sudley,Amazon AWS,Hyperscaler,8158 Sudley Rd,Manassas,20109,Virginia,38.7764555346383,-77.50833841187627,https://www.datacentermap.com/usa/virginia/manassas/amazon-aws-iad-8158-sudley/
10433,Amazon AWS IAD - 8190 Bethlehem,Amazon AWS,Hyperscaler,8190 Bethlehem Rd,Manassas,20109,Virginia,38.780207,-77.539835,https://www.datacentermap.com/usa/virginia/manassas/amazon-aws-iad-8190-bethlehem/
10414,Amazon AWS IAD - 7080 Wellington,Amazon AWS,Hyperscaler,7080 Wellington Rd,Manassas,20109,Virginia,38.778845,-77.557087,https://www.datacentermap.com/usa/virginia/manassas/amazon-aws-iad-7080-wellington/
10423,Amazon AWS IAD - 9700 Innovation,Amazon AWS,Hyperscaler,9700 Innovation Dr,Manassas,20110,Virginia,38.747507,-77.519566,https://www.datacentermap.com/usa/virginia/manassas/amazon-aws-iad-9700-innovation/
10299,Verizon Manassas,Verizon Communications Inc.,Colocation,7777 Infantry Ridge,Manassas,20109,Virginia,38.8048857,-77.5123619,https://www.datacentermap.com/usa/virginia/manassas/verizon-manassas/
10403,Amazon AWS IAD - 10301 Tanner,Amazon AWS,Hyperscaler,10301 Tanner Way,Manassas,20110,Virginia,38.735373,-77.505722,https://www.datacentermap.com/usa/virginia/manassas/amazon-aws-iad-10301-tanner/
10461,Amazon AWS IAD - 11200 Thomasson,Amazon AWS,Hyperscaler,11200 Thomasson Barn Rd,Manassas,20109,Virginia,38.743967,-77.529206,https://www.datacentermap.com/usa/virginia/manassas/amazon-aws-iad-11200-thomasson/
10424,Amazon AWS IAD - 9720 Innovation,Amazon AWS,Hyperscaler,9720 Innovation Dr,Manassas,20110,Virginia,38.747078,-77.518501,https://www.datacentermap.com/usa/virginia/manassas/amazon-aws-iad-9720-innovation/
10434,Amazon AWS IAD - 8180 Bethlehem,Amazon AWS,Hyperscaler,8180 Bethlehem Rd,Manassas,20109,Virginia,38.778506,-77.539361,https://www.datacentermap.com/usa/virginia/manassas/amazon-aws-iad-8180-bethlehem/
10421,Amazon AWS IAD - Innovation Campus,Amazon AWS,Campus,9680-9740 Innovation Dr,Manassas,20110,Virginia,38.747517,-77.519447,https://www.datacentermap.com/usa/virginia/manassas/amazon-aws-iad-innovation-campus/
10436,Amazon AWS IAD - 8210 Bethlehem,Amazon AWS,Hyperscaler,8210 Bethlehem Rd,Manassas,20109,Virginia,38.779304,-77.542889,https://www.datacentermap.com/usa/virginia/manassas/amazon-aws-iad-8210-bethlehem/
11112,Amazon AWS IAD - 14209 Dumfries,Amazon AWS,Hyperscaler,14209 Dumfries Rd,Manassas,20112,Virginia,38.6464076,-77.44362579999999,https://www.datacentermap.com/usa/virginia/manassas/amazon-aws-iad-14209-dumfries/
10460,Amazon AWS IAD - 11150 Thomasson,Amazon AWS,Hyperscaler,11150 Thomasson Barn Rd,Manassas,20109,Virginia,38.743961,-77.530548,https://www.datacentermap.com/usa/virginia/manassas/amazon-aws-iad-11150-thomasson/
10491,Amazon AWS IAD - 9020 Freedom,Amazon AWS,Hyperscaler,9020 Freedom Center Blvd,Manassas,20109,Virginia,38.761072,-77.518164,https://www.datacentermap.com/usa/virginia/manassas/amazon-aws-iad-9020-freedom/
11111,Amazon AWS IAD - 14237 Dumfries,Amazon AWS,Hyperscaler,14237 Dumfries Rd,Manassas,20112,Virginia,38.6454885,-77.4421533,https://www.datacentermap.com/usa/virginia/manassas/amazon-aws-iad-14237-dumfries/
14068,Iron Mountain Data Centers Manassas,Iron Mountain Data Centers,Colocation,7816-8122 Bethlehem Rd,Manassas,20109,Virginia,38.78350457490253,-77.5361467890129,https://www.datacentermap.com/usa/virginia/manassas/iron-mountain-data-centers-manassas/
10492,Amazon AWS IAD - 9040 Freedom,Amazon AWS,Hyperscaler,9040 Freedom Center Blvd,Manassas,20109,Virginia,38.760356,-77.519209,https://www.datacentermap.com/usa/virginia/manassas/amazon-aws-iad-9040-freedom/
10494,Amazon AWS IAD - 7500 Bethlehem,Amazon AWS,Hyperscaler,7500 Bethlehem Rd,Manassas,20109,Virginia,38.79189981189595,-77.53577536964004,https://www.datacentermap.com/usa/virginia/manassas/amazon-aws-iad-7500-bethlehem/
10397,Amazon AWS IAD - 7600 Doane,Amazon AWS,Hyperscaler,7600 Doane Dr,Manassas,20109,Virginia,38.792151,-77.548433,https://www.datacentermap.com/usa/virginia/manassas/amazon-aws-iad-7600-doane/
12319,Amazon - Dumfries Rd & Colchester Park,Amazon AWS,Hyperscaler,Dumfries Rd & Colchester Park Dr,Manassas,20112,Virginia,38.6300375,-77.41517100000002,https://www.datacentermap.com/usa/virginia/manassas/amazon-dumfries-rd-colchester-park/
10432,Amazon AWS IAD - Bethlehem Campus,Amazon AWS,Campus,8148-8210 Bethlehem Rd,Manassas,20109,Virginia,38.779563,-77.540861,https://www.datacentermap.com/usa/virginia/manassas/amazon-aws-iad-bethlehem-campus/
10399,Amazon AWS IAD - 7505 Mason,Amazon AWS,Hyperscaler,7505 Mason King Ct,Manassas,20109,Virginia,38.791203,-77.538204,https://www.datacentermap.com/usa/virginia/manassas/amazon-aws-iad-7505-mason/
11076,COPT DC-19,COPT Defense Properties,Colocation,8148 Bethlehem Road,Manassas,20109,Virginia,38.77870300000001,-77.537466,https://www.datacentermap.com/usa/virginia/manassas/copt-dc-19/
10996,STACK Infrastructure NVA02G,STACK INFRASTRUCTURE,Colocation,Hornbaker Rd,Manassas,20109,Virginia,38.74802635011257,-77.53801912060673,https://www.datacentermap.com/usa/virginia/manassas/stack-infrastructure-nva02g/
10422,Amazon AWS IAD - 9680 Innovation,Amazon AWS,Hyperscaler,9680 Innovation Dr,Manassas,20110,Virginia,38.748492,-77.520584,https://www.datacentermap.com/usa/virginia/manassas/amazon-aws-iad-9680-innovation/
10490,Amazon AWS IAD - Freedom Campus,Amazon AWS,Campus,9020-9040 Freedom Center Blvd,Manassas,20109,Virginia,38.760645,-77.51865,https://www.datacentermap.com/usa/virginia/manassas/amazon-aws-iad-freedom-campus/
11375,Microsoft - MNZ01,Microsoft,Hyperscaler,11314 Balls Ford Rd,Manassas,20109,Virginia,38.798514,-77.534999,https://www.datacentermap.com/usa/virginia/manassas/microsoft-mnz01/
9202,Iron Mountain Data Centers VA-3,Iron Mountain Data Centers,Colocation,11640 Hayden Road,Manassas,20109,Virginia,38.77543013323773,-77.54516330518996,https://www.datacentermap.com/usa/virginia/manassas/iron-mountain-va-3/
11066,PRP - 7816 Bethlehem,PRP Real Estate Investment,Colocation,7816 Bethlehem Rd,Manassas,20109,Virginia,38.78434133645856,-77.53715392224507,https://www.datacentermap.com/usa/virginia/manassas/prp-7816-bethlehem/
10805,Iron Mountain Data Centers VA-4,Iron Mountain Data Centers,Colocation,11600 Hayden Road,Manassas,20109 ,Virginia,38.77444314240671,-77.54228797734945,https://www.datacentermap.com/usa/virginia/manassas/iron-mountain-va-4/
10806,Iron Mountain Data Centers VA-5,Iron Mountain Data Centers,Colocation,11580 Hayden Road,Manassas,20109,Virginia,38.77300445334242,-77.54122582266207,https://www.datacentermap.com/usa/virginia/manassas/iron-mountain-va-5/
10411,Amazon AWS IAD - Wellington Campus (Manassas),Amazon AWS,Campus,7060-7080 Wellington Rd,Manassas,20109,Virginia,38.77882,-77.557732,https://www.datacentermap.com/usa/virginia/manassas/amazon-aws-iad-wellington-campus/
9295,CloudHQ MDC3,CloudHQ,Colocation,10100 Harry J Parrish Boulevard,Manassas,20110,Virginia,38.7324459,-77.5104987,https://www.datacentermap.com/usa/virginia/manassas/cloudhq-mdc3/
9294,CloudHQ MDC2,CloudHQ,Colocation,10100 Harry J Parrish Boulevard,Manassas,20110,Virginia,38.7318257,-77.5092771,https://www.datacentermap.com/usa/virginia/manassas/cloudhq-mdc2/
9293,CloudHQ MDC1,CloudHQ,Colocation,10100 Harry J Parrish Boulevard,Manassas,20110,Virginia,38.7307377,-77.5079467,https://www.datacentermap.com/usa/virginia/manassas/cloudhq-mdc1/
10405,Amazon AWS IAD - 10261 Tanner,Amazon AWS,Hyperscaler,10261 Tanner Way,Manassas,20110,Virginia,38.737,-77.504082,https://www.datacentermap.com/usa/virginia/manassas/amazon-aws-iad-10281-tanner1/
10404,Amazon AWS IAD - 10281 Tanner,Amazon AWS,Hyperscaler,10281 Tanner Way,Manassas,20110,Virginia,38.735968,-77.50489,https://www.datacentermap.com/usa/virginia/manassas/amazon-aws-iad-10281-tanner/
11048,8100 Boone Boulevard,Digital Realty,Colocation,8100 Boone Boulevard,Vienna,22182,Virginia,38.91372014907486,-77.22591421448347,https://www.datacentermap.com/usa/virginia/vienna-virginia/8100-boone-boulevard/
1169,Cogent Data Center - Vienna,"Cogent Communications, Inc.",Colocation,1921 Gallows Rd,Vienna,22182,Virginia,38.9129715,-77.2272716,https://www.datacentermap.com/usa/virginia/vienna-virginia/cogent-vienna/
1499,Equinix DC7,Equinix,Colocation,7990 Quantum Drive,Vienna,22182,Virginia,38.9093627,-77.22044369999999,https://www.datacentermap.com/usa/virginia/vienna-virginia/switchdata-vienna2/
2062,Superb DCA2 - McLean,HopOne Internet,Colocation,8201 Greensboro Dr,McLean,22102,Virginia,38.921683,-77.2272009,https://www.datacentermap.com/usa/virginia/vienna-virginia/dca2-mclean/
9182,DataBank IAD2 - McLean,DataBank,Colocation,1764A Old Meadow Ln,McLean,22102,Virginia,38.9198982,-77.213588,https://www.datacentermap.com/usa/virginia/vienna-virginia/databank-iad2/
5943,NetEx NDC01,NetEx Inc.,Colocation,8460 Tyco Road,Vienna,22182,Virginia,38.9333586,-77.2378123,https://www.datacentermap.com/usa/virginia/vienna-virginia/ndc01/
4388,ATI  DC-2,ATI Solutions Inc.,Colocation,1750 Old Meadow Road,Tysons,22102,Virginia,38.9212181,-77.2127055,https://www.datacentermap.com/usa/virginia/vienna-virginia/ati-dc1/
8310,CherryRoad DCA2,CherryRoad Technologies,Colocation,8201 Greensboro Drive @,McLean,22102,Virginia,38.9222964,-77.2273149,https://www.datacentermap.com/usa/virginia/vienna-virginia/cherryroad-dca2/
5376,Lumen McLean,Lumen,Colocation,1755-1757 Old Meadow Road,McLean,22102,Virginia,38.9200209,-77.2116578,https://www.datacentermap.com/usa/virginia/vienna-virginia/level3-mclean1/
11049,43704 Efficiency (IAD44),Digital Realty,Colocation,43704 Efficiency Dr,Sterling,20166,Virginia,38.96116390842681,-77.49159623257039,https://www.datacentermap.com/usa/virginia/sterling/43704-efficiency-iad44/
10319,22574 Pacific Blvd (IAD55),Digital Realty,Colocation,22574 Pacific Blvd,Sterling,20166,Virginia,38.98968199999999,-77.43471600000001,https://www.datacentermap.com/usa/virginia/sterling/digital-realty-sterling/
11039,44820 Prentice (IAD43),Digital Realty,Colocation,44820 Prentice Dr,Sterling,20166,Virginia,39.00183006258693,-77.4524772079501,https://www.datacentermap.com/usa/virginia/sterling/44820-prentice-iad43/
9320,CyrusOne NVA9 - Sterling,CyrusOne Data Centers,Colocation,43290 Old Ox Road,Sterling,20166,Virginia,38.958671,-77.5052149,https://www.datacentermap.com/usa/virginia/sterling/cyrusone-nva9/
9319,CyrusOne NVA8 - Sterling,CyrusOne Data Centers,Colocation,45905 Maries Road,Sterling,20166,Virginia,39.0211136,-77.4133574,https://www.datacentermap.com/usa/virginia/sterling/cyrusone-nva8/
9317,CyrusOne NVA5 - Sterling,CyrusOne Data Centers,Colocation,21350 Pacific Blvd.,Sterling,20166,Virginia,39.02422747310928,-77.43332634100067,https://www.datacentermap.com/usa/virginia/sterling/cyrusone-nva5/
9318,CyrusOne NVA7 - Sterling,CyrusOne Data Centers,Colocation,21350 Pacific Blvd.,Sterling,20166,Virginia,39.02609425119419,-77.43404310940451,https://www.datacentermap.com/usa/virginia/sterling/cyrusone-nva7/
9313,CyrusOne Virginia Campus,CyrusOne Data Centers,Campus,21111 Ridgetop Circle,Sterling,20166,Virginia,39.02542071743534,-77.41394234404247,https://www.datacentermap.com/usa/virginia/sterling/cyrusone-nva1-3-campus/
1783,Centersquare - Sterling IAD1-C,Centersquare,Colocation,21110 Ridgetop Circle,Sterling,20166,Virginia,39.024769,-77.412271,https://www.datacentermap.com/usa/virginia/sterling/cyxtera-iad1c/
3655,Centersquare - Sterling IAD2-A,Centersquare,Colocation,22810 International Dr,Sterling,20166,Virginia,38.984363,-77.423605,https://www.datacentermap.com/usa/virginia/sterling/cyxtera-iad2a/
1785,Centersquare - Sterling IAD1-A,Centersquare,Colocation,45901 Nokes Blvd.,Sterling,20166,Virginia,39.023323,-77.413135,https://www.datacentermap.com/usa/virginia/sterling/cyxtera-iad1a/
3657,Centersquare - Sterling IAD3-A,Centersquare,Colocation,22995 Wilder Ct,Sterling,20166,Virginia,38.980441,-77.44415,https://www.datacentermap.com/usa/virginia/sterling/cyxtera-iad3a/
9316,CyrusOne NVA4 - Sterling,CyrusOne Data Centers,Colocation,22811 International Drive,Sterling,20116,Virginia,38.984666,-77.425827,https://www.datacentermap.com/usa/virginia/sterling/cyrusone-nva4/
9191,QTS Ashburn-Moran DC2,QTS Data Centers,Colocation,44874 Moran Road,Sterling,20166,Virginia,38.9942906,-77.4478098,https://www.datacentermap.com/usa/virginia/sterling/qts-ashburn-moran/
3656,Centersquare - Sterling IAD2-B,Centersquare,Colocation,22860 International Dr,Sterling,20166,Virginia,38.983931,-77.424651,https://www.datacentermap.com/usa/virginia/sterling/cyxtera-iad2b/
1784,Centersquare - Sterling IAD1-B,Centersquare,Colocation,45845 Nokes Blvd,Sterling,20166,Virginia,39.024059,-77.41512,https://www.datacentermap.com/usa/virginia/sterling/cyxtera-iad1b/
10988,EdgeCore Ashburn AS02,EdgeCore,Colocation,1501 Moran Rd,Sterling,20166,Virginia,38.9947719,-77.4443082,https://www.datacentermap.com/usa/virginia/sterling/edgecore-ashburn-as02/
9302,Skybox Nova One,Skybox Datacenters,Colocation,22675 Dulles Summit,Sterling,20166,Virginia,38.9893002,-77.4489528,https://www.datacentermap.com/usa/virginia/sterling/skybox-nova-one/
5723,CyrusOne NVA1 - Sterling,CyrusOne Data Centers,Colocation,21111 Ridgetop Cir,Sterling,20166,Virginia,39.02579208835601,-77.41462387809602,https://www.datacentermap.com/usa/virginia/sterling/cyrusone-sterling/
7105,QTS Ashburn 1 DC1,QTS Data Centers,Colocation,22271 Broderick Drive,Sterling,20166,Virginia,38.99955586121173,-77.45024935853806,https://www.datacentermap.com/usa/virginia/sterling/qts-ashburn/
10065,Corscale Kincora,Corscale,Colocation,Russel Branch Parkway,Sterling,20166,Virginia,39.0424204,-77.4354818,https://www.datacentermap.com/usa/virginia/sterling/corscale-kincora/
9309,Vantage VA2 - Ashburn II Campus,Vantage Data Centers,Campus,22318 Glenn Drive,Sterling,20164,Virginia,38.9985435,-77.4284906,https://www.datacentermap.com/usa/virginia/sterling/vantage-va2-campus/
9303,Vantage VA1 - Ashburn I Campus,Vantage Data Centers,Campus,Vantage Data Plaza,Sterling,20166,Virginia,39.00193001787986,-77.4391140117989,https://www.datacentermap.com/usa/virginia/sterling/vantage-va1-campus/
11372,Microsoft Growth Mindset Campus,Microsoft,Campus,41840-42010 Growth Mindset Ln,Aldie,20105,Virginia,38.95020331761594,-77.55482294789314,https://www.datacentermap.com/usa/virginia/sterling/microsoft-growth-mindset-campus/
11063,Google Arcola Campus,Google,Campus,24400 Howling Rooster Ln,Sterling,20166,Virginia,38.943108,-77.524666,https://www.datacentermap.com/usa/virginia/sterling/google-arcola-campus/
11370,Microsoft - 42031 Growth Mindset Ln,Microsoft,Hyperscaler,42031 Growth Mindset Ln,Aldie,20105,Virginia,38.9501533,-77.5559483,https://www.datacentermap.com/usa/virginia/sterling/microsoft-42031-growth-mindset-ln/
10989,Amazon AWS IAD - Atlantic Blvd Campus,Amazon AWS,Campus,21195-21215 Atlantic Blvd,Sterling,20166,Virginia,39.03124564523246,-77.42834700368634,https://www.datacentermap.com/usa/virginia/sterling/aws-iad-atlantic-blvd-campus/
11240,Amazon AWS IAD - Charles View Campus,Amazon AWS,Campus,21641-21710 Charles View Dr,Sterling,20166,Virginia,39.017223,-77.43816,https://www.datacentermap.com/usa/virginia/sterling/amazon-aws-iad-charles-v-campus/
11050,Amazon AWS IAD - Erins Run Campus,Amazon AWS,Campus,23825-23845 Erins Run Dr,Sterling,20166,Virginia,38.95847495684595,-77.49875311214257,https://www.datacentermap.com/usa/virginia/sterling/amazon-aws-iad-erins-run-campus/
10474,Amazon AWS IAD - Relocation Campus,Amazon AWS,Campus,22745-22755 Relocation Dr,Sterling,20166,Virginia,38.986583,-77.442336,https://www.datacentermap.com/usa/virginia/sterling/amazon-aws-iad-relocation-campus/
11369,Microsoft - 41840 Growth Mindset Ln,Microsoft,Hyperscaler,41840 Growth Mindset Ln,Aldie,20105,Virginia,38.9483644,-77.5558896,https://www.datacentermap.com/usa/virginia/sterling/microsoft-41840-growth-mindset-ln/
14063,Amazon AWS - 46020 Manekin Plaza,Amazon AWS,Hyperscaler,46000-46020 Manekin Plz,Sterling,20166,Virginia,39.0239514,-77.4078877,https://www.datacentermap.com/usa/virginia/sterling/amazon-aws-46020-manekin-plaza/
11059,Maries Tech Park,COPT Defense Properties,Campus,"45761-45781 Maries Rd, Maries Tech Park",Sterling,20166,Virginia,39.02376869516043,-77.41833986538849,https://www.datacentermap.com/usa/virginia/sterling/maries-tech-park/
11371,Microsoft - 42010 Growth Mindset Ln,Microsoft,Hyperscaler,42010 Growth Mindset Ln,Aldie,20105,Virginia,38.95200120025035,-77.55551976909665,https://www.datacentermap.com/usa/virginia/sterling/microsoft-42010-growth-mindset-ln/
14060,Amazon AWS - 45965-45975 Nokes Blvd,Amazon AWS,Hyperscaler,45965-45975 Nokes Blvd,Sterling,20166,Virginia,39.02234,-77.410177,https://www.datacentermap.com/usa/virginia/sterling/amazon-aws-45965-nokes-blvd/
9314,CyrusOne NVA2 - Sterling,CyrusOne Data Centers,Colocation,21111 Ridgetop Circle,Sterling,20166,Virginia,39.026457880853,-77.41438759073819,https://www.datacentermap.com/usa/virginia/sterling/cyrusone-nva2/
9315,CyrusOne NVA3 - Sterling,CyrusOne Data Centers,Colocation,21111 Ridgetop Circle,Sterling,20166,Virginia,39.02513628924854,-77.4147148202385,https://www.datacentermap.com/usa/virginia/sterling/cyrusone-nva3/
11324,PointOne Ashburn Data Center Campus,PointOne,Campus,21995 Railcar Dr,Sterling,20164,Virginia,39.008395,-77.4325999,https://www.datacentermap.com/usa/virginia/sterling/pointone-ashburn-data-center-campus/
13992,PointOne Sterling,PointOne,Colocation,45449 E Severn Way,Sterling,20166,Virginia,39.01984376350097,-77.42774404569792,https://www.datacentermap.com/usa/virginia/sterling/pointone-sterling/
10977,Aligned IAD-03,Aligned Data Centers,Colocation,22715 Relocation Drive,Sterling,20166,Virginia,38.98849831093195,-77.44064142545633,https://www.datacentermap.com/usa/virginia/sterling/aligned-iad-03/
9304,Vantage VA11,Vantage Data Centers,Colocation,45200 Vantage Data Plaza,Sterling,20166,Virginia,39.0023934,-77.437778,https://www.datacentermap.com/usa/virginia/sterling/vantage-va11/
9308,Vantage VA15,Vantage Data Centers,Colocation,Vantage Data Plaza,Sterling,20166,Virginia,39.0007446,-77.437319,https://www.datacentermap.com/usa/virginia/sterling/vantage-va15/
10477,Amazon AWS IAD - Prologis Campus,Amazon AWS,Campus,45210-45220 Prologis Plz,Sterling,20166,Virginia,38.990953,-77.436878,https://www.datacentermap.com/usa/virginia/sterling/amazon-aws-iad-prologis-campus/
9310,Vantage VA21,Vantage Data Centers,Colocation,22318 Glenn Drive,Sterling,20164,Virginia,38.99711513995007,-77.42934773514203,https://www.datacentermap.com/usa/virginia/sterling/vantage-va21/
11065,Google Arcola Data Center 2,Google,Hyperscaler,24400 Howling Rooster Ln,Sterling,20166,Virginia,38.941872939158,-77.52700331457262,https://www.datacentermap.com/usa/virginia/sterling/google-arcola-data-center-2/
9190,QTS Ashburn-Lockridge DC1,QTS Data Centers,Colocation,44675 Quality Tech Lane,Sterling,20166,Virginia,38.99584300000001,-77.455348,https://www.datacentermap.com/usa/virginia/sterling/qts-ashburn-lockridge/
10388,Amazon AWS IAD - 45360 Severn,Amazon AWS,Hyperscaler,45360 West Severn Way,Sterling,20166,Virginia,39.021685,-77.432992,https://www.datacentermap.com/usa/virginia/sterling/aws-iad-45360-severn/
10392,Amazon AWS IAD - 22631 Dulles,Amazon AWS,Hyperscaler,22631 Dulles Summit Ct,Sterling,20166,Virginia,38.991732,-77.448535,https://www.datacentermap.com/usa/virginia/sterling/amazon-aws-iad-22631-dulles/
10493,Amazon AWS IAD - 22520 Randolph,Amazon AWS,Hyperscaler,22520 Randolph Drive,Sterling,20166,Virginia,38.9938501993005,-77.45041434613738,https://www.datacentermap.com/usa/virginia/sterling/amazon-aws-iad-22520-randolph/
10453,Amazon AWS IAD - 45930 Pathfinder,Amazon AWS,Hyperscaler,45930 Pathfinder Plz,Sterling,20165,Virginia,38.988568,-77.411758,https://www.datacentermap.com/usa/virginia/sterling/amazon-aws-iad-45930-pathfinder/
10992,Amazon AWS IAD - 21215 Atlantic Blvd,Amazon AWS,Hyperscaler,21215 Atlantic Blvd,Sterling,20166,Virginia,39.028966,-77.427459,https://www.datacentermap.com/usa/virginia/sterling/aws-iad-21215-atlantic-blvd/
10391,Amazon AWS IAD - 22630 Dulles,Amazon AWS,Hyperscaler,22630 Dulles Summit Ct,Sterling,20166,Virginia,38.988717,-77.447563,https://www.datacentermap.com/usa/virginia/sterling/amazon-aws-iad-22630-dulles/
10393,Amazon AWS IAD - 22651 Dulles,Amazon AWS,Hyperscaler,22651 Dulles Summit Ct,Sterling,20166,Virginia,38.990663,-77.448802,https://www.datacentermap.com/usa/virginia/sterling/amazon-aws-iad-22651-dulles/
14044,23540 Pebble Run Pl,Microsoft,Hyperscaler,23540 Pebble Run Pl,Sterling,20166,Virginia,38.967587,-77.501845,https://www.datacentermap.com/usa/virginia/sterling/23540-pebble-run-pl/
10389,Amazon AWS IAD - 1304 Squire,Amazon AWS,Hyperscaler,1304 Squire Ct,Sterling,20166,Virginia,39.021556,-77.434812,https://www.datacentermap.com/usa/virginia/sterling/aws-iad-1304-squire/
10483,Amazon AWS IAD - Loudoun Downs Campus,Amazon AWS,Campus,45110-45111 Loudoun Downs Ln,Sterling,20166,Virginia,38.991418,-77.441584,https://www.datacentermap.com/usa/virginia/sterling/aws-iad-loudoun-downs-campus/
11064,Google Arcola Data Center 1,Google,Hyperscaler,24400 Howling Rooster Ln,Sterling,20166,Virginia,38.94300921473193,-77.52443625926428,https://www.datacentermap.com/usa/virginia/sterling/google-arcola-data-center-1/
9311,Vantage VA22,Vantage Data Centers,Colocation,22318 Glenn Drive,Sterling,20164,Virginia,38.99751479842982,-77.4301326351421,https://www.datacentermap.com/usa/virginia/sterling/vantage-va22/
11219,Prologis 45120 Global Plaza,Prologis,Colocation,45120 Global Plaza,Sterling,20166,Virginia,38.9875796,-77.4391223,https://www.datacentermap.com/usa/virginia/sterling/prologis-45120-global-plaza/
11242,Amazon AWS IAD - 21645 Charles View,Amazon AWS,Hyperscaler,21645 Charles View Dr,Sterling,20166,Virginia,39.016953,-77.439301,https://www.datacentermap.com/usa/virginia/sterling/amazon-aws-iad-21645-charles-view/
11243,Amazon AWS IAD - 21710 Charles View,Amazon AWS,Hyperscaler,21710 Charles View Dr,Sterling,20166,Virginia,39.016121,-77.438347,https://www.datacentermap.com/usa/virginia/sterling/amazon-aws-iad-21710-charles-view/
10476,Amazon AWS IAD - 22745 Relocation,Amazon AWS,Hyperscaler,22745 Relocation Dr,Sterling,20166,Virginia,38.986235,-77.441876,https://www.datacentermap.com/usa/virginia/sterling/amazon-aws-iad-22745-relocation/
9312,Vantage VA23,Vantage Data Centers,Colocation,22318 Glenn Drive,Sterling,20164,Virginia,38.99828956852676,-77.43047997594672,https://www.datacentermap.com/usa/virginia/sterling/vantage-va23/
10452,Amazon AWS IAD - 45900 Pathfinder,Amazon AWS,Hyperscaler,45900 Pathfinder Plz,Sterling,20165,Virginia,38.987804,-77.411203,https://www.datacentermap.com/usa/virginia/sterling/amazon-aws-iad-45900-pathfinder/
10475,Amazon AWS IAD - 22755 Relocation,Amazon AWS,Hyperscaler,22755 Relocation Dr,Sterling,20166,Virginia,38.98698,-77.442691,https://www.datacentermap.com/usa/virginia/sterling/amazon-aws-iad-22755-relocation/
10231,Windstream Sterling,Windstream,Colocation,21376 Potomac View Rd,Sterling,20164,Virginia,39.0237529,-77.3922558,https://www.datacentermap.com/usa/virginia/sterling/windstream-sterling/
11241,Amazon AWS IAD - 21641 Charles View,Amazon AWS,Hyperscaler,21641 Charles View Dr,Sterling,20166,Virginia,39.018534,-77.438795,https://www.datacentermap.com/usa/virginia/sterling/amazon-aws-iad-21641-charles-view/
10386,Amazon AWS IAD - 45259 Severn,Amazon AWS,Hyperscaler,45259 West Severn Way,Sterling,45259,Virginia,39.020218,-77.433926,https://www.datacentermap.com/usa/virginia/sterling/aws-iad-45259-severn/
10390,Amazon AWS IAD - Dulles Campus,Amazon AWS,Campus,22630-22651 Dulles Summit Ct,Sterling,20166,Virginia,38.99034,-77.447482,https://www.datacentermap.com/usa/virginia/sterling/amazon-aws-iad-dulles-campus/
10991,Amazon AWS IAD - 21205 Atlantic Blvd,Amazon AWS,Hyperscaler,21205 Atlantic Blvd,Sterling,20166,Virginia,39.030378,-77.429063,https://www.datacentermap.com/usa/virginia/sterling/aws-iad-21205-atlantic-blvd/
10485,Amazon AWS IAD - 45111 Loudoun,Amazon AWS,Hyperscaler,45111 Loudoun Downs Ln,Sterling,20166,Virginia,38.990932,-77.441914,https://www.datacentermap.com/usa/virginia/sterling/amazon-aws-iad-45111-loudoun/
10458,Amazon AWS IAD - 23005 International,Amazon AWS,Hyperscaler,23005 International Dr,Sterling,20166,Virginia,38.979938,-77.425482,https://www.datacentermap.com/usa/virginia/sterling/aws-iad-23005-international/
9307,Vantage VA14,Vantage Data Centers,Colocation,Vantage Data Plaza,Sterling,20166,Virginia,39.0028702,-77.4394651,https://www.datacentermap.com/usa/virginia/sterling/vantage-va14/
9305,Vantage VA12,Vantage Data Centers,Colocation,45194 Vantage Data Plaza,Sterling,20166,Virginia,39.0018501,-77.4380712,https://www.datacentermap.com/usa/virginia/sterling/vantage-va12/
11244,Amazon AWS IAD - 21660 Charles View,Amazon AWS,Hyperscaler,21660 Charles View Dr,Sterling,20166,Virginia,39.015273,-77.437838,https://www.datacentermap.com/usa/virginia/sterling/amazon-aws-iad-21660-charles-view/
11062,COPT MP-3,COPT Defense Properties,Colocation,"45781 Maries Rd, Maries Tech Park",Sterling,20166,Virginia,39.02299554523893,-77.4174020929728,https://www.datacentermap.com/usa/virginia/sterling/copt-mp-3/
10451,Amazon AWS IAD - Pathfinder Campus,Amazon AWS,Campus,45900-45950 Pathfinder Plz,Sterling,20165,Virginia,38.987238,-77.412518,https://www.datacentermap.com/usa/virginia/sterling/amazon-aws-iad-pathfinder-campus/
10478,Amazon AWS IAD - 45210 Prologis,Amazon AWS,Hyperscaler,45210 Prologis Plaza,Sterling,20166,Virginia,38.990742,-77.437359,https://www.datacentermap.com/usa/virginia/sterling/amazon-aws-iad-45210-prologis/
10457,Amazon AWS IAD - 22945 International,Amazon AWS,Hyperscaler,22945 International Dr,Sterling,20166,Virginia,38.981697,-77.427284,https://www.datacentermap.com/usa/virginia/sterling/aws-iad-22945-international/
11051,Amazon AWS IAD - 23825 Erins,Amazon AWS,Hyperscaler,23825 Erins Run Dr,Sterling,20166,Virginia,38.957821,-77.4981,https://www.datacentermap.com/usa/virginia/sterling/amazon-aws-iad-23825-erins/
11052,Amazon AWS IAD - 23835 Erins,Amazon AWS,Hyperscaler,23835 Erins Run Dr,Sterling,20166,Virginia,38.956789,-77.497617,https://www.datacentermap.com/usa/virginia/sterling/amazon-aws-iad-23835-erins/
11060,COPT MP-1,COPT Defense Properties,Colocation,"45761 Maries Rd, Maries Tech Park",Sterling,20166,Virginia,39.023616,-77.419118,https://www.datacentermap.com/usa/virginia/sterling/copt-mp-1/
9306,Vantage VA13,Vantage Data Centers,Colocation,Vantage Data Plaza,Sterling,20166,Virginia,39.0030244,-77.4403628,https://www.datacentermap.com/usa/virginia/sterling/vantage-va13/
10484,Amazon AWS IAD - 45110 Loudoun,Amazon AWS,Hyperscaler,45110 Loudoun Downs Ln,Sterling,20166,Virginia,38.991802,-77.441077,https://www.datacentermap.com/usa/virginia/sterling/amazon-aws-iad-45110-loudoun/
11053,Amazon AWS IAD - 23845 Erins,Amazon AWS,Hyperscaler,23845 Erins Run Dr,Sterling,20166,Virginia,38.955875,-77.497272,https://www.datacentermap.com/usa/virginia/sterling/amazon-aws-iad-23845-erins/
11061,COPT MP-2,COPT Defense Properties,Colocation,"45771 Maries Rd, Maries Tech Park",Sterling,20166,Virginia,39.024329,-77.420441,https://www.datacentermap.com/usa/virginia/sterling/copt-mp-2/
10455,Amazon AWS IAD - International Campus,Amazon AWS,Campus,22868-22945 International Dr,Sterling,20166,Virginia,38.981932,-77.425799,https://www.datacentermap.com/usa/virginia/sterling/aws-iad-international-campus/
10387,Amazon AWS IAD - 45305 Severn,Amazon AWS,Hyperscaler,45305 West Severn Way,Sterling,20166,Virginia,39.019168,-77.434083,https://www.datacentermap.com/usa/virginia/sterling/aws-iad-45305-severn/
10479,Amazon AWS IAD - 45220 Prologis,Amazon AWS,Hyperscaler,45220 Prologis Plaza,Sterling,20166,Virginia,38.991491,-77.436564,https://www.datacentermap.com/usa/virginia/sterling/amazon-aws-iad-45220-prologis/
10385,Amazon AWS IAD - Severn & Squire Campus,Amazon AWS,Campus,Squire Ct / West Severn Way,Sterling,45259,Virginia,39.020857,-77.434063,https://www.datacentermap.com/usa/virginia/sterling/aws-iad-severn-squire-campus/
10990,Amazon AWS IAD - 21195 Atlantic Blvd,Amazon AWS,Hyperscaler,21195 Atlantic Blvd,Sterling,20166,Virginia,39.032242,-77.429674,https://www.datacentermap.com/usa/virginia/sterling/aws-iad-21195-atlantic-blvd/
10454,Amazon AWS IAD - 45950 Pathfinder,Amazon AWS,Hyperscaler,45950 Pathfinder Plz,Sterling,20165,Virginia,38.986955,-77.410408,https://www.datacentermap.com/usa/virginia/sterling/amazon-aws-iad-45950-pathfinder/
10531,Amazon AWS IAD - 22760 Pacific,Amazon AWS,Hyperscaler,22760 Pacific Blvd,Sterling,20166,Virginia,38.98675918989868,-77.43526066332728,https://www.datacentermap.com/usa/virginia/sterling/amazon-aws-iad-22760-pacific/
10456,Amazon AWS IAD - 22868 International,Amazon AWS,Hyperscaler,22868 International Dr,Sterling,20166,Virginia,38.982535,-77.424631,https://www.datacentermap.com/usa/virginia/sterling/aws-iad-22868-international/
13974,PowerHouse Pacific - Building C,PowerHouse Data Centers,Colocation,22020 Broderick Dr,Sterling,20166,Virginia,39.003456,-77.446858,https://www.datacentermap.com/usa/virginia/sterling/powerhouse-pacific-building-c/
13972,PowerHouse Pacific - Building A,PowerHouse Data Centers,Colocation,22020 Broderick Dr,Sterling,20166,Virginia,39.005127,-77.446432,https://www.datacentermap.com/usa/virginia/sterling/powerhouse-pacific-building-a/
13973,PowerHouse Pacific - Building B,PowerHouse Data Centers,Colocation,22020 Broderick Dr,Sterling,20166,Virginia,39.003503,-77.448679,https://www.datacentermap.com/usa/virginia/sterling/powerhouse-pacific-building-b/
9209,PowerHouse Pacific Campus,PowerHouse Data Centers,Campus,22020 Broderick Dr,Sterling,20166,Virginia,39.004648,-77.447214,https://www.datacentermap.com/usa/virginia/sterling/powerhouse-pacific/
11216,Prologis Global Plaza Campus,Prologis,Campus,42121-45120 Global Plaza,Sterling,20166,Virginia,38.98583003862311,-77.43926979388137,https://www.datacentermap.com/usa/virginia/sterling/prologis-global-plaza/
14057,Amazon AWS - 21660 Ridgetop Circle,Amazon AWS,Hyperscaler,21660 Ridgetop Cir,Sterling,20166,Virginia,39.02543614702813,-77.40963884006521,https://www.datacentermap.com/usa/virginia/sterling/amazon-aws-21660-ridgetop-circle/
14058,Amazon AWS - 21670-21680 Ridgetop Circle,Amazon AWS,Hyperscaler,21670-21680 Ridgetop Cir,Sterling,20166,Virginia,39.0242467,-77.4103906,https://www.datacentermap.com/usa/virginia/sterling/amazon-aws-21670-ridgetop-circle/
11072,STACK Infrastructure NVA04 Campus,STACK INFRASTRUCTURE,Campus,Shellhorn Road,Sterling,20166,Virginia,39.000502,-77.460084,https://www.datacentermap.com/usa/virginia/sterling/stack-infrastructure-nva04-campus/
11218,Prologis 45181 Global Plaza,Prologis,Colocation,45181 Global Plaza,Sterling,20166,Virginia,38.9855667,-77.4387727,https://www.datacentermap.com/usa/virginia/sterling/prologis-45181-global-plaza/
11217,Prologis 42121 Global Plaza,Prologis,Colocation,42121 Global Plaza,Sterling,20166,Virginia,38.98612549144949,-77.43982195314287,https://www.datacentermap.com/usa/virginia/sterling/prologis-42121-global-plaza/
11074,STACK Infrastructure NVA04B,STACK INFRASTRUCTURE,Colocation,22285 Lockridge Rd,Sterling,20166,Virginia,39.000245,-77.461323,https://www.datacentermap.com/usa/virginia/sterling/stack-infrastructure-nva04b/
7106,QTS Ashburn-Lockridge DC2,QTS Data Centers,Colocation,44655 Quality Tech Lane,Sterling,20166,Virginia,38.9958219,-77.456152,https://www.datacentermap.com/usa/virginia/sterling/qts-ashburn-2/
11075,STACK Infrastructure NVA04C,STACK INFRASTRUCTURE,Colocation,22295 Lockridge Rd,Sterling,20166,Virginia,39.000951,-77.461382,https://www.datacentermap.com/usa/virginia/sterling/stack-infrastructure-nva04c/
11073,STACK Infrastructure NVA04A,STACK INFRASTRUCTURE,Colocation,22275 Lockridge Rd,Sterling,20166,Virginia,38.999113,-77.461189,https://www.datacentermap.com/usa/virginia/sterling/stack-infrastructure-nva04a/
772,4030 Lafayette Center (IAD30),Digital Realty,Colocation,4030 Lafayette Center Drive,Chantilly,20151,Virginia,38.91012223738886,-77.47254144371655,https://www.datacentermap.com/usa/virginia/chantilly/4030-4050-lafayette/
8415,4040 Lafayette Center (IAD32),Digital Realty,Colocation,4040 Lafayette Center Drive,Chantilly,20151,Virginia,38.90980720288942,-77.473443414209,https://www.datacentermap.com/usa/virginia/chantilly/4040-lafayette-center-drive/
8414,4050 Lafayette Center (IAD31),Digital Realty,Colocation,4050 Lafayette Center Drive,Chantilly,20151,Virginia,38.90928334725252,-77.47228489380663,https://www.datacentermap.com/usa/virginia/chantilly/4050-lafayette-center-drive/
4389,ATI DC-1,ATI Solutions Inc.,Colocation,4227 Lafayette Center Drive,Chantilly,20151,Virginia,38.9081415,-77.4752503,https://www.datacentermap.com/usa/virginia/chantilly/ati-dc2/
9652,H5 Data Centers Virginia,H5 Data Centers,Colocation,4050 Lafayette Center Dr,Chantilly,20151,Virginia,38.9093084,-77.4722688,https://www.datacentermap.com/usa/virginia/chantilly/h5-data-centers-virginia/
11055,Amazon AWS IAD - Virginia Mallory Campus,Amazon AWS,Campus,3980 Mallory Dr,Chantilly,20151,Virginia,38.90527005055565,-77.45338765143428,https://www.datacentermap.com/usa/virginia/chantilly/aws-iad-virginia-mallory-campus/
10480,Amazon AWS IAD - Westfax Campus,Amazon AWS,Campus,4100 Westfax Dr,Chantilly,20151,Virginia,38.898798,-77.45385,https://www.datacentermap.com/usa/virginia/chantilly/amazon-aws-iad-westfax-campus/
10415,Amazon AWS IAD - Clubber & Prediction Campus,Amazon AWS,Campus,Clubber Ln / Prediction Ln,Chantilly,20152,Virginia,38.916881,-77.492426,https://www.datacentermap.com/usa/virginia/chantilly/aws-clubber-prediction-campus/
10419,Amazon AWS IAD - 25311 Prediction,Amazon AWS,Hyperscaler,25311 Prediction Ln,Chantilly,20152,Virginia,38.917219,-77.495634,https://www.datacentermap.com/usa/virginia/chantilly/amazon-aws-iad-25311-prediction/
10497,Amazon AWS IAD - 43920 Lone Cedar,Amazon AWS,Hyperscaler,43920 Lone Cedar Ln,Chantilly,20152,Virginia,38.9212748,-77.4858682,https://www.datacentermap.com/usa/virginia/chantilly/amazon-aws-iad-43920-lone-cedar/
10481,Amazon AWS IAD - 4100 Westfax,Amazon AWS,Hyperscaler,4100B Westfax Dr,Chantilly,20151,Virginia,38.89959900304724,-77.45353042204293,https://www.datacentermap.com/usa/virginia/chantilly/amazon-aws-iad-4100-westfax/
10418,Amazon AWS IAD - 43764 Clubber,Amazon AWS,Hyperscaler,43764 Clubber Ln,Chantilly,20152,Virginia,38.91589,-77.490517,https://www.datacentermap.com/usa/virginia/chantilly/amazon-aws-iad-43764-clubber/
14056,Amazon AWS - 44150 Wade Dr,Amazon AWS,Hyperscaler,44150 Wade Dr,Chantilly,20152,Virginia,38.9202478,-77.4744426,https://www.datacentermap.com/usa/virginia/chantilly/amazon-aws-44150-wade-dr/
10482,Amazon AWS IAD - 4101 Westfax,Amazon AWS,Hyperscaler,4101A Westfax Dr,Chantilly,20151,Virginia,38.89788097334175,-77.45401862630897,https://www.datacentermap.com/usa/virginia/chantilly/amazon-aws-iad-4101-westfax/
10417,Amazon AWS IAD - 43736 Clubber,Amazon AWS,Hyperscaler,43736 Clubber Ln,Chantilly,20152,Virginia,38.915833,-77.491989,https://www.datacentermap.com/usa/virginia/chantilly/amazon-aws-iad-43736-clubber/
10416,Amazon AWS IAD - 43701 Clubber,Amazon AWS,Hyperscaler,43701 Clubber Ln,Chantilly,20152,Virginia,38.916775,-77.493164,https://www.datacentermap.com/usa/virginia/chantilly/amazon-aws-iad-43701-clubber/
10496,Amazon AWS IAD - 25020 Willard,Amazon AWS,Hyperscaler,25020 Willard Rd,Chantilly,20152,Virginia,38.8898384123642,-77.46052285243078,https://www.datacentermap.com/usa/virginia/chantilly/amazon-aws-iad-25020-willard/
10420,Amazon AWS IAD - 25316 Prediction,Amazon AWS,Hyperscaler,25316 Prediction Ln,Chantilly,20152,Virginia,38.917038,-77.494372,https://www.datacentermap.com/usa/virginia/chantilly/amazon-aws-iad-25316-prediction/
11056,Amazon AWS IAD - Virginia Mallory 1,Amazon AWS,Hyperscaler,3980 Mallory Dr,Chantilly,20151,Virginia,38.904312,-77.45253,https://www.datacentermap.com/usa/virginia/chantilly/amazon-aws-iad-virginia-mallory-1/
3497,IBM WDC01,IBM,Colocation,4030 Lafayette Center Drive,Chantilly,20151,Virginia,38.9100978,-77.4725714,https://www.datacentermap.com/usa/virginia/chantilly/softlayer-wdc01/
11058,Amazon AWS IAD - Virginia Mallory 3,Amazon AWS,Hyperscaler,3980 Mallory Dr,Chantilly,20151,Virginia,38.906898,-77.455711,https://www.datacentermap.com/usa/virginia/chantilly/amazon-aws-iad-virginia-mallory-3/
11057,Amazon AWS IAD - Virginia Mallory 2,Amazon AWS,Hyperscaler,3980 Mallory Dr,Chantilly,20151,Virginia,38.904881,-77.454765,https://www.datacentermap.com/usa/virginia/chantilly/amazon-aws-iad-virginia-mallory-2/
4400,365 Data Centers - Herndon,365 Data Centers,Colocation,13873 Park Center Road,Herndon,20171,Virginia,38.9343841,-77.428724,https://www.datacentermap.com/usa/virginia/herndon/dulles-exchange/
1173,Cogent Data Center - Herndon,"Cogent Communications, Inc.",Colocation,510 Huntmar Park Dr,Herndon,20170,Virginia,38.962567,-77.381386,https://www.datacentermap.com/usa/virginia/herndon/cogent-herndon/
11045,Amazon AWS IAD - EDS Campus,Amazon AWS,Campus,13600 EDS Dr,Herndon,20171,Virginia,38.9242746,-77.4278885,https://www.datacentermap.com/usa/virginia/herndon/amazon-aws-iad-eds-campus/
11047,Amazon AWS IAD - 13600 EDS C,Amazon AWS,Hyperscaler,13600 EDS Dr,Herndon,20171,Virginia,38.923178,-77.426237,https://www.datacentermap.com/usa/virginia/herndon/amazon-aws-iad-13600-eds-c/
11046,Amazon AWS IAD - 13600 EDS B,Amazon AWS,Hyperscaler,13600 EDS Dr,Herndon,20171,Virginia,38.921199,-77.426674,https://www.datacentermap.com/usa/virginia/herndon/amazon-aws-iad-13600-eds-b/
5818,Lumen Herndon 3,Lumen,Colocation,524 Van Buren Street,Herndon,20170,Virginia,38.9658597,-77.3814333,https://www.datacentermap.com/usa/virginia/herndon/level3-herndon3/
10498,Amazon AWS IAD - 13600 EDS A,Amazon AWS,Hyperscaler,13600 EDS Drive,Herndon,20171,Virginia,38.92235183694539,-77.42738605510408,https://www.datacentermap.com/usa/virginia/herndon/amazon-aws-iad-13600-eds/
10896,Aptum Herndon,Aptum,Colocation,2350 Corporate Park Dr,Herndon,20171,Virginia,38.95064199999999,-77.3976869,https://www.datacentermap.com/usa/virginia/herndon/aptum-herndon/
5348,Lumen Herdon 2,Lumen,Colocation,251 Exchange Place,Herndon,20170,Virginia,38.956698,-77.381837,https://www.datacentermap.com/usa/virginia/herndon/level3-herdon2/
5347,Lumen Herdon 1,Lumen,Colocation,520 Van Buren Street,Herndon,20170,Virginia,38.9660539,-77.381806,https://www.datacentermap.com/usa/virginia/herndon/level3-herdon1/
11297,Rockbridge Area Network Authority - RAP Data Center,Rockbridge Area Network Authority,Colocation,150 S Main Street,Lexington,24450,Virginia,37.7828373,-79.4437978,https://www.datacentermap.com/usa/virginia/lexington-va/rap-data-center/
6072,Middletown Data Center,Middletown Data Center,Colocation,8209 Valley Pike,Middletown,22645,Virginia,39.017666,-78.290927,https://www.datacentermap.com/usa/virginia/middletown/experisdc/
10066,Corscale Gainesville - Bldg 1,Corscale,Colocation,13760 University Blvd,Gainesville,20109,Virginia,38.8002211,-77.58230329999999,https://www.datacentermap.com/usa/virginia/gainesville-va/corscale-gainesville-bldg-1/
12745,Corscale Gainesville - Bldg 2,Corscale,Colocation,13760 University Blvd,Gainesville,20155,Virginia,38.80013118106635,-77.58307287668076,https://www.datacentermap.com/usa/virginia/gainesville-va/corscale-gainesville-bldg-2/
10063,Corscale Gainesville Crossing,Corscale,Campus,13760 University Blvd,Gainesville,20109,Virginia,38.8002211,-77.58230329999999,https://www.datacentermap.com/usa/virginia/gainesville-va/corscale-gainesville-crossing/
11079,John Marshall Commons Tech Park,The BlackChamber Group,Colocation,Catharpin Road / John Marshall,Gainesville,20155,Virginia,38.80371795537526,-77.61695905033788,https://www.datacentermap.com/usa/virginia/gainesville-va/john-marshall-commons-tech-park/
10378,Amazon AWS IAD - John Marshall Campus,Amazon AWS,Campus,15395-15475 John Marshall Hwy,Haymarket,20169,Virginia,38.816016,-77.650384,https://www.datacentermap.com/usa/virginia/gainesville-va/aws-iad-john-marshall-campus/
12746,Corscale Gainesville - Bldg 3,Corscale,Colocation,13760 University Blvd,Gainesville,20155,Virginia,38.79966607857139,-77.58112237594457,https://www.datacentermap.com/usa/virginia/gainesville-va/corscale-gainesville-bldg-3/
14065,Amazon AWS IAD - 719 Blackwell Road,Amazon AWS,Hyperscaler,719 Blackwell Rd,Warrenton,20186,Virginia,38.729482,-77.7875339,https://www.datacentermap.com/usa/virginia/gainesville-va/amazon-aws-iad-719-blackwell-road/
10979,NTT Gainesville Campus,NTT Global Data Centers,Campus,John Marshall Highway / Daves Store Lane,Gainesville,20155,Virginia,38.80089164737197,-77.61219296334555,https://www.datacentermap.com/usa/virginia/gainesville-va/ntt-gainesville-campus/
12748,Corscale Gainesville - Bldg 5,Corscale,Colocation,13760 University Blvd,Gainesville,20155,Virginia,38.80188547996207,-77.57714841108195,https://www.datacentermap.com/usa/virginia/gainesville-va/corscale-gainesville-bldg-5/
10987,NTT Gainesville VA13,NTT Global Data Centers,Colocation,John Marshall Highway / Daves Store Lane,Gainesville,20155,Virginia,38.802334,-77.614662,https://www.datacentermap.com/usa/virginia/gainesville-va/ntt-gainesville-va13/
10986,NTT Gainesville VA12,NTT Global Data Centers,Colocation,John Marshall Highway / Daves Store Lane,Gainesville,20155,Virginia,38.801312,-77.613369,https://www.datacentermap.com/usa/virginia/gainesville-va/ntt-gainesville-va12/
10489,Amazon AWS IAD - 5915 Wellington,Amazon AWS,Hyperscaler,5915 Wellington Rd,Gainesville,20155,Virginia,38.789828,-77.582873,https://www.datacentermap.com/usa/virginia/gainesville-va/amazon-aws-iad-5915-wellington/
12747,Corscale Gainesville - Bldg 4,Corscale,Colocation,13760 University Blvd,Gainesville,20155,Virginia,38.80112774508095,-77.5773908828431,https://www.datacentermap.com/usa/virginia/gainesville-va/corscale-gainesville-bldg-4/
10984,NTT Gainesville VA10,NTT Global Data Centers,Colocation,John Marshall Highway / Daves Store Lane,Gainesville,20155,Virginia,38.799419,-77.610214,https://www.datacentermap.com/usa/virginia/gainesville-va/ntt-gainesville-va10/
10380,Amazon AWS IAD - 15435 John Marshall,Amazon AWS,Hyperscaler,15435 John Marshall Hwy,Haymarket,20169,Virginia,38.814598,-77.648966,https://www.datacentermap.com/usa/virginia/gainesville-va/aws-iad-john-marshall-campus1/
10379,Amazon AWS IAD - 15395 John Marshall,Amazon AWS,Hyperscaler,15395 John Marshall Hwy,Haymarket,20169,Virginia,38.815462,-77.648597,https://www.datacentermap.com/usa/virginia/gainesville-va/aws-iad-15395-john-marshall/
10985,NTT Gainesville VA11,NTT Global Data Centers,Colocation,John Marshall Highway / Daves Store Lane,Gainesville,20155,Virginia,38.800446,-77.611984,https://www.datacentermap.com/usa/virginia/gainesville-va/ntt-gainesville-va11/
10383,Amazon AWS IAD - 15465 John Marshall,Amazon AWS,Hyperscaler,15465 John Marshall Hwy,Haymarket,20169,Virginia,38.81511,-77.652936,https://www.datacentermap.com/usa/virginia/gainesville-va/aws-iad-15465-john-marshall/
10384,Amazon AWS IAD - 15475 John Marshall,Amazon AWS,Hyperscaler,15475 John Marshall Hwy,Haymarket,20169,Virginia,38.814607,-77.654308,https://www.datacentermap.com/usa/virginia/gainesville-va/aws-iad-15475-john-marshall/
11080,Village Place Technology Park Campus,The BlackChamber Group,Campus,John Marshall Hwy,Gainesville,20155,Virginia,38.80239629003301,-77.61958955058822,https://www.datacentermap.com/usa/virginia/gainesville-va/village-place-technology-park/
11377,Microsoft - 13490 University Blvd,Microsoft,Hyperscaler,13490 University Blvd,Gainesville,20136,Virginia,38.792928,-77.581619,https://www.datacentermap.com/usa/virginia/gainesville-va/microsoft-13490-university-blvd/
11378,Microsoft - 13490 University Blvd,Microsoft,Hyperscaler,5941 Wellington Rd,Gainesville,20155,Virginia,38.79369628163352,-77.58742351875028,https://www.datacentermap.com/usa/virginia/gainesville-va/microsoft-13490-university-blvd1/
11083,Village Place Technology Park Bldg 3,The BlackChamber Group,Colocation,John Marshall Hwy,Gainesville,20155,Virginia,38.80197061064145,-77.62131167074152,https://www.datacentermap.com/usa/virginia/gainesville-va/village-place-tech-park-bldg-3/
10382,Amazon AWS IAD - 15455 John Marshall,Amazon AWS,Hyperscaler,15455 John Marshall Hwy,Haymarket,20169,Virginia,38.816111,-77.652656,https://www.datacentermap.com/usa/virginia/gainesville-va/aws-iad-15455-john-marshall1/
11081,Village Place Technology Park Bldg 1,The BlackChamber Group,Colocation,John Marshall Hwy,Gainesville,20155,Virginia,38.79993677400471,-77.62035578025994,https://www.datacentermap.com/usa/virginia/gainesville-va/village-place-tech-park-bldg-1/
11082,Village Place Technology Park Bldg 2,The BlackChamber Group,Colocation,John Marshall Hwy,Gainesville,20155,Virginia,38.80106012118417,-77.62047716317824,https://www.datacentermap.com/usa/virginia/gainesville-va/village-place-tech-park-bldg-2/
11084,Village Place Technology Park Bldg 4,The BlackChamber Group,Colocation,John Marshall Hwy,Gainesville,20155,Virginia,38.80288700062064,-77.62216893760198,https://www.datacentermap.com/usa/virginia/gainesville-va/village-place-tech-park-bldg-4/
10381,Amazon AWS IAD - 15445 John Marshall,Amazon AWS,Hyperscaler,15445 John Marshall Hwy,Haymarket,20169,Virginia,38.81683,-77.65222,https://www.datacentermap.com/usa/virginia/gainesville-va/aws-iad-15455-john-marshall/
13744,Yondr Loundoun County DC1,Yondr Group,Colocation,24171 Youngwood Ln,Aldie,20105,Virginia,38.9501009,-77.54978899999999,https://www.datacentermap.com/usa/virginia/dulles/yondr-loundoun-county-dc1/
10471,Amazon AWS IAD - Kipper Campus,Amazon AWS,Campus,22370-22420 Kipper Dr,Dulles,20166,Virginia,38.995817,-77.435925,https://www.datacentermap.com/usa/virginia/dulles/amazon-aws-iad-kipper-campus/
10426,Amazon AWS IAD - Fadeley & Woodside Campus,Amazon AWS,Campus,Fadeley Ln / Woodside Ln,Dulles,20166,Virginia,38.948433,-77.52136,https://www.datacentermap.com/usa/virginia/dulles/aws-iad-fadeley-woodside-campus/
10472,Amazon AWS IAD - 22370 Kipper,Amazon AWS,Hyperscaler,22370 Kipper Dr,Dulles,20166,Virginia,38.996839,-77.435703,https://www.datacentermap.com/usa/virginia/dulles/amazon-aws-iad-22370-kipper/
10473,Amazon AWS IAD - 22420 Kipper,Amazon AWS,Hyperscaler,22420 Kipper Dr,Dulles,20166,Virginia,38.995047,-77.435287,https://www.datacentermap.com/usa/virginia/dulles/amazon-aws-iad-22420-kipper/
11040,22262 Cloud Plz,Sentinel Datacenters,Colocation,22262 Cloud Plaza,Dulles,20166,Virginia,39.0005746,-77.4397659,https://www.datacentermap.com/usa/virginia/dulles/22262-cloud-plz/
10430,Amazon AWS IAD - 24178 Upper Woodside,Amazon AWS,Hyperscaler,24178 Upper Woodside Ln,Dulles,20166,Virginia,38.948337,-77.522029,https://www.datacentermap.com/usa/virginia/dulles/aws-iad-24178-upper-woodside/
10470,Amazon AWS IAD - 45795 Old Ox,Amazon AWS,Hyperscaler,45795 Old Ox Rd,Dulles,20166,Virginia,38.97956966803642,-77.41756320820016,https://www.datacentermap.com/usa/virginia/dulles/amazon-aws-iad-45795-old-ox/
10443,Amazon AWS IAD - 24214 Quail,Amazon AWS,Hyperscaler,24214 Quail Ridge Ln,Aldie,20105,Virginia,38.949725,-77.55887,https://www.datacentermap.com/usa/virginia/dulles/amazon-aws-iad-24214-quail/
10467,Amazon AWS IAD - 22900 Platform,Amazon AWS,Hyperscaler,22900 Platform Plz,Dulles,20166,Virginia,38.981433,-77.417378,https://www.datacentermap.com/usa/virginia/dulles/amazon-aws-iad-22900-platform/
10469,Amazon AWS IAD - 45775 Old Ox,Amazon AWS,Hyperscaler,45775 Old Ox Rd,Dulles,20166,Virginia,38.979124,-77.420001,https://www.datacentermap.com/usa/virginia/dulles/amazon-aws-iad-45775-old-ox/
10429,Amazon AWS IAD - 42800 Fadeley,Amazon AWS,Hyperscaler,42800 Fadeley Ln,Dulles,20166,Virginia,38.946564,-77.522189,https://www.datacentermap.com/usa/virginia/dulles/amazon-aws-iad-42800-fadeley/
10465,Amazon AWS IAD - Platform & Old Ox Campus,Amazon AWS,Campus,Platform Plz / Old Ox Rd,Dulles,20166,Virginia,38.980921,-77.418049,https://www.datacentermap.com/usa/virginia/dulles/aws-iad-platform-old-ox-campus/
10446,Amazon AWS IAD - 24244 Quail,Amazon AWS,Hyperscaler,24244 Quail Ridge Ln,Aldie,20105,Virginia,38.949941,-77.5604,https://www.datacentermap.com/usa/virginia/dulles/amazon-aws-iad-24244-quail/
10495,Amazon AWS IAD - 41992 John Mosby,Amazon AWS,Hyperscaler,41992 John Mosby Hwy,Aldie,20105,Virginia,38.94234942715915,-77.5505353525019,https://www.datacentermap.com/usa/virginia/dulles/amazon-aws-iad-41992-john-mosby/
10445,Amazon AWS IAD - 24234 Quail,Amazon AWS,Hyperscaler,24234 Quail Ridge Ln,Aldie,20105,Virginia,38.94808,-77.559119,https://www.datacentermap.com/usa/virginia/dulles/amazon-aws-iad-24234-quail/
10428,Amazon AWS IAD - 42949 Fadeley,Amazon AWS,Hyperscaler,42949 Fadeley Ln,Dulles,20166,Virginia,38.949261,-77.519786,https://www.datacentermap.com/usa/virginia/dulles/amazon-aws-iad-42949-fadeley/
10427,Amazon AWS IAD - 42948 Fadeley,Amazon AWS,Hyperscaler,42948 Fadeley Ln,Dulles,20166,Virginia,38.94858,-77.520883,https://www.datacentermap.com/usa/virginia/dulles/amazon-aws-iad-42948-fadeley/
10466,Amazon AWS IAD - 22890 Platform,Amazon AWS,Hyperscaler,22890 Platform Plz,Dulles,20166,Virginia,38.982388,-77.416795,https://www.datacentermap.com/usa/virginia/dulles/amazon-aws-iad-22890-platform/
10468,Amazon AWS IAD - 22940 Platform,Amazon AWS,Hyperscaler,22940 Platform Plz,Dulles,20166,Virginia,38.981531,-77.419376,https://www.datacentermap.com/usa/virginia/dulles/amazon-aws-iad-22940-platform/
10444,Amazon AWS IAD - 24224 Quail,Amazon AWS,Hyperscaler,24224 Quail Ridge Ln,Aldie,20105,Virginia,38.948042,-77.560416,https://www.datacentermap.com/usa/virginia/dulles/amazon-aws-iad-24224-quail/
10442,Amazon AWS IAD - Quail Campus,Amazon AWS,Campus,24214-24244 Quail Ridge Ln,Aldie,20105,Virginia,38.94897,-77.559564,https://www.datacentermap.com/usa/virginia/dulles/amazon-aws-iad-quail-campus/
10431,Amazon AWS IAD - 24185 Upper Woodside,Amazon AWS,Hyperscaler,24185 Upper Woodside Ln,Dulles,20166,Virginia,38.947908,-77.523077,https://www.datacentermap.com/usa/virginia/dulles/aws-iad-24185-upper-woodside/
9210,PowerHouse Arcola Campus,PowerHouse Data Centers,Campus,24408 Stone Springs Blvd,Arcola,20166,Virginia,38.9441303,-77.5357,https://www.datacentermap.com/usa/virginia/dulles/powerhouse-arcola/
13965,PowerHouse Arcola - Building B,PowerHouse Data Centers,Colocation,24408 Stone Springs Blvd,Arcola,20166,Virginia,38.94408632072958,-77.53514802637979,https://www.datacentermap.com/usa/virginia/dulles/powerhouse-arcola-building-b/
13964,PowerHouse Arcola - Building A,PowerHouse Data Centers,Colocation,24408 Stone Springs Blvd,Arcola,20166,Virginia,38.943328535711,-77.53654062933256,https://www.datacentermap.com/usa/virginia/dulles/powerhouse-arcola-building-a/
13916,Amazon AWS IAD - Hunters Ridge Campus,Amazon AWS,Campus,4110 Overview Drive,Cosner's Corner,22408,Virginia,38.2233835,-77.477563,https://www.datacentermap.com/usa/virginia/fredericksburg/amazon-aws-iad-hunters-ridge-campus/
13915,Amazon AWS IAD - Orrock Tech Campus,Amazon AWS,Campus,Orrock Road,Thornburg,22580,Virginia,38.1209345,-77.509584,https://www.datacentermap.com/usa/virginia/fredericksburg/amazon-aws-iad-orrock-tech-campus/
13914,Amazon AWS IAD - Carters Store Tech Campus,Amazon AWS,Campus,8432 Flippo Drive,Fredericksburg,22408,Virginia,38.191482,-77.4700189,https://www.datacentermap.com/usa/virginia/fredericksburg/amazon-aws-carters-store-tech-campus/
13633,STACK Infrastructure Fredericksburg,STACK INFRASTRUCTURE,Colocation,Gordon W Shelton Blvd,Fredericksburg,22401,Virginia,38.32020417190773,-77.51760344687361,https://www.datacentermap.com/usa/virginia/fredericksburg/stack-infrastructure-fredericksburg/
11206,PowerHouse 95 Campus,PowerHouse Data Centers,Campus,Overview Dr & Cosner Dr,Fredericksburg,22408,Virginia,38.219361,-77.476669,https://www.datacentermap.com/usa/virginia/fredericksburg/powerhouse-95/
12965,CleanArc VA1 Campus,CleanArc Data Centers,Campus,Interstate 95,Fredericksburg,22408,Virginia,38.16057489088293,-77.50050666227658,https://www.datacentermap.com/usa/virginia/fredericksburg/cleanarc-va1-campus/
13969,PowerHouse 95 - Building 4,PowerHouse Data Centers,Colocation,Overview Dr & Cosner Dr,Fredericksburg,22408,Virginia,38.219798,-77.478355,https://www.datacentermap.com/usa/virginia/fredericksburg/powerhouse-95-building-4/
13971,PowerHouse 95 - Building 6,PowerHouse Data Centers,Colocation,Overview Dr & Cosner Dr,Fredericksburg,22408,Virginia,38.216362,-77.4771,https://www.datacentermap.com/usa/virginia/fredericksburg/powerhouse-95-building-6/
13970,PowerHouse 95 - Building 5,PowerHouse Data Centers,Colocation,Overview Dr & Cosner Dr,Fredericksburg,22408,Virginia,38.218494,-77.477352,https://www.datacentermap.com/usa/virginia/fredericksburg/powerhouse-95-building-5/
13966,PowerHouse 95 - Building 1,PowerHouse Data Centers,Colocation,Overview Dr & Cosner Dr,Fredericksburg,22408,Virginia,38.22189,-77.478686,https://www.datacentermap.com/usa/virginia/fredericksburg/powerhouse-95-building-1/
13968,PowerHouse 95 - Building 3,PowerHouse Data Centers,Colocation,Overview Dr & Cosner Dr,Fredericksburg,22408,Virginia,38.220634,-77.478533,https://www.datacentermap.com/usa/virginia/fredericksburg/powerhouse-95-building-3/
13967,PowerHouse 95 - Building 2,PowerHouse Data Centers,Colocation,Overview Dr & Cosner Dr,Fredericksburg,22408,Virginia,38.222189,-77.476104,https://www.datacentermap.com/usa/virginia/fredericksburg/powerhouse-95-building-2/
12984,Stafford Technology Campus - Building 3,STACK INFRASTRUCTURE,Colocation,Eskimo Hill Rd,Stafford,22554,Virginia,38.382571,-77.437887,https://www.datacentermap.com/usa/virginia/fredericksburg/stafford-technology-campus-building-3/
12991,Stafford Technology Campus - Building 10,STACK INFRASTRUCTURE,Colocation,Eskimo Hill Rd,Stafford,22554,Virginia,38.386591,-77.429025,https://www.datacentermap.com/usa/virginia/fredericksburg/stafford-technology-campus-building-10/
13002,Stafford Technology Campus - Building 21,STACK INFRASTRUCTURE,Colocation,Eskimo Hill Rd,Stafford,22554,Virginia,38.37984,-77.427865,https://www.datacentermap.com/usa/virginia/fredericksburg/stafford-technology-campus-building-21/
12992,Stafford Technology Campus - Building 11,STACK INFRASTRUCTURE,Colocation,Eskimo Hill Rd,Stafford,22554,Virginia,38.387767,-77.42866,https://www.datacentermap.com/usa/virginia/fredericksburg/stafford-technology-campus-building-11/
12999,Stafford Technology Campus - Building 18,STACK INFRASTRUCTURE,Colocation,Eskimo Hill Rd,Stafford,22554,Virginia,38.383129,-77.423765,https://www.datacentermap.com/usa/virginia/fredericksburg/stafford-technology-campus-building-18/
12989,Stafford Technology Campus - Building 8,STACK INFRASTRUCTURE,Colocation,Eskimo Hill Rd,Stafford,22554,Virginia,38.38161,-77.432195,https://www.datacentermap.com/usa/virginia/fredericksburg/stafford-technology-campus-building-8/
12985,Stafford Technology Campus - Building 4,STACK INFRASTRUCTURE,Colocation,Eskimo Hill Rd,Stafford,22554,Virginia,38.381017,-77.439085,https://www.datacentermap.com/usa/virginia/fredericksburg/stafford-technology-campus-building-4/
12994,Stafford Technology Campus - Building 13,STACK INFRASTRUCTURE,Colocation,Eskimo Hill Rd,Stafford,22554,Virginia,38.386863,-77.420672,https://www.datacentermap.com/usa/virginia/fredericksburg/stafford-technology-campus-building-13/
12997,Stafford Technology Campus - Building 16,STACK INFRASTRUCTURE,Colocation,Eskimo Hill Rd,Stafford,22554,Virginia,38.385014,-77.423995,https://www.datacentermap.com/usa/virginia/fredericksburg/stafford-technology-campus-building-16/
12986,Stafford Technology Campus - Building 5,STACK INFRASTRUCTURE,Colocation,Eskimo Hill Rd,Stafford,22554,Virginia,38.380684,-77.437226,https://www.datacentermap.com/usa/virginia/fredericksburg/stafford-technology-campus-building-5/
12983,Stafford Technology Campus - Building 2,STACK INFRASTRUCTURE,Colocation,Eskimo Hill Rd,Stafford,22554,Virginia,38.384149,-77.436705,https://www.datacentermap.com/usa/virginia/fredericksburg/stafford-technology-campus-building-2/
12998,Stafford Technology Campus - Building 17,STACK INFRASTRUCTURE,Colocation,Eskimo Hill Rd,Stafford,22554,Virginia,38.384146,-77.421882,https://www.datacentermap.com/usa/virginia/fredericksburg/stafford-technology-campus-building-17/
13001,Stafford Technology Campus - Building 20,STACK INFRASTRUCTURE,Colocation,Eskimo Hill Rd,Stafford,22554,Virginia,38.38128,-77.429501,https://www.datacentermap.com/usa/virginia/fredericksburg/stafford-technology-campus-building-20/
12990,Stafford Technology Campus - Building 9,STACK INFRASTRUCTURE,Colocation,Eskimo Hill Rd,Stafford,22554,Virginia,38.387822,-77.430728,https://www.datacentermap.com/usa/virginia/fredericksburg/stafford-technology-campus-building-9/
12996,Stafford Technology Campus - Building 15,STACK INFRASTRUCTURE,Colocation,Eskimo Hill Rd,Stafford,22554,Virginia,38.385564,-77.421082,https://www.datacentermap.com/usa/virginia/fredericksburg/stafford-technology-campus-building-15/
12993,Stafford Technology Campus - Building 12,STACK INFRASTRUCTURE,Colocation,Eskimo Hill Rd,Stafford,22554,Virginia,38.388928,-77.427492,https://www.datacentermap.com/usa/virginia/fredericksburg/stafford-technology-campus-building-12/
12995,Stafford Technology Campus - Building 14,STACK INFRASTRUCTURE,Colocation,Eskimo Hill Rd,Stafford,22554,Virginia,38.386374,-77.423306,https://www.datacentermap.com/usa/virginia/fredericksburg/stafford-technology-campus-building-14/
12982,Stafford Technology Campus - Building 1,STACK INFRASTRUCTURE,Colocation,Eskimo Hill Rd,Stafford,22554,Virginia,38.38752,-77.437214,https://www.datacentermap.com/usa/virginia/fredericksburg/stafford-technology-campus-building-1/
12981,Stafford Technology Campus,STACK INFRASTRUCTURE,Campus,Eskimo Hill Rd,Stafford,22554,Virginia,38.382867,-77.42926,https://www.datacentermap.com/usa/virginia/fredericksburg/stafford-technology-campus/
12987,Stafford Technology Campus - Building 6,STACK INFRASTRUCTURE,Colocation,Eskimo Hill Rd,Stafford,22554,Virginia,38.382258,-77.436118,https://www.datacentermap.com/usa/virginia/fredericksburg/stafford-technology-campus-building-6/
13004,Stafford Technology Campus - Building 23,STACK INFRASTRUCTURE,Colocation,Eskimo Hill Rd,Stafford,22554,Virginia,38.378992,-77.424152,https://www.datacentermap.com/usa/virginia/fredericksburg/stafford-technology-campus-building-23/
13003,Stafford Technology Campus - Building 22,STACK INFRASTRUCTURE,Colocation,Eskimo Hill Rd,Stafford,22554,Virginia,38.379365,-77.430201,https://www.datacentermap.com/usa/virginia/fredericksburg/stafford-technology-campus-building-22/
13000,Stafford Technology Campus - Building 19,STACK INFRASTRUCTURE,Colocation,Eskimo Hill Rd,Stafford,22554,Virginia,38.382509,-77.422111,https://www.datacentermap.com/usa/virginia/fredericksburg/stafford-technology-campus-building-19/
12988,Stafford Technology Campus - Building 7,STACK INFRASTRUCTURE,Colocation,Eskimo Hill Rd,Stafford,22554,Virginia,38.383015,-77.431268,https://www.datacentermap.com/usa/virginia/fredericksburg/stafford-technology-campus-building-7/
4962,DBT DATA Cyber Integration Center,DBT DATA - Cyber Integration Center,Colocation,139 Tyco St,Harrisonburg,22802,Virginia,38.4621571,-78.8563737,https://www.datacentermap.com/usa/virginia/harrisonburg/dbt-data-cyber-integration-center/
7108,QTS Harrisonburg,QTS Data Centers,Colocation,1175 N Main St,Harrisonburg,22802,Virginia,38.4621271,-78.8563836,https://www.datacentermap.com/usa/virginia/harrisonburg/qts-harrisonburg/
14846,Project Tallmadge - Building 2,"Takanock, LLC",Colocation,Borden Mowery Dr,Strasburg,22657,Virginia,39.01296356572852,-78.3535634480516,https://www.datacentermap.com/usa/virginia/harrisonburg/project-tallmadge-building-2/
14845,Project Tallmadge - Building 1,"Takanock, LLC",Colocation,Borden Mowery Dr,Strasburg,22657,Virginia,39.01154697994925,-78.35936588189682,https://www.datacentermap.com/usa/virginia/harrisonburg/project-tallmadge-building-1/
14844,Project Tallmadge,"Takanock, LLC",Campus,Borden Mowery Dr,Strasburg,22657,Virginia,39.01334611476693,-78.35493575737661,https://www.datacentermap.com/usa/virginia/harrisonburg/project-tallmadge/
10898,Brush Mountain Data Center,Brush Mountain Data Center,Colocation,2200 Kraft Dr SW,Blacksburg,24060,Virginia,37.1991254,-80.4081322,https://www.datacentermap.com/usa/virginia/roanoke/brush-mountain-data-center/
14838,Google Botetourt Center Industrial Park,Google,Hyperscaler,"Botetourt Center Industrial Park, 984 International Pkwy",Daleville,24083,Virginia,37.44408684520931,-79.91743417100798,https://www.datacentermap.com/usa/virginia/roanoke/google-botetourt-center-industrial-park/
10298,8217 Linton Hall Rd (VA4),Digital Realty,Colocation,8217 Linton Hall Rd ,Bristow,20136,Virginia,38.7782843,-77.59453649999999,https://www.datacentermap.com/usa/virginia/bristow/digital-realty-va4/
11376,Microsoft - 8008 Devlin Rd,Microsoft,Hyperscaler,8008 Devlin Rd,Bristow,20136,Virginia,38.771265,-77.575318,https://www.datacentermap.com/usa/virginia/bristow/microsoft-8008-devlin-rd/
9885,STACK Infrastructure NVA02 Campus,STACK INFRASTRUCTURE,Campus,Hornbaker Rd / Linton Hall Rd,Bristow,20109,Virginia,38.7455014,-77.5359638,https://www.datacentermap.com/usa/virginia/bristow/stack-infrastructure-nva02-campus/
10999,STACK Infrastructure NVA02J,STACK INFRASTRUCTURE,Colocation,Linton Hall Rd,Bristow,20136,Virginia,38.7430032486321,-77.54460529668756,https://www.datacentermap.com/usa/virginia/bristow/stack-infrastructure-nva02j/
10997,STACK Infrastructure NVA02H,STACK INFRASTRUCTURE,Colocation,Linton Hall Rd,Bristow,20136,Virginia,38.74142701441061,-77.5424761426644,https://www.datacentermap.com/usa/virginia/bristow/stack-infrastructure-nva02h/
10488,Amazon AWS IAD - 5945 Wellington,Amazon AWS,Hyperscaler,5945 Wellington Rd,Bristow,20136,Virginia,38.789828,-77.582873,https://www.datacentermap.com/usa/virginia/bristow/amazon-aws-iad-5945-wellington/
10487,Amazon AWS IAD - 5845 Wellington,Amazon AWS,Hyperscaler,5845 Wellington Rd,Bristow,20136,Virginia,38.789828,-77.582873,https://www.datacentermap.com/usa/virginia/bristow/amazon-aws-iad-5845-wellington/
10998,STACK Infrastructure NVA02I,STACK INFRASTRUCTURE,Colocation,Linton Hall Rd,Bristow,20136,Virginia,38.74372098661489,-77.54301745300927,https://www.datacentermap.com/usa/virginia/bristow/stack-infrastructure-nva02i/
9888,STACK Infrastructure NVA02C,STACK INFRASTRUCTURE,Colocation,9730 Hornbaker Rd,Bristow,20109,Virginia,38.7451377,-77.5330692,https://www.datacentermap.com/usa/virginia/bristow/stack-infrastructure-nva02c/
9886,STACK Infrastructure NVA02A,STACK INFRASTRUCTURE,Colocation,9750 Hornbaker Rd,Bristow,20109,Virginia,38.743082,-77.533448,https://www.datacentermap.com/usa/virginia/bristow/stack-infrastructure-nva02a/
9889,STACK Infrastructure NVA02D,STACK INFRASTRUCTURE,Colocation,9590 Hornbaker Rd,Bristow,20109,Virginia,38.7455014,-77.5359638,https://www.datacentermap.com/usa/virginia/bristow/stack-infrastructure-nva02d/
9890,STACK Infrastructure NVA02E,STACK INFRASTRUCTURE,Colocation,9604 Hornbaker Rd,Bristow,20109,Virginia,38.745617,-77.5381503,https://www.datacentermap.com/usa/virginia/bristow/stack-infrastructure-nva02e/
9887,STACK Infrastructure NVA02B,STACK INFRASTRUCTURE,Colocation,9720 Hornbaker Rd,Bristow,20109,Virginia,38.744253,-77.533376,https://www.datacentermap.com/usa/virginia/bristow/stack-infrastructure-nva02b/
14008,Hunter Trust,JK Land Holdings,Campus,8613 Linton Hall Rd,Bristow,20136,Virginia,38.77307066256186,-77.59141838144379,https://www.datacentermap.com/usa/virginia/bristow/hunter-trust/
10486,Amazon AWS IAD - Wellington Campus (Bristow),Amazon AWS,Campus,5845-5915 Wellington Rd,Bristow,20136,Virginia,38.789828,-77.582873,https://www.datacentermap.com/usa/virginia/bristow/amazon-aws-iad-wellington-campus1/
10889,Google Prince William County - Building 4,Google,Hyperscaler,Wellington Road & Piney Branch Lane,Bristow,20136,Virginia,38.7861667,-77.5755806,https://www.datacentermap.com/usa/virginia/bristow/google-prince-william-cty-bldg-4/
10886,Google Prince William County - Building 1,Google,Hyperscaler,Wellington Road & Piney Branch Lane,Bristow,20136,Virginia,38.792,-77.5748,https://www.datacentermap.com/usa/virginia/bristow/google-prince-william-cty-bldg-1/
10885,Google Prince William County Campus,Google,Campus,Wellington Road & Piney Branch Lane,Bristow,20136,Virginia,38.78880624112648,-77.57458863420699,https://www.datacentermap.com/usa/virginia/bristow/google-prince-william-county-campus/
10888,Google Prince William County - Building 3,Google,Hyperscaler,Wellington Road & Piney Branch Lane,Bristow,20136,Virginia,38.7888444,-77.5739167,https://www.datacentermap.com/usa/virginia/bristow/google-prince-william-cty-bldg-3/
10887,Google Prince William County - Building 2,Google,Hyperscaler,Wellington Road & Piney Branch Lane,Bristow,20136,Virginia,38.7906583,-77.5722028,https://www.datacentermap.com/usa/virginia/bristow/google-prince-william-cty-bldg-2/
9040,Equinix CU1,Equinix,Colocation,18155 Technology Drive,Culpeper,22701,Virginia,38.45566,-77.97879,https://www.datacentermap.com/usa/virginia/culpeper/equinix-cu1/
9275,CloudHQ CLP Campus,CloudHQ,Campus,14521 McDevitt Drive,Culpeper,22701,Virginia,38.46110781184714,-77.97931678342114,https://www.datacentermap.com/usa/virginia/culpeper/cloudhq-clp-campus/
11109,Databank IAD5 - Culpeper,DataBank,Colocation,14601 Germanna Hwy,Culpeper,22701,Virginia,38.4501478,-77.9808511,https://www.datacentermap.com/usa/virginia/culpeper/databank-iad5-culpeper/
14665,DataBank IAD6 - Culpeper,DataBank,Colocation,14601 Germanna Hwy,Culpeper,22701,Virginia,38.4501478,-77.9808511,https://www.datacentermap.com/usa/virginia/culpeper/databank-iad6-culpeper/
11734,EdgeCore Culpeper Campus,EdgeCore,Campus,"Culpeper Technology Zone (CTZ), 15650 Nalles Mill Rd",Culpeper,22701,Virginia,38.4685071,-77.963492,https://www.datacentermap.com/usa/virginia/culpeper/edgecore-culpeper-campus/
11738,EdgeCore Culpeper CP01,EdgeCore,Colocation,"Culpeper Technology Zone (CTZ), 15650 Nalles Mill Rd",Culpeper,22701,Virginia,38.4685071,-77.963492,https://www.datacentermap.com/usa/virginia/culpeper/edgecore-culpeper-cp011/
11737,EdgeCore Culpeper CP03,EdgeCore,Colocation,"Culpeper Technology Zone (CTZ), 15650 Nalles Mill Rd",Culpeper,22701,Virginia,38.4685071,-77.963492,https://www.datacentermap.com/usa/virginia/culpeper/edgecore-culpeper-cp03/
11736,EdgeCore Culpeper CP02,EdgeCore,Colocation,"Culpeper Technology Zone (CTZ), 15650 Nalles Mill Rd",Culpeper,22701,Virginia,38.4685071,-77.963492,https://www.datacentermap.com/usa/virginia/culpeper/edgecore-culpeper-cp02/
9276,CloudHQ CLP1,CloudHQ,Colocation,14521 McDevitt Drive,Culpeper,22701,Virginia,38.46110781184714,-77.97931678342114,https://www.datacentermap.com/usa/virginia/culpeper/cloudhq-clp1/
9277,CloudHQ CLP2,CloudHQ,Colocation,14521 McDevitt Drive,Culpeper,22701,Virginia,38.46110781184714,-77.97931678342114,https://www.datacentermap.com/usa/virginia/culpeper/cloudhq-clp2/
9278,CloudHQ CLP3,CloudHQ,Colocation,14521 McDevitt Drive,Culpeper,22701,Virginia,38.46110781184714,-77.97931678342114,https://www.datacentermap.com/usa/virginia/culpeper/cloudhq-clp3/
9042,Equinix CU3,Equinix,Colocation,18155 Technology Drive,Culpeper,22701,Virginia,38.45566,-77.97879,https://www.datacentermap.com/usa/virginia/culpeper/equinix-cu3/
9041,Equinix CU2,Equinix,Colocation,18155 Technology Drive,Culpeper,22701,Virginia,38.45566,-77.97879,https://www.datacentermap.com/usa/virginia/culpeper/equinix-cu2/
10533,Amazon AWS IAD - 20420 Germanna,Amazon AWS,Hyperscaler,20420 Germanna Hwy,Stevensburg,22741,Virginia,38.44093785550198,-77.87726993253894,https://www.datacentermap.com/usa/virginia/culpeper/amazon-aws-iad-20420-germanna/
9044,Culpeper Campus,Equinix,Campus,18155 Technology Drive,Culpeper,22701,Virginia,38.45566,-77.97879,https://www.datacentermap.com/usa/virginia/culpeper/culpeper-campus/
9043,Equinix CU4,Equinix,Colocation,18155 Technology Drive,Culpeper,22701,Virginia,38.45566,-77.97879,https://www.datacentermap.com/usa/virginia/culpeper/equinix-cu4/
10447,Amazon AWS IAD - Sutton Bay Campus,Amazon AWS,Campus,25410-25430 Sutton Bay Plz,South Riding,20152,Virginia,38.916092,-77.478062,https://www.datacentermap.com/usa/virginia/south-riding/amazon-aws-iad-sutton-campus/
10450,Amazon AWS IAD - 25430 Sutton Bay,Amazon AWS,Hyperscaler,25430 Sutton Bay Plz,South Riding,20152,Virginia,38.916582,-77.479757,https://www.datacentermap.com/usa/virginia/south-riding/amazon-aws-iad-25430-sutton/
10449,Amazon AWS IAD - 25420 Sutton Bay,Amazon AWS,Hyperscaler,25420 Sutton Bay Plz,South Riding,20152,Virginia,38.916168,-77.478676,https://www.datacentermap.com/usa/virginia/south-riding/amazon-aws-iad-25420-sutton/
10448,Amazon AWS IAD - 25410 Sutton Bay,Amazon AWS,Hyperscaler,25410 Sutton Bay Plz,South Riding,20152,Virginia,38.91583,-77.477432,https://www.datacentermap.com/usa/virginia/south-riding/amazon-aws-iad-25410-sutton/
11379,Amazon AWS IAD - 24359 Racefield Ln,Amazon AWS,Hyperscaler,24359 Racefield Ln,Aldie,20105,Virginia,38.949565,-77.54987799999999,https://www.datacentermap.com/usa/virginia/south-riding/amazon-aws-iad-24359-racefield-ln/
611,OnePartner ATAC,"OnePartner, LLC.",Colocation,158 Advanced Technology Drive,Duffield,24244,Virginia,36.715151,-82.81846,https://www.datacentermap.com/usa/virginia/south-west-virginia/atac-sw-virginia/
14064,Amazon AWS - 7951-7961 Loisdale Rd,Amazon AWS,Hyperscaler,7951-7961 Loisdale Rd,Springfield,22150,Virginia,38.7424509,-77.1863947,https://www.datacentermap.com/usa/virginia/springfield-va/amazon-aws-7951-7961-loisdale-rd/
10901,DP Facilities - Mineral Gap Data Center,DP Facilities,Colocation,5978 Windswept Blvd,Wise,24293,Virginia,36.97797550039026,-82.5267990919378,https://www.datacentermap.com/usa/virginia/wise/mineral-gap-data-center/
965,36 NE 2nd St (MIA10),Digital Realty,Colocation,36 NE 2nd Street,Miami,33132,Florida,25.775811,-80.192958,https://www.datacentermap.com/usa/florida/miami/36ne-2nd-street/
10069,Hivelocity - Miami 1,Hivelocity,Colocation,50 NE 9th St,Miami,33132,Florida,25.7823647,-80.1931295,https://www.datacentermap.com/usa/florida/miami/hivelocity-miami-1/
1010,2300 NW 89th Pl (MIA11),Digital Realty,Colocation,2300 NW 89th Pl,Miami,33172,Florida,25.795032,-80.342568,https://www.datacentermap.com/usa/florida/miami/2300nw-89th-pl/
869,Equinix MI1 (NAP of the Americas),Equinix,Colocation,50 NE 9th Street,Miami,33132,Florida,25.782841,-80.193084,https://www.datacentermap.com/usa/florida/miami/terremark-miami/
943,RadiusDC Miami I,RadiusDC,Colocation,11300 NW 25th Street,Miami,33172,Florida,25.796876,-80.378809,https://www.datacentermap.com/usa/florida/miami/telefonica-keycenter/
14087,Metobloks Miami MB01,"Metrobloks, LLC",Colocation,500 NW 137th Ave,Miami,33178,Florida,25.77154587143937,-80.41817894166525,https://www.datacentermap.com/usa/florida/miami/metobloks-miami-mb01/
1572,ColoHouse Miami,ColoHouse,Colocation,36 NE 2nd Street,Miami,33132,Florida,25.7758108,-80.1929487,https://www.datacentermap.com/usa/florida/miami/colohouse/
10884,NetcroHosting,NetcroHosting,Colocation,36 NE 2nd St,Miami,33132,Florida,25.7758398,-80.1929686,https://www.datacentermap.com/usa/florida/miami/netcrohosting/
1028,CoreSite Miami (MI1),CoreSite,Colocation,2115 NW 22nd Street,Miami,33142,Florida,25.797341,-80.229838,https://www.datacentermap.com/usa/florida/miami/miami-exchange/
1687,Cogent Data Center - Miami,"Cogent Communications, Inc.",Colocation,200 SE 1st St,Miami,33131,Florida,25.773426,-80.190183,https://www.datacentermap.com/usa/florida/miami/cogent-miami/
10810,Iron Mountain Data Centers MIA-1,Iron Mountain Data Centers,Colocation,2925 NW 120th Terrace,Miami,33167,Florida,25.8845875,-80.2472068,https://www.datacentermap.com/usa/florida/miami/iron-mountain-mia-1/
4807,DataBank MIA1 - Downtown Miami,DataBank,Colocation,36 NE 2nd St,Miami,33132,Florida,25.775811,-80.192958,https://www.datacentermap.com/usa/florida/miami/zcolo-36ne-2nd/
9054,Equinix MI6,Equinix,Colocation,"1525 NW 98th Court, International Corporate Park",Doral,33172,Florida,25.78765,-80.35483,https://www.datacentermap.com/usa/florida/miami/equinix-mi6/
5547,EdgeConneX Miami - EDCMIA01,EdgeConneX,Colocation,2132 NW 114th Ave,Miami,33172,Florida,25.7928135,-80.3806221,https://www.datacentermap.com/usa/florida/miami/edcmia01/
6250,EdgeConneX Miami - EDCMIA02,EdgeConneX,Colocation,475 NE 185th St.,Miami Gardens,33179,Florida,25.9454756,-80.1915,https://www.datacentermap.com/usa/florida/miami/edgeconnex-edcmia02/
12261,CoreSite Miami (MI2),CoreSite,Colocation,2100 NW 84th Ave,Doral,33122,Florida,25.7933177,-80.33358109999999,https://www.datacentermap.com/usa/florida/miami/coresite-miami-mi2/
6674,Navegalo Miami Data Center,Navegalo,Colocation,36 NE 2nd Street,Miami,33132,Florida,25.7758503,-80.1929893,https://www.datacentermap.com/usa/florida/miami/rack-lodge-miami/
1676,Equinix MI2,Equinix,Colocation,36 Northeast Second Street,Miami,33132,Florida,25.776108,-80.193078,https://www.datacentermap.com/usa/florida/miami/switchdata-miami-36ne/
1132,Aptum Miami,Aptum,Colocation,2300 NW 89th Pl,Miami,33172,Florida,25.795032,-80.342568,https://www.datacentermap.com/usa/florida/miami/peer-1-miami/
6389,Volico Miami 2,Volico Data Center,Colocation,36 NE 2nd St,Miami,33132,Florida,25.775811,-80.192958,https://www.datacentermap.com/usa/florida/miami/volico-data-center/
2025,QTS Miami 1 DC1,QTS Data Centers,Colocation,11234 NW 20th St.,Miami,33172,Florida,25.794481,-80.233032,https://www.datacentermap.com/usa/florida/miami/quality-miami-data-center/
3842,South Reach Networks,South Reach Networks,Colocation,36 NE 2nd Street,Miami,33132,Florida,25.776108,-80.193078,https://www.datacentermap.com/usa/florida/miami/interconnect-miami/
8888,Raeden MIA2,Raeden,Colocation,200 SE 1st St,Miami,33131,Florida,25.7732153,-80.1899214,https://www.datacentermap.com/usa/florida/miami/mia2/
9979,Colocation America MiamiDC1,Colocation America,Colocation,36 NE 2nd St,Miami,33132,Florida,25.7758686,-80.1931295,https://www.datacentermap.com/usa/florida/miami/colocation-america-miamidc1/
3454,Net Data,Nettalk .Com Inc.,Colocation,1080 NW 163rd Drive,Miami,33169,Florida,25.9243762,-80.217407,https://www.datacentermap.com/usa/florida/miami/net-data/
4636,NocRoom Miami Colocation and VPS,NocRoom Miami Colocation VPS,Colocation,36 NE 2nd Street,Miami,33132,Florida,25.7758774,-80.1929703,https://www.datacentermap.com/usa/florida/miami/switchmia/
9826,Volico Miami 1,Volico Data Center,Colocation,100N Biscayne Blvd,Miami,33137,Florida,25.7756147,-80.1881889,https://www.datacentermap.com/usa/florida/miami/volico-miami-1/
5561,Cogent Data Center - Doral,"Cogent Communications, Inc.",Colocation,3701 NW 82nd Street,Doral,33166,Florida,25.808003,-80.328712,https://www.datacentermap.com/usa/florida/miami/cogent-miami2/
12760,Cogent Data Center - Hollywood,"Cogent Communications, Inc.",Colocation,3924 Pembroke Rd,Pembroke Park,33021,Florida,25.9949788,-80.1804545,https://www.datacentermap.com/usa/florida/miami/cogent-data-center-hollywood/
638,Stealth-ISS Dedicated Server Store,Stealth - ISS Inc.,Colocation,1953 NW 22nd Street,Miami,33142,Florida,25.7976224,-80.2290855,https://www.datacentermap.com/usa/florida/miami/stealth-iss-data-center/
1686,200 Southeast First Street,Stonerock Capital Partners,Building,200 SE 1st Street,Miami,33131,Florida,25.7732173,-80.1899092,https://www.datacentermap.com/usa/florida/miami/200-technology-center/
10959,AT&T Miami,AT&T Inc.,Colocation,444 NW 79th Ave,Miami,33126,Florida,25.7738018,-80.3252167,https://www.datacentermap.com/usa/florida/miami/att-miami/
920,iM Critical Miami Data Center,iM Critical,Colocation,100 NE 80th Terrace,Miami,33138,Florida,25.848659,-80.195349,https://www.datacentermap.com/usa/florida/miami/miami-data-vault/
6203,Nettogo Data Center,Nettogo,Colocation,11560 SW 120 St,Miami,33176,Florida,25.656253,-80.3820651,https://www.datacentermap.com/usa/florida/miami/nettogo/
9502,Lumen Miami 4,Lumen,Colocation,50 NE 9th St,Miami,33132,Florida,25.7823647,-80.1931295,https://www.datacentermap.com/usa/florida/miami/lumen-miami-4/
9503,Lumen Miami 5,Lumen,Colocation,1109 NW 22nd St,Miami,33127,Florida,25.7979518,-80.2148204,https://www.datacentermap.com/usa/florida/miami/lumen-miami-5/
9824,IPXON Miami,IPXON Networks,Colocation,50 NE 9th St,Miami,33132,Florida,25.7823647,-80.1931295,https://www.datacentermap.com/usa/florida/miami/ipxon-miami/
6794,Carrierhouse Data Center,Carrierhouse Data Center,Colocation,1100 NW 163rd Drive,Miami,33169,Florida,25.9240941,-80.2177704,https://www.datacentermap.com/usa/florida/miami/carrierhouse-data-center/
1213,Verizon Miami,Verizon Communications Inc.,Colocation,16563 NW 15th Ave,Miami,33169,Florida,25.9251015,-80.224559,https://www.datacentermap.com/usa/florida/miami/xo-miami/
5381,Lumen Miami 3,Lumen,Colocation,200 SE First Street,Miami,33131,Florida,25.7732197,-80.1900026,https://www.datacentermap.com/usa/florida/miami/level3-miami3/
1474,Lumen Miami,Lumen,Colocation,49 N.W. 5th Street,Miami,33128,Florida,25.778951,-80.194823,https://www.datacentermap.com/usa/florida/miami/level3-miami/
3824,Hivelocity - Tampa 1,Hivelocity,Colocation,8010 Woodland Center Blvd.,Tampa,33614,Florida,28.0199528,-82.5246385,https://www.datacentermap.com/usa/florida/tampa/hivelocity/
6550,Hivelocity - Tampa 2,Hivelocity,Colocation,5908 Hampton Oaks Parkway,Tampa,33610,Florida,28.0048354,-82.3576682,https://www.datacentermap.com/usa/florida/tampa/hivelocity-tpa2/
5596,Cologix LAK1,Cologix,Colocation,2850 Interstate Drive,Lakeland,33805,Florida,28.07966,-81.975166,https://www.datacentermap.com/usa/florida/tampa/cologix-lakeland/
858,Flexential Tampa - West Data Center,Flexential,Colocation,9417 Corporate Lake Drive,Tampa,33634,Florida,28.035364,-82.540695,https://www.datacentermap.com/usa/florida/tampa/flexential-tampa-west/
6939,Flexential Tampa - North Data Center,Flexential,Colocation,8350 Parkedge Drive,Tampa,33637,Florida,28.0736168,-82.3685534,https://www.datacentermap.com/usa/florida/tampa/flexential-tampa/
1603,E Solutions Data Center,WOW Business/E Solutions,Colocation,400 North Tampa Street,Tampa,33602,Florida,27.9473436,-82.4587643,https://www.datacentermap.com/usa/florida/tampa/e-solutions-corporation/
7466,Centersquare - Tampa TPA1-A,Centersquare,Colocation,9310 Florida Palm Dr.,Tampa,33619,Florida,27.945267,-82.351323,https://www.datacentermap.com/usa/florida/tampa/cyxtera-tpa1/
1492,365 Data Centers - Tampa,365 Data Centers,Colocation,655 N Franklin St.,Tampa,33602,Florida,27.9496073,-82.4583528,https://www.datacentermap.com/usa/florida/tampa/switchdata-tampa/
2528,Datatech Hosting Tampa,Data-Tech,Colocation,7904 Hopi Place,Tampa,33634,Florida,28.019224,-82.5297779,https://www.datacentermap.com/usa/florida/tampa/datatech-hosting/
5019,655 North Franklin,The Wilson Company,Building,655 North Franklin Street,Tampa,33602,Florida,27.9498764,-82.4588432,https://www.datacentermap.com/usa/florida/tampa/655-north-franklin/
12655,Carrier Core Data Center,Carrier Core LLC,Colocation,655 N Franklin St,Tampa,33602,Florida,27.9500521,-82.4582432,https://www.datacentermap.com/usa/florida/tampa/carrier-core-data-center/
5567,Cogent Data Center - Tampa,"Cogent Communications, Inc.",Colocation,400 N Tampa St,Tampa,33602,Florida,27.947606,-82.4594682,https://www.datacentermap.com/usa/florida/tampa/cogent-tampa/
1728,Hostway Tampa,"Hostway Services, Inc",Colocation,412 East Madison Avenue,Tampa,33602,Florida,27.9490119,-82.4570229,https://www.datacentermap.com/usa/florida/tampa/hostway-tampa/
4813,OneColo Data Center,OneColo,Colocation,610 N Morgan St,Tampa,33602,Florida,27.9501499,-82.4565921,https://www.datacentermap.com/usa/florida/tampa/onecolo/
7997,IT Support Guys - Tampa,IT Support Guys,Colocation,2709 N Rocky Point Dr,Tampa,33607,Florida,27.9645889,-82.5677307,https://www.datacentermap.com/usa/florida/tampa/itsupportguys-tampa/
8230,AceHost Tampa Data Center,Acehost,Colocation,412 E Madison St,Tampa,33602,Florida,27.9491474,-82.4570469,https://www.datacentermap.com/usa/florida/tampa/acehostcom/
5013,Hostway Tampa Franklin,"Hostway Services, Inc",Colocation,655 N Franklin St,Tampa,33602,Florida,27.9495027,-82.4583924,https://www.datacentermap.com/usa/florida/tampa/hostway-tampa-franklin/
14783,Bohler Places LLC Fort Meade,Unknown Company,Campus,Co Rd 700,Fort Meade,33841,Florida,27.78797027173758,-81.82347183442675,https://www.datacentermap.com/usa/florida/tampa/bohler-places-llc-fort-meade/
1356,Park Tower,Sterling American Property Inc,Building,400 North Tampa Street,Tampa,33602,Florida,27.9476751,-82.459371,https://www.datacentermap.com/usa/florida/tampa/park-tower/
1200,Verizon Tampa,Verizon Communications Inc.,Colocation,5904-A Hampton Oaks Pkwy,Tampa,33610,Florida,28.0055246,-82.3597342,https://www.datacentermap.com/usa/florida/tampa/xo-tampa/
1441,Lumen Tampa 1,Lumen,Colocation,7909 Woodland Center Blvd,Tampa,33614,Florida,28.018122,-82.523523,https://www.datacentermap.com/usa/florida/tampa/level3-tampa/
5479,Lumen Tampa 2,Lumen,Colocation,59007 Hampton Oaks Parkway,Tampa,33610,Florida,28.0044419,-82.3576981,https://www.datacentermap.com/usa/florida/tampa/level3-tampa2/
5480,Lumen Tampa 3,Lumen,Colocation,1700 N 25th Street,Tampa,33605,Florida,27.959749,-82.431342,https://www.datacentermap.com/usa/florida/tampa/level3-tampa3/
1429,Lumen Tampa 4,Lumen,Colocation,400 North Tampa Street,Tampa,33602,Florida,27.9473436,-82.4587643,https://www.datacentermap.com/usa/florida/tampa/twtc-tampa/
8901,CoreSite Orlando (OR1),CoreSite,Colocation,9701 S. John Young Parkway,Orlando,32819,Florida,28.4271365270483,-81.42006041433615,https://www.datacentermap.com/usa/florida/orlando/coresite-or1/
1522,HostDime Orlando,HostDime Global Corp,Colocation,440 West Kennedy Blvd,Orlando,32810,Florida,28.6185131,-81.3937966,https://www.datacentermap.com/usa/florida/orlando/hostdime/
10859,HostDime Orlando 2,HostDime Global Corp,Colocation,1 Innovative Pl,Eatonville,32751,Florida,28.6144634,-81.3856569,https://www.datacentermap.com/usa/florida/orlando/hostdime-orlando-2/
4555,ndtHOST,ndtHOST,Colocation,8635 Holiday Springs Rd.,Melbourne,32940,Florida,28.26005031428279,-80.69464445114136,https://www.datacentermap.com/usa/florida/orlando/ndthost/
6054,Thrive US - Winter Haven,Thrive,Colocation,200 Avenue B NW,Winter Haven,33881,Florida,28.023895,-81.7292955,https://www.datacentermap.com/usa/florida/orlando/200-avenue-b-nw/
818,Colo Solutions Orlando,Colo Solutions,Colocation,100 West Lucerne Circle,Orlando,32801,Florida,28.5348177,-81.3801927,https://www.datacentermap.com/usa/florida/orlando/colo-solutions-orlando/
6069,Signal Hill Telecom Center,"SH OTC, LLC",Colocation,440 W Kennedy Blvd,Orlando,32810,Florida,28.6175537,-81.3933887,https://www.datacentermap.com/usa/florida/orlando/signal-hill-telecom/
10370,Cogent Data Center - Orlando,"Cogent Communications, Inc.",Colocation,17401 Wewahootee Rd,Orlando,32832,Florida,28.4253352,-81.1210081,https://www.datacentermap.com/usa/florida/orlando/cogent-data-center-orlando/
4612,Corserva Orlando,Corserva,Colocation,8251 Presidents Drive,Orlando,32809,Florida,28.4476916,-81.4140604,https://www.datacentermap.com/usa/florida/orlando/pcnet-orlando/
674,Smart City Metro,"Smart City Holdings, LLC",Colocation,1101 N. Keller Road,Orlando,32810,Florida,28.6388171,-81.3996012,https://www.datacentermap.com/usa/florida/orlando/smart-city/
1569,Atlantic.Net Orlando Data Center,Atlantic.Net,Colocation,440 West Kennedy Blvd,Orlando,32810,Florida,28.6175162,-81.393359,https://www.datacentermap.com/usa/florida/orlando/atlantic-orlando/
1468,Lumen Orlando,Lumen,Colocation,380 South Lakew Destiny Drive,Orlando,32810,Florida,28.615015,-81.388571,https://www.datacentermap.com/usa/florida/orlando/level3-orlando/
5418,Lumen Orlando 2,Lumen,Colocation,510 W. Columbia Street,Orlando,32805,Florida,28.527123,-81.385068,https://www.datacentermap.com/usa/florida/orlando/level3-orlando2/
1419,Lumen Orlando 3,Lumen,Colocation,7003 Presidents Dr,Oak Ridge,32809,Florida,28.464008,-81.418975,https://www.datacentermap.com/usa/florida/orlando/twtc-orlando/
3218,Volico Fort Lauderdale,Volico Data Center,Colocation,500 Green Rd,Pompano,33064,Florida,26.290414,-80.133934,https://www.datacentermap.com/usa/florida/boca-raton/volico-2/
9053,Equinix  MI3,Equinix,Colocation,4680 Conference Way South,Boca Raton,33431,Florida,26.38896,-80.10894,https://www.datacentermap.com/usa/florida/boca-raton/equinix--mi3/
14528,3EX Hosting Data Center – Boca Raton,3EX Hosting,Colocation,6601 Park of Commerce Blvd,Boca Raton,33487,Florida,26.4075638,-80.0977968,https://www.datacentermap.com/usa/florida/boca-raton/3ex-hosting-data-center-boca-raton/
2395,Cogent Data Center - Boca Raton,"Cogent Communications, Inc.",Colocation,5050 Conference Way North,Boca Raton,33431,Florida,26.391247,-80.109199,https://www.datacentermap.com/usa/florida/boca-raton/cogent-boca-raton/
3085,3500 NW,365 Data Centers,Building,3500 NW 2nd Ave,Boca Raton,33431,Florida,26.3820665,-80.0851769,https://www.datacentermap.com/usa/florida/boca-raton/3500-nw/
4584,365 Data Centers-Boca Raton-Ph. 3&4,365 Data Centers,Colocation,"3500 NW Boca Raton Blvd, Bldg 800",Boca Raton,33431,Florida,26.381699,-80.083912,https://www.datacentermap.com/usa/florida/boca-raton/hostnet-phase-iii--iv/
1566,365 Data Centers-Boca Raton-Phase 2,365 Data Centers,Colocation,"3500 NW Boca Raton Blvd, Bldg 900",Boca Raton,33431,Florida,26.3820665,-80.0851769,https://www.datacentermap.com/usa/florida/boca-raton/host-net/
1893,Flexential Fort Lauderdale Data Center,Flexential,Colocation,5301 NW 33rd Ave,Fort Lauderdale,33309,Florida,26.189781,-80.1917423,https://www.datacentermap.com/usa/florida/fort-lauderdale/flexential-fort-lauderdale/
4583,365 Data Centers - Fort Lauderdale,365 Data Centers,Colocation,3250 W Commercial Blvd,Fort Lauderdale,33309,Florida,26.1861749,-80.1902629,https://www.datacentermap.com/usa/florida/fort-lauderdale/hostnet-fort-lauderdale/
4105,Volico Deerfield,Volico Data Center,Colocation,500 NW 48 Street,Pompano Beach,33064,Florida,26.2911093,-80.1334872,https://www.datacentermap.com/usa/florida/fort-lauderdale/volico-deerfield/
5329,Lumen Fort Lauderdale 1,Lumen,Colocation,200 NW 2nd Street,Fort Lauderdale,33311,Florida,26.1233062,-80.1443107,https://www.datacentermap.com/usa/florida/fort-lauderdale/level3-fort-lauderdale1/
794,Cologix JAX1,Cologix,Colocation,421 West Church Street,Jacksonville,32202,Florida,30.33113,-81.662156,https://www.datacentermap.com/usa/florida/jacksonville/421-west-church-street/
5595,Cologix JAX2,Cologix,Colocation,4800 Spring Park Road,Jacksonville,32207,Florida,30.273181,-81.613826,https://www.datacentermap.com/usa/florida/jacksonville/cologix-jax2/
863,Flexential Jacksonville Data Center,Flexential,Colocation,4905 Belfort Road,Jacksonville,32256,Florida,30.247263,-81.583897,https://www.datacentermap.com/usa/florida/jacksonville/flexential-jacksonville/
6251,TierPoint Jacksonville,TierPoint,Colocation,8324 Baymeadows Way,Jacksonville,32256,Florida,30.216587,-81.581459,https://www.datacentermap.com/usa/florida/jacksonville/tierpoint-florida/
5673,EdgeConneX Jacksonville - EDCJAX01,EdgeConneX,Colocation,"6602 Executive Park Ct N, Unit #105.",Jacksonville,32216,Florida,30.252714,-81.602773,https://www.datacentermap.com/usa/florida/jacksonville/edcjax01/
7027,CSX Data Center,ColoCSX,Colocation,6425 Southpoint Pkwy,Jacksonville,32216,Florida,30.2613317,-81.601206,https://www.datacentermap.com/usa/florida/jacksonville/csx-data-center/
11010,ScaleMatrix Jacksonville,ScaleMatrix,Colocation,8324 Baymeadows Way,Jacksonville,32256,Florida,30.217209,-81.581937,https://www.datacentermap.com/usa/florida/jacksonville/scalematrix-jacksonville/
2888,SBA Edge Jacksonville,SBA Edge,Colocation,800 Water Street,Jacksonville,32204,Florida,30.327064,-81.669037,https://www.datacentermap.com/usa/florida/jacksonville/gorack-data-center/
11649,American Tower EDC Jacksonville,American Tower Corporation,Colocation,325 17th Ave N,Jacksonville Beach,32250,Florida,30.3050367,-81.3959395,https://www.datacentermap.com/usa/florida/jacksonville/american-tower-edc-jacksonville/
2655,Windstream Jacksonville,Windstream,Colocation,421 W. Church St.,Jacksonville,32202,Florida,30.331446,-81.662439,https://www.datacentermap.com/usa/florida/jacksonville/windstream-jacksonville/
10853,DC BLOX Palm Coast,DC BLOX Inc.,Colocation,1035 Town Center Blvd,Palm Coast,32164,Florida,29.49476425110279,-81.19706909937494,https://www.datacentermap.com/usa/florida/jacksonville/dc-blox-palm-coast/
6438,SBA Edge JaxNAP,SBA Edge,Colocation,421 West Church Street,Jacksonville,32202,Florida,30.3314026,-81.6624201,https://www.datacentermap.com/usa/florida/jacksonville/jax/
5354,Lumen Jacksonville,Lumen,Colocation,608 W. Adams Street,Jacksonville,32204,Florida,30.329046,-81.665245,https://www.datacentermap.com/usa/florida/jacksonville/level3-jacksonville/
5353,Lumen Jacksonville 1,Lumen,Colocation,4814 Phillips Highway,Jacksonville,32207,Florida,30.271978,-81.6238879,https://www.datacentermap.com/usa/florida/jacksonville/level3-jacksonbille1/
5355,Lumen Jacksonville 2,Lumen,Colocation,608 W. Adams Street,Jacksonville,32204,Florida,30.329046,-81.665245,https://www.datacentermap.com/usa/florida/jacksonville/level3-jacksonville2/
5856,Satcom Direct Data Center,Satcom Direct,Colocation,8635 Holiday Springs Road,Melbourne,32940,Florida,28.2591624,-80.6948578,https://www.datacentermap.com/usa/florida/melbourne-fl/terracom-direct/
13416,ColoBarn Melbourne Data Center,ColoBarn,Colocation,3225 Jordan Blvd,Malabar,32950,Florida,27.9835334,-80.55716129999999,https://www.datacentermap.com/usa/florida/melbourne-fl/colobarn-melbourne-data-center/
5377,Lumen Melbourne 1,Lumen,Colocation,1110 Line Street,Melbourne,32901,Florida,28.071726,-80.60245,https://www.datacentermap.com/usa/florida/melbourne-fl/level3-melbourne1/
3560,Inland Fiber Data Center,Inland Fiber & Data,Colocation,199 Avenue B NW,Winter Haven,33881,Florida,28.0244697,-81.7283992,https://www.datacentermap.com/usa/florida/winter-haven/inland/
3596,Cloud South,Cloud South,Colocation,424 Hampton Road,West Palm Beach,33405,Florida,26.6836379,-80.0554949,https://www.datacentermap.com/usa/florida/west-palm-beach/cloud-south/
5398,Lumen West Palm Beach 1,Lumen,Colocation,"410 Hampton Road,",West Palm Beach,33405,Florida,26.683632,-80.055181,https://www.datacentermap.com/usa/florida/west-palm-beach/level3-west-palm-beach1/
6285,Gainesville Data Center,Acceleration,Colocation,2511 NW 41st Street,Gainesville,32606,Florida,29.6761252,-82.3859088,https://www.datacentermap.com/usa/florida/gainesville/gainesville-data-center/
5675,EdgeConneX Tallahassee-EDCTAL01,EdgeConneX,Colocation,"1531 Commonwealth Business Dr, Units 404-408",Tallahassee,32303,Florida,30.471888,-84.353135,https://www.datacentermap.com/usa/florida/tallahassee/edgeconnex-edctal01/
8369,Pavlov Media Tallahassee,Pavlov Media,Colocation,215  W Carolina St,Tallahassee,32301,Florida,30.4466778,-84.2833378,https://www.datacentermap.com/usa/florida/tallahassee/pavlov-media-fl/
5476,Lumen Tallahassee,Lumen,Colocation,619 Mabry Street,Tallahassee,32304,Florida,30.436719,-84.328127,https://www.datacentermap.com/usa/florida/tallahassee/level3-tallahassee/
5477,Lumen Tallahassee 2,Lumen,Colocation,1416 S Adams Street,Tallahassee,32304,Florida,30.42971,-84.282196,https://www.datacentermap.com/usa/florida/tallahassee/level3-tallahassee2/
7184,Communication Square,Communication Square,Colocation,7108 S Kanner Hwy,Stuart,34997,Florida,27.118142,-80.25402,https://www.datacentermap.com/usa/florida/stuart/communication-square/
5857,SkyLink - Naples,SkyLink Data Centers,Colocation,801 Orchid Drive,Naples,34102,Florida,26.1677418,-81.7998104,https://www.datacentermap.com/usa/florida/fort-myers/skylink-naples/
9495,Lumen Fort Myers 2,Lumen,Colocation,1547 Seaboard St,Fort Myers,33916,Florida,26.6490553,-81.8539554,https://www.datacentermap.com/usa/florida/fort-myers/lumen-fort-myers-2/
5330,Lumen Fort Myers 1,Lumen,Colocation,1523 Seaboard St,Fort Myers,33916,Florida,26.6496014,-81.8538478,https://www.datacentermap.com/usa/florida/fort-myers/level3-fort-myers1/
5320,Lumen Daytona Beach 1,Lumen,Colocation,111 N. Segrave St,Daytona Beach,32114,Florida,29.2100642,-81.0240008,https://www.datacentermap.com/usa/florida/daytona-beach/level3-daytona-beach1/
5134,Tel-Networks Data Center,"Tel-NetworksUSA, LLC",Colocation,885 S Charles Richard Beall Blvd,Debary,32713,Florida,28.8455356,-81.320908,https://www.datacentermap.com/usa/florida/deltona/tel-networks/
8271,Digital Cloud Vault,Digitial Cloud Vault,Colocation,8889 Pelican Bay Blvd,Naples,34108,Florida,26.2458867,-81.801808,https://www.datacentermap.com/usa/florida/naples-fl/digital-cloud-vault/
11660,Data Shelter DS1,"Data Shelter, LLC",Colocation,2299 S Rock Rd,Fort Pierce,34945,Florida,27.4244645,-80.4092194,https://www.datacentermap.com/usa/florida/port-saint-lucie/data-shelter-ds1/
980,350 East Cermak Road (ORD10),Digital Realty,Colocation,350 East Cermak Road,Chicago,60616,Illinois,41.8536495,-87.6183422,https://www.datacentermap.com/usa/illinois/chicago/350-east-cermark-road/
959,600 S. Federal St. (ORD11),Digital Realty,Colocation,600 South Federal Street,Chicago,60605,Illinois,41.8743024,-87.6299278,https://www.datacentermap.com/usa/illinois/chicago/600-780-south-federal/
8858,Centersquare - Chicago ORD4-A,Centersquare,Colocation,4513 Western Ave,Lisle,60532,Illinois,41.802407,-88.0946556,https://www.datacentermap.com/usa/illinois/chicago/evoque-chi1/
7890,2200 Busse Road (CH1),Digital Realty,Colocation,2200 Busse Road,Elk Grove Village,60007,Illinois,41.9942501,-87.961949,https://www.datacentermap.com/usa/illinois/chicago/2200-busse-road/
12482,Centersquare - Chicago ORD1-C,Centersquare,Colocation,350 E Cermak Rd,Chicago,60616,Illinois,41.853678,-87.61835339999999,https://www.datacentermap.com/usa/illinois/chicago/centersquare-chicago-ord1-c/
12483,Centersquare - Chicago ORD1-D,Centersquare,Colocation,350 E Cermak Rd,Chicago,60616,Illinois,41.853678,-87.61835339999999,https://www.datacentermap.com/usa/illinois/chicago/centersquare-chicago-ord1-d/
9842,9355 Grand Ave (ORD13),Digital Realty,Colocation,9355 Grand Ave,Franklin Park,60131,Illinois,41.9276592,-87.8593414,https://www.datacentermap.com/usa/illinois/chicago/digital-realty-chicago-ord13/
8231,Stream DC Chicago I,Stream Data Centers,Colocation,2080 Lunt Avenue,Elk Grove Village,60007,Illinois,42.00704957550101,-87.95503366658885,https://www.datacentermap.com/usa/illinois/chicago/chicago-i/
7783,9333 Grand Avenue (ORD12),Digital Realty,Colocation,9333 Grand Avenue,Franklin Park,60131,Illinois,41.9266672,-87.8587419,https://www.datacentermap.com/usa/illinois/chicago/9377-grand-avenue/
7910,1400 East Devon Avenue (CH3),Digital Realty,Colocation,1400 East Devon Avenue,Elk Grove Village,60007,Illinois,41.9932812,-87.9651934,https://www.datacentermap.com/usa/illinois/chicago/1400-east-devon-avenue/
9843,9377 Grand Ave (ORD14),Digital Realty,Colocation,9377 Grand Ave,Franklin Park,60131,Illinois,41.9286176,-87.8587751,https://www.datacentermap.com/usa/illinois/chicago/digital-realty-chicago-ord14/
8297,Stream DC Chicago II,Stream Data Centers,Colocation,1925 Busse Road,Elk Grove Village,60007,Illinois,41.99365419435963,-87.9599428471867,https://www.datacentermap.com/usa/illinois/chicago/chicago-ii/
7916,505 N. Railroad Avenue (ORD23),Digital Realty,Colocation,505 North Railroad Avenue,Northlake,60164,Illinois,41.9202673,-87.9123343,https://www.datacentermap.com/usa/illinois/chicago/505-north-railroad-avenue/
11714,9401 West Grand Avenue (ORD15),Digital Realty,Colocation,9401 W Grand Ave,Franklin Park,60131,Illinois,41.92820050669781,-87.86129889720924,https://www.datacentermap.com/usa/illinois/chicago/9401-west-grand-avenue-ord15/
11715,2425-2553 Edgington Street (ORD22),Digital Realty,Colocation,2425-2553 Edgington St,Franklin Park,60131,Illinois,41.9243503,-87.86109019999999,https://www.datacentermap.com/usa/illinois/chicago/2425-2553-edgington-street-ord22/
7894,2299 Busse Road (CH2),Digital Realty,Colocation,2299 Busse Road,Elk Grove Village,60007,Illinois,41.9942568,-87.9583402,https://www.datacentermap.com/usa/illinois/chicago/2299-busse-road/
10070,Hivelocity - Chicago 1,Hivelocity,Colocation,350 East Cermak Road,Chicago,60616,Illinois,41.8531135,-87.6183281,https://www.datacentermap.com/usa/illinois/chicago/hivelocity-chicago-1/
3744,Summit Elk Grove Village,Summit (formerly Deft),Colocation,2200 Busse Rd,Elk Grove Village,60007,Illinois,41.9942245,-87.962234,https://www.datacentermap.com/usa/illinois/chicago/elk-grove-village/
4104,CyrusOne CHI5 - Lombard,CyrusOne Data Centers,Colocation,1850 Springers Drive,Lombard,60148,Illinois,41.8493407,-88.0287834,https://www.datacentermap.com/usa/illinois/chicago/cyrusone-chicago/
8534,NTT Chicago CH1,NTT Global Data Centers,Colocation,255 Pierce Road,Itasca,60143,Illinois,41.9876101,-88.01108470000001,https://www.datacentermap.com/usa/illinois/chicago/ntt-ch1/
9420,CyrusOne CHI2 - Aurora,CyrusOne Data Centers,Colocation,2805 Diehl Rd.,Aurora,60502,Illinois,41.796912,-88.245166,https://www.datacentermap.com/usa/illinois/chicago/cyrusone-chi2/
9597,Prime Chicago Data Center Campus,Prime Data Centers,Campus,1701 Midway Ct,Elk Grove Village,60007,Illinois,42.0248132,-87.9622719,https://www.datacentermap.com/usa/illinois/chicago/prime-chicago/
9765,T5 Data Centers - T5@Chicago,T5 Data Centers,Colocation,200 Innovation Dr,Elk Grove Village,60007,Illinois,42.0231895,-87.9752031,https://www.datacentermap.com/usa/illinois/chicago/t5-data-centers-t5chicago/
11801,Prime Chicago - Building 1,Prime Data Centers,Colocation,"1500 E Higgins Rd, Elk Grove Village, IL 60007, USA",Elk Grove Village,60007,Illinois,42.0246767,-87.9629717,https://www.datacentermap.com/usa/illinois/chicago/prime-chicago-b1/
11803,Prime Chicago - Building 3,Prime Data Centers,Colocation,1701 Midway Court,Elk Grove Village,60007,Illinois,42.0230727,-87.9615671,https://www.datacentermap.com/usa/illinois/chicago/prime-chicago-b3/
11802,Prime Chicago - Building 2,Prime Data Centers,Colocation,1600 Oakton St,Elk Grove Village,60007,Illinois,42.0238209,-87.9618963,https://www.datacentermap.com/usa/illinois/chicago/prime-chicago-b2/
3163,Colocation America CHIDC1,Colocation America,Colocation,350 E. Cermak Rd,Chicago,60616,Illinois,41.8541674,-87.618531,https://www.datacentermap.com/usa/illinois/chicago/colocation-america-350-e/
6252,TierPoint Chicago - Polk,TierPoint,Colocation,601 W. Polk St.,Chicago,60607,Illinois,41.8716165,-87.6428248,https://www.datacentermap.com/usa/illinois/chicago/tierpoint-chicago/
6221,Netrality - 717 S Wells,Netrality,Colocation,717 S. Wells,Chicago,60607,Illinois,41.872911,-87.63327,https://www.datacentermap.com/usa/illinois/chicago/717-s-wells-st/
1617,Summit Chicago,Summit (formerly Deft),Colocation,350 East Cermak Road,Chicago,60616,Illinois,41.853036,-87.61886,https://www.datacentermap.com/usa/illinois/chicago/server-central-chicago/
1796,Element Critical Chicago One,Element Critical,Colocation,711 N. Edgewood Ave.,Wood Dale,60191,Illinois,41.9757369,-87.9654062,https://www.datacentermap.com/usa/illinois/chicago/sungard-711-n-edgewood/
10809,Iron Mountain Data Centers CHI-1,Iron Mountain Data Centers,Colocation,1680 Touhy Avenue ,Des Plaines,60018,Illinois,42.0110613,-87.8813635,https://www.datacentermap.com/usa/illinois/chicago/iron-mountain-chi-1/
1801,Element Critical Chicago Two,Element Critical,Colocation,341 Haynes Dr,Wood Dale,60191,Illinois,41.9732601,-87.9666617,https://www.datacentermap.com/usa/illinois/chicago/sungard-341-haynes-dr/
1031,CoreSite Chicago (CH1),CoreSite,Colocation,427 South LaSalle,Chicago,60605,Illinois,41.875952,-87.631416,https://www.datacentermap.com/usa/illinois/chicago/427-lasalle/
4070,Colocation America CHIDC4,Colocation America,Colocation,1808 Swift Dr.,Oak Brook,60523,Illinois,41.8542602,-87.9208348,https://www.datacentermap.com/usa/illinois/chicago/colocation-america-1808-swift-dr/
9039,Equinix CH7,Equinix,Colocation,111 Plaza Drive,Westmont,60559,Illinois,41.812525,-87.97275,https://www.datacentermap.com/usa/illinois/chicago/equinix-ch7/
4829,Equinix CH4,Equinix,Colocation,350 E Cermak Rd,Chicago,60616,Illinois,41.8531135,-87.6183281,https://www.datacentermap.com/usa/illinois/chicago/equinix-ch4/
6432,TierPoint Chicago - West,TierPoint,Colocation,9333 West Grand Ave.,Franklin Park,60131,Illinois,41.9270174,-87.8580281,https://www.datacentermap.com/usa/illinois/chicago/tierpoint-chicago-west/
9545,EdgeConneX Chicago - EDCCHI02,EdgeConneX,Colocation,2021 Lunt Ave,Elk Grove Village,60007,Illinois,42.0013642,-87.9526256,https://www.datacentermap.com/usa/illinois/chicago/edgeconnex-chi02/
3650,Centersquare - Chicago ORD1-A,Centersquare,Colocation,350 East Cermak,Chicago,60616,Illinois,41.8535785730705,-87.61843979358673,https://www.datacentermap.com/usa/illinois/chicago/cyxtera-ord1a/
1150,US Signal Chicago IL01,"US Signal Company, LLC",Colocation,810 Jorie Blvd,Oak Brook,60523,Illinois,41.8462974,-87.9396351,https://www.datacentermap.com/usa/illinois/chicago/us-signal-oak-brook/
9768,Serverfarm CH1,Serverfarm,Colocation,840 S. Canal Street,Chicago,60607,Illinois,41.8709147,-87.64016960000001,https://www.datacentermap.com/usa/illinois/chicago/serverfarm-ch1/
9595,Skybox Chicago I,Skybox Datacenters,Colocation,800 E Devon Ave,Elk Grove Village,60007,Illinois,41.9936604,-87.9735743,https://www.datacentermap.com/usa/illinois/chicago/skybox-chicago-i/
9421,CyrusOne CHI1 - Aurora,CyrusOne Data Centers,Colocation,2905 Diehl Rd.,Lombard,60148,Illinois,41.8492972,-88.0297672,https://www.datacentermap.com/usa/illinois/chicago/cyrusone-chi1/
698,DataBank ORD4 - Chicago Tri-State,DataBank,Colocation,1808 Swift Dr,Oak Brook,60523,Illinois,41.8534094,-87.9210087,https://www.datacentermap.com/usa/illinois/chicago/latisys-chicago/
4806,DataBank ORD3 - Mount Prospect,DataBank,Colocation,800 E Business Center Dr,Mt. Prospect,60056,Illinois,42.0780744,-87.9235706,https://www.datacentermap.com/usa/illinois/chicago/zcolo-800e-business/
7886,SBA Edge Chicago,SBA Edge,Colocation,603 Discovery Drive,West Chicago,60185,Illinois,41.8759476,-88.248975,https://www.datacentermap.com/usa/illinois/chicago/new-continuum/
2396,Cogent Data Center - Chicago 2,"Cogent Communications, Inc.",Colocation,216 W. Jackson Blvd,Chicago,60606,Illinois,41.878135,-87.634532,https://www.datacentermap.com/usa/illinois/chicago/cogent-chicago2/
6503,ColoCrossing CH1,ColoCrossing,Colocation,2200 Busse Road,Elk Grove Village,60007,Illinois,41.9942995,-87.9623356,https://www.datacentermap.com/usa/illinois/chicago/colocrossing-ch1/
11658,Metro Edge IMD1,Metro Edge,Colocation,1951 W Hastings St,Chicago,60608,Illinois,41.86379489999999,-87.6748535,https://www.datacentermap.com/usa/illinois/chicago/metro-edge-imd1/
9172,DataBank ORD2 - Chicago,DataBank,Colocation,840 S Canal St,Chicago,60607,Illinois,41.8709351,-87.6401493,https://www.datacentermap.com/usa/illinois/chicago/databank-ord2/
3529,DataBank ORD1 - Downtown Chicago,DataBank,Colocation,600 S Federal St,Chicago,60605,Illinois,41.8742002,-87.629937,https://www.datacentermap.com/usa/illinois/chicago/zcolo-600-s-federal/
3764,Cogent Data Center - Chicago 1,"Cogent Communications, Inc.",Colocation,427 LaSalle St,Chicago,60606,Illinois,41.8899651,-87.6324538,https://www.datacentermap.com/usa/illinois/chicago/cogent-chicago-1/
8829,725 S. Wells,1547 Critical Systems Realty,Colocation,725 S Wells,Chicago,60607,Illinois,41.87258569999999,-87.6332523,https://www.datacentermap.com/usa/illinois/chicago/725-wells/
7686,CDW Elk Grove Data Center,CDW Corporation,Colocation,1441 Touhy Ave,Elk Grove Village,60007,Illinois,42.00270313594124,-87.95899332617978,https://www.datacentermap.com/usa/illinois/chicago/sirius-data-center/
9222,Aligned ORD-01,Aligned Data Centers,Colocation,505 Northwest Avenue,Northlake,60164,Illinois,41.91339186039755,-87.91755088123612,https://www.datacentermap.com/usa/illinois/chicago/aligned-ord-01/
8840,Digital Fortress Chicago,Digital Fortress,Colocation,360 E 22nd St.,Lombard,60148,Illinois,41.84582138061523,-88.00611877441406,https://www.datacentermap.com/usa/illinois/chicago/digital-fortress-chicago/
9271,CloudHQ ORD Campus,CloudHQ,Campus,1200 E Algonquin Rd,Des Plaines,60016,Illinois,42.0350399,-87.9532615,https://www.datacentermap.com/usa/illinois/chicago/cloudhq-ord-campus/
1044,Equinix CH1,Equinix,Colocation,350 E Cermak Rd,Chicago,60616,Illinois,41.8531135,-87.6183281,https://www.datacentermap.com/usa/illinois/chicago/equinix-chicago/
1060,Equinix CH2,Equinix,Colocation,350 E Cermak Rd,Chicago,60616,Illinois,41.8531135,-87.6183281,https://www.datacentermap.com/usa/illinois/chicago/equinix-chicago-2/
7096,QTS Chicago 1 DC1,QTS Data Centers,Colocation,2800 S. Ashland Ave,Chicago,60608,Illinois,41.8418945,-87.6679234,https://www.datacentermap.com/usa/illinois/chicago/qts-chicago/
6387,FirstComm Data Center,First Communications,Colocation,601 W Polk St,Chicago,60607,Illinois,41.87159,-87.643055,https://www.datacentermap.com/usa/illinois/chicago/first-com-dc/
9605,STACK Infrastructure CHI01B,STACK INFRASTRUCTURE,Colocation,1301 Touhy Ave,Elk Grove Village,60007,Illinois,42.0070232,-87.9664585,https://www.datacentermap.com/usa/illinois/chicago/stack-infrastructure-chi01b/
4886,365 Data Centers - Chicago 1,365 Data Centers,Colocation,427 S La Salle St,Chicago,60605,Illinois,41.8273191,-87.6297396,https://www.datacentermap.com/usa/illinois/chicago/365main-chicago/
1787,Centersquare - Chicago ORD2-A,Centersquare,Colocation,2425 Busse Road,Elk Grove Village,60007,Illinois,41.99205367086571,-87.95830249786377,https://www.datacentermap.com/usa/illinois/chicago/cyxtera-ord1/
7947,CoreSite Chicago (CH2),CoreSite,Colocation,1432 S Clinton St.,Chicago,60607,Illinois,41.862554,-87.6409666,https://www.datacentermap.com/usa/illinois/chicago/coresite-chicago-ch2/
1067,Equinix CH3,Equinix,Colocation,1905 Lunt Avenue,Elk Grove Village,60007,Illinois,42.0010976,-87.9548634,https://www.datacentermap.com/usa/illinois/chicago/equinix-ch3/
3651,Centersquare - Chicago ORD1-B,Centersquare,Colocation,350 East Cermak,Chicago,60609,Illinois,41.85355060316745,-87.61832177639008,https://www.datacentermap.com/usa/illinois/chicago/cyxtera-ord1b/
10357,Cogent Data Center - Chicago 3,"Cogent Communications, Inc.",Colocation,4200 W 40th St,Chicago,60632,Illinois,41.8199452,-87.7288994,https://www.datacentermap.com/usa/illinois/chicago/cogent-data-center-chicago-3/
9604,STACK Infrastructure CHI01A,STACK INFRASTRUCTURE,Colocation,1441 Touhy Ave,Elk Grove Village,60007,Illinois,42.00678026127915,-87.96528458998615,https://www.datacentermap.com/usa/illinois/chicago/stack-infrastructure-chi01a/
4882,Chicago Board of Trade Building,"Apollo Global Management, Inc.",Building,141 West Jackson,Chicago,60604,Illinois,41.8774207,-87.631836,https://www.datacentermap.com/usa/illinois/chicago/Chicago Board of Trade Building/
10135,Microsoft Northlake,Microsoft,Hyperscaler,601-605 Northwest Ave,Northlake,60164,Illinois,41.9229989,-87.9182329,https://www.datacentermap.com/usa/illinois/chicago/microsoft-northlake/
9458,Apotech,Apotech,Colocation,1331 E Business Center Dr,Mt Prospect,60056,Illinois,42.0784091,-87.9156464,https://www.datacentermap.com/usa/illinois/chicago/apotech/
1753,NetSource Naperville 1,"NetSource Communications, Inc.",Colocation,2368 Corporate Lane,Naperville,60563,Illinois,41.8115157,-88.1957266,https://www.datacentermap.com/usa/illinois/chicago/netsource/
10776,Ascent CH2,Ascent,Colocation,505 N Railroad Ave,Northlake,60164,Illinois,41.9202673,-87.9123343,https://www.datacentermap.com/usa/illinois/chicago/ascent-ch2/
14015,NTT Chicago CH2,NTT Global Data Centers,Colocation,275 Pierce Rd,Itasca,60143,Illinois,41.98895224309584,-88.00718656785558,https://www.datacentermap.com/usa/illinois/chicago/ntt-chicago-ch2/
14016,NTT Chicago CH3,NTT Global Data Centers,Colocation,255 Pierce Rd,Itasca,60143,Illinois,41.98670525835837,-88.00789289414456,https://www.datacentermap.com/usa/illinois/chicago/ntt-chicago-ch3/
14551,CyrusOne CHI6 - Wood Dale,CyrusOne Data Centers,Colocation,Bryn Mawr Ave & Pine Ave,Wood Dale,60106,Illinois,41.97819203494112,-87.96145930242726,https://www.datacentermap.com/usa/illinois/chicago/cyrusone-chi6-wood-dale/
14707,CoreWeave Hammond,CoreWeave,Colocation,301 Digital Xrds Dr,Hammond,46320,Illinois,41.705063,-87.51888699999999,https://www.datacentermap.com/usa/illinois/chicago/coreweave-hammond/
10049,Rackspace Chicago,Rackspace Hosting,Colocation,2200 Busse Road,Elk Grove Village,60007,Illinois,41.9942563,-87.96196549999999,https://www.datacentermap.com/usa/illinois/chicago/rackspace-chicago/
9223,Aligned ORD-02,Aligned Data Centers,Colocation,505 Northwest Avenue,Northlake,60164,Illinois,41.91339186039755,-87.91755088123612,https://www.datacentermap.com/usa/illinois/chicago/aligned-ord-02/
10844,Chirisa Chirisa Volo Technology Park YLO-02,Chirisa,Colocation,300 South Fish Lake Rd,Volo,60073,Illinois,42.32361397507157,-88.14758870324408,https://www.datacentermap.com/usa/illinois/chicago/chirisa-volo-ylo-02/
10843,Chirisa Chirisa Volo Technology Park YLO-01,Chirisa,Colocation,300 South Fish Lake Rd,Volo,60073,Illinois,42.32433842249824,-88.14779255112882,https://www.datacentermap.com/usa/illinois/chicago/chirisa-volo-ylo-01/
4102,1808 Swift Drive,CenterPoint Properties,Building,1808 Swift Drive,Oak Brook,60523,Illinois,41.8538476,-87.9210065,https://www.datacentermap.com/usa/illinois/chicago/1808-swift-dr/
2116,360TCS Data Center,360 Technology Center Solutions,Colocation,360 E. 22nd St.,Lombard,60148,Illinois,41.848231,-88.007836,https://www.datacentermap.com/usa/illinois/chicago/360tcs/
510,XNet Critical Computing Facility,"XNet Information Systems, Inc.",Colocation,3080 Ogden Ave,Lisle,60532,Illinois,41.796754,-88.112567,https://www.datacentermap.com/usa/illinois/chicago/xnet-critical-computing-facility/
9587,Midway Technology Center,1547 Critical Systems Realty,Colocation,40 E Garfield Blvd,Chicago,60615,Illinois,41.79494739616518,-87.62215043558211,https://www.datacentermap.com/usa/illinois/chicago/midway-technology-center/
9274,CloudHQ ORD3,CloudHQ,Colocation,1200 E Algonquin Rd,Des Plaines,60016,Illinois,42.036316,-87.9522265,https://www.datacentermap.com/usa/illinois/chicago/cloudhq-ord3/
13152,Microsoft Hoffman Estates - Building 1,Microsoft,Hyperscaler,Lakewood Blvd,Hoffman Estates,60192,Illinois,42.07859441902408,-88.13399600581712,https://www.datacentermap.com/usa/illinois/chicago/microsoft-hoffman-estates-building-1/
13151,Microsoft Hoffman Estates Campus,Microsoft,Campus,Lakewood Blvd,Hoffman Estates,60192,Illinois,42.076963,-88.133888,https://www.datacentermap.com/usa/illinois/chicago/microsoft-hoffman-estates-campus/
9272,CloudHQ ORD1,CloudHQ,Colocation,1200 E Algonquin Rd,Des Plaines,60016,Illinois,42.0351414,-87.9553011,https://www.datacentermap.com/usa/illinois/chicago/cloudhq-ord1/
11655,T5 Data Centers - T5@Chicago lll,T5 Data Centers,Colocation,11650 W Grand Ave,Northlake,60164,Illinois,41.93409453449053,-87.91579690468329,https://www.datacentermap.com/usa/illinois/chicago/t5chicago-lll/
13977,STACK Infrastructure CHI02,STACK INFRASTRUCTURE,Colocation,1840-1812 Howard St,Elk Grove Village,60007,Illinois,42.01630574596246,-87.95743345097993,https://www.datacentermap.com/usa/illinois/chicago/stack-infrastructure-chi02/
13147,Microsoft Elk Grove Campus,Microsoft,Campus,"Elk Grove Technology Park, Innovation Dr & Oakton St",Elk Grove Village,60007,Illinois,42.02389476247589,-87.97152641675528,https://www.datacentermap.com/usa/illinois/chicago/microsoft-elk-grove-campus/
13153,Microsoft Hoffman Estates - Building 2,Microsoft,Hyperscaler,Lakewood Blvd,Hoffman Estates,60192,Illinois,42.07597842705771,-88.13368486377856,https://www.datacentermap.com/usa/illinois/chicago/microsoft-hoffman-estates-building-2/
14075,Aligned ORD-03,Aligned Data Centers,Colocation,50 NW Point Blvd,Elk Grove Village,60007,Illinois,42.0339696,-87.9831081,https://www.datacentermap.com/usa/illinois/chicago/aligned-ord-03/
10842,Chirisa Volo Technology Park,Chirisa,Campus,300 South Fish Lake Rd,Volo,60073,Illinois,42.323887,-88.14774229999999,https://www.datacentermap.com/usa/illinois/chicago/chirisa-volo-technology-park/
8956,ColoHouse Chicago Cermak,ColoHouse,Colocation,350 E Cermak,Chicago,60616,Illinois,41.8531135,-87.6183281,https://www.datacentermap.com/usa/illinois/chicago/colohouse-chicago/
13991,T5 Data Centers - T5@Chicago V,T5 Data Centers,Colocation,TBA - To Be Announced,Elk Grove Village,TBA,Illinois,42.0039178,-87.9703461,https://www.datacentermap.com/usa/illinois/chicago/t5-data-centers-t5chicago-v/
14076,Aligned ORD-04,Aligned Data Centers,Colocation,150 NW Point Blvd,Elk Grove Village,60007,Illinois,42.0348684,-87.9835118,https://www.datacentermap.com/usa/illinois/chicago/aligned-ord-04/
9273,CloudHQ ORD2,CloudHQ,Colocation,1200 E Algonquin Rd,Des Plaines,60016,Illinois,42.034299,-87.9520066,https://www.datacentermap.com/usa/illinois/chicago/cloudhq-ord2/
11110,T5 Data Centers - T5@Grayslake Campus,T5 Data Centers,Campus,30907 N Alleghany Rd,Grayslake,60030,Illinois,42.3118706,-88.05183319999999,https://www.datacentermap.com/usa/illinois/chicago/t5grayslake-campus/
9544,EdgeConneX Chicago - EDCCHI01,EdgeConneX,Colocation,1800 Nicholas Blvd,Elk Grove Village,60007,Illinois,42.0007126,-87.950788,https://www.datacentermap.com/usa/illinois/chicago/edgeconnex-chi01/
13892,Colovore ORD01,Colovore,Colocation,TBA - To Be Announced,Aurora,TBA,Illinois,41.7605849,-88.32007150000001,https://www.datacentermap.com/usa/illinois/chicago/colovore-ord01/
3280,Chicago Exchange,Menlo Equities,Building,601 W. Polk St,Chicago,60605,Illinois,41.87159,-87.643055,https://www.datacentermap.com/usa/illinois/chicago/chicago-exchange/
603,FDCservers.net,FDCservers.net LLC,Colocation,141 West Jackson Blvd.,Chicago,60604,Illinois,41.878139,-87.632136,https://www.datacentermap.com/usa/illinois/chicago/fdcservers/
8957,ColoHouse Chicago Wells,ColoHouse,Colocation,725 S Wells Street,Chicago,60607,Illinois,41.87258569999999,-87.6332523,https://www.datacentermap.com/usa/illinois/chicago/colohouse-chicago-wells/
9810,LexisNexis Oak Brook,LexisNexis,Colocation,1808 Swift Dr,Oak Brook,60523,Illinois,41.8540605,-87.9209272,https://www.datacentermap.com/usa/illinois/chicago/lexisnexis-oak-brook/
14001,8080 S DuSable Lake Shore Drive,Related Digital,Campus,8080 S DuSable Lake Shore Dr,Chicago,60617,Illinois,41.7391812804123,-87.53453834812404,https://www.datacentermap.com/usa/illinois/chicago/8080-s-dusable-lake-shore-drive/
11124,Edged Chicago ORD3,Edged Energy,Colocation,2725 Bilter Rd,Aurora,60502,Illinois,41.80334254553506,-88.24183389575663,https://www.datacentermap.com/usa/illinois/chicago/edged-ord3/
11123,Edged Chicago ORD2,Edged Energy,Colocation,2835 Bilter Rd,Aurora,60502,Illinois,41.80497280463166,-88.24395821053338,https://www.datacentermap.com/usa/illinois/chicago/edged-ord2/
1080,365 Data Centers - Chicago 2,365 Data Centers,Colocation,350 East Cermak Road,Chicago,60623,Illinois,41.853036,-87.61886,https://www.datacentermap.com/usa/illinois/chicago/atlantic-metro-communications-ord0/
11122,Edged Chicago ORD1,Edged Energy,Colocation,2815 Bilter Rd,Aurora,60502,Illinois,41.80704338793177,-88.24032598509044,https://www.datacentermap.com/usa/illinois/chicago/edged-ord1/
14104,2500-2540 South Wabash Ave,Unknown Company,Colocation,2500-2540 S Wabash Ave,Chicago,60616,Illinois,41.8466261711859,-87.62577126694445,https://www.datacentermap.com/usa/illinois/chicago/2500-2540-south-wabash-ave/
1295,216 West Jackson Boulevard,"Baum Realty Group, LLC",Building,216 W Jackson Blvd,Chicago,60606,Illinois,41.8784686,-87.6345676,https://www.datacentermap.com/usa/illinois/chicago/216-west-jackson-boulevard/
13864,Connect Chicago,Connect Data Centers by Oppidan,Colocation,245 Kehoe Blvd,Carol Stream,60188,Illinois,41.9107504,-88.11528179999999,https://www.datacentermap.com/usa/illinois/chicago/connect-chicago/
11121,Edged Chicago Campus,Edged Energy,Campus,2725-2815 Bilter Rd,Aurora,60502,Illinois,41.8079909,-88.24199709999999,https://www.datacentermap.com/usa/illinois/chicago/edged-chicago-campus/
9221,Chicago Campus,Aligned Data Centers,Campus,505 Northwest Avenue,Northlake,60164,Illinois,41.91339186039755,-87.91755088123612,https://www.datacentermap.com/usa/illinois/chicago/chicago-campus/
13149,Microsoft Elk Grove - Building 2,Microsoft,Hyperscaler,"Elk Grove Technology Park, Innovation Dr & Oakton St",Elk Grove Village,60007,Illinois,42.02414439965229,-87.97167702781779,https://www.datacentermap.com/usa/illinois/chicago/microsoft-elk-grove-building-2/
14017,NTT Chicago Campus,NTT Global Data Centers,Campus,255-275 Pierce Rd,Itasca,60143,Illinois,41.98796226720933,-88.00576214358502,https://www.datacentermap.com/usa/illinois/chicago/ntt-chicago-campus/
10890,Microsoft Plano (IL),Microsoft,Hyperscaler,Eldamain Rd & Corneils Rd,Plano,60545,Illinois,41.6900357,-88.48881039999999,https://www.datacentermap.com/usa/illinois/chicago/microsoft-plano-il/
9993,Meta DeKalb Campus,Meta,Campus,1550-2050 Metaverse Wy,DeKalb,60115,Illinois,41.8891321,-88.7269704,https://www.datacentermap.com/usa/illinois/chicago/meta-dekalb-data-center/
13155,Microsoft Hoffman Estates - Building 4,Microsoft,Hyperscaler,Lakewood Blvd,Hoffman Estates,60192,Illinois,42.0759784270513,-88.13803004238875,https://www.datacentermap.com/usa/illinois/chicago/microsoft-hoffman-estates-building-4/
10895,Amazon AWS - New Carlisle,Amazon AWS,Hyperscaler,Huckleberry Rd & Gordon Rd,New Carlisle,46552,Illinois,41.665512,-86.47261,https://www.datacentermap.com/usa/illinois/chicago/amazon-aws-new-carlisle/
1453,Lumen Chicago 3,Lumen,Colocation,200 N LaSalle St,Chicago,60601,Illinois,41.889183,-87.632519,https://www.datacentermap.com/usa/illinois/chicago/200-n-lasalle/
6368,WOWaccess Data Center,WOWaccess,Colocation,184 Shuman Blvd,Naperville,60563,Illinois,41.8028283,-88.1479565,https://www.datacentermap.com/usa/illinois/chicago/chicago-hosting1/
13150,Microsoft Elk Grove - Building 3,Microsoft,Hyperscaler,"Elk Grove Technology Park, Innovation Dr & Oakton St",Elk Grove Village,60007,Illinois,42.0250917475572,-87.9719047556306,https://www.datacentermap.com/usa/illinois/chicago/microsoft-elk-grove-building-3/
11393,Compass Hoffman Estates,Compass Datacenters,Colocation,3333 Beverly Rd,Hoffman Estates,60179,Illinois,42.075586,-88.2030149,https://www.datacentermap.com/usa/illinois/chicago/compass-hoffman-estates/
13148,Microsoft Elk Grove - Building 1,Microsoft,Hyperscaler,"Elk Grove Technology Park, Innovation Dr & Oakton St",Elk Grove Village,60007,Illinois,42.02311794982313,-87.97210568212355,https://www.datacentermap.com/usa/illinois/chicago/microsoft-elk-grove-building-1/
13154,Microsoft Hoffman Estates - Building 3,Microsoft,Hyperscaler,Lakewood Blvd,Hoffman Estates,60192,Illinois,42.07713313158135,-88.13805150005986,https://www.datacentermap.com/usa/illinois/chicago/microsoft-hoffman-estates-building-3/
10643,Amazon AWS ORD - 63050 Prairie,Amazon AWS,Hyperscaler,63050 Prairie Dr,Portage,46368,Illinois,41.60963289562155,-87.16976204861092,https://www.datacentermap.com/usa/illinois/chicago/amazon-aws-ord-63050-prairie/
3870,Axon Datacenter,Axon Datacenters,Colocation,7093 Barry St,Rosemont,60018,Illinois,42.0076195,-87.8914789,https://www.datacentermap.com/usa/illinois/chicago/axon-datacenter/
1525,DLS Internet LITH,DLS Internet Services,Colocation,950 E. Oak Street,Lake in the Hills,60156,Illinois,42.1894409,-88.3085064,https://www.datacentermap.com/usa/illinois/chicago/dls-internet-lith/
9512,Lumen South Holland 1,Lumen,Colocation,200 E 166th St,South Holland,60473,Illinois,41.5942664,-87.6112711,https://www.datacentermap.com/usa/illinois/chicago/lumen-south-holland-1/
14018,NTT Chicago CH4,NTT Global Data Centers,Colocation,1200 N Arlington Heights Rd,Itasca,60143,Illinois,41.988758,-88.0042284,https://www.datacentermap.com/usa/illinois/chicago/ntt-chicago-ch4/
2252,CBTS Lombard Data Center I,CBTS,Colocation,1850 W Springer,Lombard,60148,Illinois,41.8493989,-88.0296071,https://www.datacentermap.com/usa/illinois/chicago/cbts---lombard/
487,GigeNET Chicago,Gigenet,Colocation,545 E. Algonquin Rd.,Arlington Heights,60005,Illinois,42.041217,-87.975353,https://www.datacentermap.com/usa/illinois/chicago/gigenet/
7414,Hostrunway Lombard,Hostrunway,Colocation,1850 Springer Dr,Lombard,60148,Illinois,41.8493211,-88.029617,https://www.datacentermap.com/usa/illinois/chicago/hostrunway-lombard/
9828,Volico Chicago,Volico Data Center,Colocation,350 E Cermak Rd,Chicago,60616,Illinois,41.8531135,-87.6183281,https://www.datacentermap.com/usa/illinois/chicago/volico-chicago/
678,NetSource Naperville 2,"NetSource Communications, Inc.",Colocation,1717 Park St.,Naperville,60563,Illinois,41.7994,-88.148857,https://www.datacentermap.com/usa/illinois/chicago/pugmarks/
1322,NaviSite Oak Brook,"NaviSite, Inc.",Colocation,800 Jorie Blvd,Oak Brook,60523,Illinois,41.8455308,-87.9414087,https://www.datacentermap.com/usa/illinois/chicago/navisite-oak-brook/
4893,427 LaSalle,CoreSite,Building,427 South LaSalle Street,Chicago,60605,Illinois,41.8759351,-87.6315144,https://www.datacentermap.com/usa/illinois/chicago/427-south-lasalle-st/
903,Sinch Data Center,Sinch,Colocation,717 S Wells St,Chicago,60607,Illinois,41.873122,-87.633597,https://www.datacentermap.com/usa/illinois/chicago/neutral-tandem/
1469,Lumen Chicago,Lumen,Colocation,111 N Canal St,Chicago,60606,Illinois,41.883494,-87.639767,https://www.datacentermap.com/usa/illinois/chicago/level3-chicago1/
1819,Lumen 350 E Cermak,Lumen,Colocation,350 E Cermark Road,Chicago,60616,Illinois,41.853686,-87.618249,https://www.datacentermap.com/usa/illinois/chicago/qwest-350-e-cermak/
4299,Synoptek - Chicago Data Center,Synoptek,Colocation,350 East Cermak Road,Chicago,60616,Illinois,41.853036,-87.61886,https://www.datacentermap.com/usa/illinois/chicago/earthlink-chicago/
4101,360 East 22nd Street,360E 22nd LLC,Building,360 East 22nd Street,Lombard,60148,Illinois,41.8481853,-88.0077385,https://www.datacentermap.com/usa/illinois/chicago/360-e-22nd/
1323,NaviSite Chicago,"NaviSite, Inc.",Colocation,725 S Wells,Chicago,60610,Illinois,41.8727371,-87.633274,https://www.datacentermap.com/usa/illinois/chicago/navisite-chicago/
14019,NTT Chicago CH5,NTT Global Data Centers,Colocation,1250 N Arlington Heights Rd,Itasca,60143,Illinois,41.9895789,-88.0043142,https://www.datacentermap.com/usa/illinois/chicago/ntt-chicago-ch5/
13514,Meta DeKalb - Building 3,Meta,Hyperscaler,1750 Metaverse Wy,DeKalb,60115,Illinois,41.89026874265119,-88.72773334957424,https://www.datacentermap.com/usa/illinois/chicago/meta-dekalb-building-3/
13513,Meta DeKalb - Building 2,Meta,Hyperscaler,2050 Metaverse Wy,DeKalb,60115,Illinois,41.88845971134259,-88.72099395264142,https://www.datacentermap.com/usa/illinois/chicago/meta-dekalb-building-2/
5294,Lumen Broadview 1,Lumen,Colocation,2101 Roberts Drive,Broadview,60155,Illinois,41.854495,-87.858412,https://www.datacentermap.com/usa/illinois/chicago/level3-broadview1/
5281,Lumen Arlington Heights 1,Lumen,Colocation,"1305 E. Algonquin Avenue,",Arlington Heights,60005,Illinois,42.031161,-87.953588,https://www.datacentermap.com/usa/illinois/chicago/level3-arlington-heights1/
13515,Meta DeKalb - Building 4,Meta,Hyperscaler,1750 Metaverse Wy,DeKalb,60115,Illinois,41.89022743583735,-88.72611329532937,https://www.datacentermap.com/usa/illinois/chicago/meta-dekalb-building-4/
13516,Meta DeKalb - Building 5,Meta,Hyperscaler,1550 Metaverse Wy,DeKalb,60115,Illinois,41.88909799734327,-88.73160592831091,https://www.datacentermap.com/usa/illinois/chicago/meta-dekalb-building-5/
5303,Lumen Chicago 5,Lumen,Colocation,600 S. Federal,Chicago,60605,Illinois,41.8742558,-87.6300319,https://www.datacentermap.com/usa/illinois/chicago/level3-chicago5/
13517,Meta DeKalb - Building 6,Meta,Hyperscaler,1550 Metaverse Wy,DeKalb,60115,Illinois,41.88908065066443,-88.73003951824663,https://www.datacentermap.com/usa/illinois/chicago/meta-dekalb-building-6/
13512,Meta DeKalb - Building 1,Meta,Hyperscaler,2050 Metaverse Wy,DeKalb,60115,Illinois,41.88846907115314,-88.72262473572235,https://www.datacentermap.com/usa/illinois/chicago/meta-dekalb-building-1/
1459,Lumen Chicago 4,Lumen,Colocation,600 West Chicago Ave.,Chicago,60610,Illinois,41.896459,-87.643607,https://www.datacentermap.com/usa/illinois/chicago/level3-chicago4/
1526,DLS Internet 216 Jackson,DLS Internet Services,Colocation,216 West Jackson Blvd,Chicago,60606,Illinois,41.8784511,-87.634475,https://www.datacentermap.com/usa/illinois/chicago/dls-internet/
2327,CBTS Lombard Data Center II,CBTS,Colocation,564 Winter Lane,Lombard,60148,Illinois,41.8800296,-88.0078435,https://www.datacentermap.com/usa/illinois/chicago/cbts-lombard-data-center/
1727,Hostway Boeing Data Center,"Hostway Services, Inc",Colocation,100 North Riverside Plaza,Chicago,60606,Illinois,41.8842758,-87.6385767,https://www.datacentermap.com/usa/illinois/chicago/hostway-boeing-data-center/
5301,Lumen Chicago 2,Lumen,Colocation,900 N. Kingsbury Street,Chicago,60610,Illinois,41.8989513,-87.6446419,https://www.datacentermap.com/usa/illinois/chicago/level3-chicago2/
5246,Aurora/Chicago,Databridge Sites,Colocation,4267 Meridian Parkway,Aurora,60504,Illinois,41.7722129,-88.2135576,https://www.datacentermap.com/usa/illinois/aurora/bytegrid-aurora-chi1/
13950,Prologis Project Steel - Building 18,Prologis,Colocation,W Beecher Rd,Yorkville,60554,Illinois,41.701068,-88.481195,https://www.datacentermap.com/usa/illinois/aurora/prologis-project-steel-building-18/
13936,Prologis Project Steel - Building 4,Prologis,Colocation,Beecher Rd,Yorkville,60554,Illinois,41.696306,-88.470393,https://www.datacentermap.com/usa/illinois/aurora/prologis-project-steel-building-4/
13949,Prologis Project Steel - Building 17,Prologis,Colocation,W Beecher Rd,Yorkville,60554,Illinois,41.702441,-88.481225,https://www.datacentermap.com/usa/illinois/aurora/prologis-project-steel-building-17/
13922,Prologis Project Cardinal - Building 5,Prologis,Colocation,Route 47 & Galena Rd,Yorkville,60554,Illinois,41.71868,-88.464152,https://www.datacentermap.com/usa/illinois/aurora/prologis-project-cardinal-building-5/
13942,Prologis Project Steel - Building 10,Prologis,Colocation,Eldamain Rd,Yorkville,60554,Illinois,41.70946,-88.482102,https://www.datacentermap.com/usa/illinois/aurora/prologis-project-steel-building-10/
14025,CyrusOne Bliter Road - Building 1,CyrusOne Data Centers,Colocation,2725 Bilter Rd,Aurora,60502,Illinois,41.80197918585469,-88.24844869188574,https://www.datacentermap.com/usa/illinois/aurora/cyrusone-bliter-road-building-1/
13929,Prologis Project Cardinal - Building 12,Prologis,Colocation,Route 47 & Galena Rd,Yorkville,60554,Illinois,41.713545,-88.449872,https://www.datacentermap.com/usa/illinois/aurora/prologis-project-cardinal-building-12/
13951,Prologis Project Steel - Building 19,Prologis,Colocation,W Beecher Rd,Yorkville,60554,Illinois,41.699861,-88.481001,https://www.datacentermap.com/usa/illinois/aurora/prologis-project-steel-building-19/
13952,Prologis Project Steel - Building 20,Prologis,Colocation,W Beecher Rd,Yorkville,60554,Illinois,41.698568,-88.48117,https://www.datacentermap.com/usa/illinois/aurora/prologis-project-steel-building-20/
13931,Prologis Project Cardinal - Building 14,Prologis,Colocation,Route 47 & Galena Rd,Yorkville,60554,Illinois,41.710296,-88.451012,https://www.datacentermap.com/usa/illinois/aurora/prologis-project-cardinal-building-14/
13953,Prologis Project Steel - Building 21,Prologis,Colocation,W Beecher Rd,Yorkville,60554,Illinois,41.697268,-88.481164,https://www.datacentermap.com/usa/illinois/aurora/prologis-project-steel-building-21/
13940,Prologis Project Steel - Building 8,Prologis,Colocation,Galena Rd & Eldamain Rd,Yorkville,60554,Illinois,41.710854,-88.481848,https://www.datacentermap.com/usa/illinois/aurora/prologis-project-steel-building-8/
13954,Prologis Project Steel - Building 22,Prologis,Colocation,W Beecher Rd,Yorkville,60554,Illinois,41.695981,-88.481158,https://www.datacentermap.com/usa/illinois/aurora/prologis-project-steel-building-22/
13928,Prologis Project Cardinal - Building 11,Prologis,Colocation,Route 47 & Galena Rd,Yorkville,60554,Illinois,41.713546,-88.453602,https://www.datacentermap.com/usa/illinois/aurora/prologis-project-cardinal-building-11/
13938,Prologis Project Steel - Building 6,Prologis,Colocation,Beecher Rd,Yorkville,60554,Illinois,41.693646,-88.470361,https://www.datacentermap.com/usa/illinois/aurora/prologis-project-steel-building-6/
13941,Prologis Project Steel - Building 9,Prologis,Colocation,Galena Rd & W Beecher Rd,Yorkville,60554,Illinois,41.71045,-88.478516,https://www.datacentermap.com/usa/illinois/aurora/prologis-project-steel-building-9/
13926,Prologis Project Cardinal - Building 9,Prologis,Colocation,Route 47 & Galena Rd,Yorkville,60554,Illinois,41.71352,-88.462782,https://www.datacentermap.com/usa/illinois/aurora/prologis-project-cardinal-building-9/
13945,Prologis Project Steel - Building 13,Prologis,Colocation,W Beecher Rd,Yorkville,60554,Illinois,41.707852,-88.479062,https://www.datacentermap.com/usa/illinois/aurora/prologis-project-steel-building-13/
13935,Prologis Project Steel - Building 3,Prologis,Colocation,E Beecher Rd,Yorkville,60554,Illinois,41.697537,-88.470296,https://www.datacentermap.com/usa/illinois/aurora/prologis-project-steel-building-3/
13933,Prologis Project Steel - Building 1,Prologis,Colocation,E Beecher Rd,Yorkville,60554,Illinois,41.700177,-88.4704,https://www.datacentermap.com/usa/illinois/aurora/prologis-project-steel-building-1/
13955,Prologis Project Steel - Building 23,Prologis,Colocation,W Beecher Rd,Yorkville,60554,Illinois,41.699089,-88.47846,https://www.datacentermap.com/usa/illinois/aurora/prologis-project-steel-building-23/
13921,Prologis Project Cardinal - Building 4,Prologis,Colocation,Route 47 & Galena Rd,Yorkville,60554,Illinois,41.713654,-88.48079,https://www.datacentermap.com/usa/illinois/aurora/prologis-project-cardinal-building-4/
13934,Prologis Project Steel - Building 2,Prologis,Colocation,E Beecher Rd,Yorkville,60554,Illinois,41.698873,-88.470372,https://www.datacentermap.com/usa/illinois/aurora/prologis-project-steel-building-2/
13924,Prologis Project Cardinal - Building 7,Prologis,Colocation,Route 47 & Galena Rd,Yorkville,60554,Illinois,41.71879,-88.454721,https://www.datacentermap.com/usa/illinois/aurora/prologis-project-cardinal-building-7/
13918,Prologis Project Cardinal - Building 1,Prologis,Colocation,Route 47 & Galena Rd,Yorkville,60554,Illinois,41.718985,-88.481354,https://www.datacentermap.com/usa/illinois/aurora/prologis-project-cardinal-building-1/
13919,Prologis Project Cardinal - Building 2,Prologis,Colocation,Route 47 & Galena Rd,Yorkville,60554,Illinois,41.718985,-88.477856,https://www.datacentermap.com/usa/illinois/aurora/prologis-project-cardinal-building-2/
13944,Prologis Project Steel - Building 12,Prologis,Colocation,Eldamain Rd,Yorkville,60554,Illinois,41.708238,-88.482516,https://www.datacentermap.com/usa/illinois/aurora/prologis-project-steel-building-12/
13930,Prologis Project Cardinal - Building 13,Prologis,Colocation,Route 47 & Galena Rd,Yorkville,60554,Illinois,41.710191,-88.455595,https://www.datacentermap.com/usa/illinois/aurora/prologis-project-cardinal-building-13/
14026,CyrusOne Bliter Road - Building 2,CyrusOne Data Centers,Colocation,2725 Bilter Rd,Aurora,60502,Illinois,41.8030574920121,-88.24604729147454,https://www.datacentermap.com/usa/illinois/aurora/cyrusone-bliter-road-building-2/
13925,Prologis Project Cardinal - Building 8,Prologis,Colocation,Route 47 & Galena Rd,Yorkville,60554,Illinois,41.713466,-88.467585,https://www.datacentermap.com/usa/illinois/aurora/prologis-project-cardinal-building-8/
13939,Prologis Project Steel - Building 7,Prologis,Colocation,Beecher Rd,Yorkville,60554,Illinois,41.69233,-88.470427,https://www.datacentermap.com/usa/illinois/aurora/prologis-project-steel-building-7/
13920,Prologis Project Cardinal - Building 3,Prologis,Colocation,Route 47 & Galena Rd,Yorkville,60554,Illinois,41.715903,-88.481318,https://www.datacentermap.com/usa/illinois/aurora/prologis-project-cardinal-building-3/
13923,Prologis Project Cardinal - Building 6,Prologis,Colocation,Route 47 & Galena Rd,Yorkville,60554,Illinois,41.718735,-88.459492,https://www.datacentermap.com/usa/illinois/aurora/prologis-project-cardinal-building-6/
13917,Prologis Project Cardinal,Prologis,Campus,Route 47 & Galena Rd,Yorkville,60554,Illinois,41.71548005352616,-88.46539334719279,https://www.datacentermap.com/usa/illinois/aurora/prologis-project-cardinal/
13943,Prologis Project Steel - Building 11,Prologis,Colocation,W Beecher Rd,Yorkville,60554,Illinois,41.709031,-88.478793,https://www.datacentermap.com/usa/illinois/aurora/prologis-project-steel-building-11/
13956,Prologis Project Steel - Building 24,Prologis,Colocation,W Beecher Rd,Yorkville,60554,Illinois,41.696639,-88.478471,https://www.datacentermap.com/usa/illinois/aurora/prologis-project-steel-building-24/
14024,CyrusOne Bliter Road Campus,CyrusOne Data Centers,Campus,2725 Bilter Rd,Aurora,60502,Illinois,41.8025885186041,-88.2474165778899,https://www.datacentermap.com/usa/illinois/aurora/cyrusone-bliter-road-campus/
13947,Prologis Project Steel - Building 15,Prologis,Colocation,W Beecher Rd,Yorkville,60554,Illinois,41.706591,-88.479339,https://www.datacentermap.com/usa/illinois/aurora/prologis-project-steel-building-15/
13948,Prologis Project Steel - Building 16,Prologis,Colocation,Eldamain Rd,Yorkville,60554,Illinois,41.705765,-88.483085,https://www.datacentermap.com/usa/illinois/aurora/prologis-project-steel-building-16/
13946,Prologis Project Steel - Building 14,Prologis,Colocation,Eldamain Rd,Yorkville,60554,Illinois,41.707027,-88.482681,https://www.datacentermap.com/usa/illinois/aurora/prologis-project-steel-building-14/
13937,Prologis Project Steel - Building 5,Prologis,Colocation,Beecher Rd,Yorkville,60554,Illinois,41.695013,-88.470295,https://www.datacentermap.com/usa/illinois/aurora/prologis-project-steel-building-5/
13927,Prologis Project Cardinal - Building 10,Prologis,Colocation,Route 47 & Galena Rd,Yorkville,60554,Illinois,41.713493,-88.457977,https://www.datacentermap.com/usa/illinois/aurora/prologis-project-cardinal-building-10/
11383,CyrusOne Yorkville Campus,CyrusOne Data Centers,Campus,Faxon Rd / Eldamain Rd / Beecher Rd,Yorkville,60545,Illinois,41.67885325578799,-88.48045680608419,https://www.datacentermap.com/usa/illinois/aurora/cyrusone-yorkville-campus/
13932,Prologis Project Steel,Prologis,Campus,Galena Rd & Eldamain Rd,Yorkville,60554,Illinois,41.703587,-88.476056,https://www.datacentermap.com/usa/illinois/aurora/prologis-project-steel/
11389,CyrusOne Yorkville - Building 6,CyrusOne Data Centers,Colocation,Beecher Rd,Yorkville,60545,Illinois,41.677734,-88.477088,https://www.datacentermap.com/usa/illinois/aurora/cyrusone-yorkville-building-6/
11391,CyrusOne Yorkville - Building 8,CyrusOne Data Centers,Colocation,Beecher Rd,Yorkville,60545,Illinois,41.679798,-88.474716,https://www.datacentermap.com/usa/illinois/aurora/cyrusone-yorkville-building-8/
11390,CyrusOne Yorkville - Building 7,CyrusOne Data Centers,Colocation,Beecher Rd,Yorkville,60545,Illinois,41.679565,-88.47713,https://www.datacentermap.com/usa/illinois/aurora/cyrusone-yorkville-building-7/
11384,CyrusOne Yorkville - Building 1,CyrusOne Data Centers,Colocation,Faxon Rd,Yorkville,60545,Illinois,41.676765,-88.486444,https://www.datacentermap.com/usa/illinois/aurora/cyrusone-yorkville-building-1/
11392,CyrusOne Yorkville - Building 9,CyrusOne Data Centers,Colocation,Beecher Rd,Yorkville,60545,Illinois,41.678429,-88.474758,https://www.datacentermap.com/usa/illinois/aurora/cyrusone-yorkville-building-9/
11388,CyrusOne Yorkville - Building 5,CyrusOne Data Centers,Colocation,Faxon Rd,Yorkville,60545,Illinois,41.676833,-88.479386,https://www.datacentermap.com/usa/illinois/aurora/cyrusone-yorkville-building-5/
11386,CyrusOne Yorkville - Building 3,CyrusOne Data Centers,Colocation,Eldamain Rd,Yorkville,60545,Illinois,41.678617,-88.484143,https://www.datacentermap.com/usa/illinois/aurora/cyrusone-yorkville-building-3/
11387,CyrusOne Yorkville - Building 4,CyrusOne Data Centers,Colocation,Faxon Rd,Yorkville,60545,Illinois,41.676831,-88.481769,https://www.datacentermap.com/usa/illinois/aurora/cyrusone-yorkville-building-4/
11385,CyrusOne Yorkville - Building 2,CyrusOne Data Centers,Colocation,Faxon Rd,Yorkville,60545,Illinois,41.676791,-88.484117,https://www.datacentermap.com/usa/illinois/aurora/cyrusone-yorkville-building-2/
3792,STL Data Center,STL,Colocation,501 S. Towanda Barnes Rd.,Bloomington,61705,Illinois,40.4729587,-88.9021915,https://www.datacentermap.com/usa/illinois/bloomington/c9d-data-center-services/
3709,Pearl Technology Bloomington Data Center,Pearl Technology,Colocation,303 E Washington Street,Bloomington,61571,Illinois,40.4796501,-88.9909055,https://www.datacentermap.com/usa/illinois/bloomington/a5-bloomington/
11136,Consolidated Mattoon,Consolidated Communications,Colocation,1501 Charleston Ave,Mattoon,61938,Illinois,39.481175,-88.37280299999999,https://www.datacentermap.com/usa/illinois/champaign/consolidated-mattoon/
7200,ColocationPLUS Champaign,ColocationPLUS,Colocation,401 S Chestnut,Champaign,61820,Illinois,40.1124273,-88.2424913,https://www.datacentermap.com/usa/illinois/champaign/colocationplus-champaign/
3708,Pearl Technology Peoria Data Center,Pearl Technology,Colocation,606 NE Jefferson Street,Peoria,61603,Illinois,40.696644,-89.583765,https://www.datacentermap.com/usa/illinois/peoria/a5-peoria/
6568,DataPoint Data Center,"DataPoint, Inc.",Colocation,4901 Colt Road,Rockford,61109,Illinois,42.2255003,-89.0209314,https://www.datacentermap.com/usa/illinois/rockford/datapoint/
7192,ColocationPLUS Rantoul 1,ColocationPLUS,Colocation,101 W International Ave,Rantoul,61866,Illinois,40.3018532,-88.1594036,https://www.datacentermap.com/usa/illinois/rantoul/colocationplus-rantoul/
1236,60 Hudson Street (JFK12),Digital Realty,Colocation,60 Hudson Street,New York,10013,New York,40.7176643,-74.0083332,https://www.datacentermap.com/usa/new-york/new-york/tel-x-new-york/
4527,32 Avenue of the Americas (JFK13),Digital Realty,Colocation,32 Avenue of the Americas (6th Ave),New York,10013,New York,40.7200005,-74.0045606,https://www.datacentermap.com/usa/new-york/new-york/telx-nyc3/
1015,111 Eight Avenue (JFK10),Digital Realty,Colocation,111 8th Avenue,New York,10011,New York,40.7409573,-74.0021187,https://www.datacentermap.com/usa/new-york/new-york/111-eight-avenue-dlr/
11707,701 Union Boulevard (EWR15),Digital Realty,Colocation,701 Union Blvd,Totowa,07512,New York,40.8913085,-74.22856689999999,https://www.datacentermap.com/usa/new-york/new-york/701-union-boulevard-ewr15/
11708,703 Union Boulevard (EWR16),Digital Realty,Colocation,703 Union Blvd,Totowa,07512,New York,40.8909816,-74.2289625,https://www.datacentermap.com/usa/new-york/new-york/703-union-boulevard-ewr16/
10071,Hivelocity - New York 1,Hivelocity,Colocation,7 Teleport Drive,Staten Island,10311,New York,40.6067753,-74.1753897,https://www.datacentermap.com/usa/new-york/new-york/hivelocity-new-york-1/
1503,NYI - QTD1,NYI (New York Internet Company),Colocation,60 Hudson Street,New York,10013,New York,40.717946,-74.008929,https://www.datacentermap.com/usa/new-york/new-york/switch-data-new-york1/
2576,DataBank LGA1 - Downtown New York City,DataBank,Colocation,60 Hudson St,New York,10013,New York,40.7177452,-74.0083059,https://www.datacentermap.com/usa/new-york/new-york/zcolo-facility-1/
4955,SDC Manhattan,Sabey Data Center Properties LLC,Colocation,375 Pearl St,New York,10038,New York,40.7110329,-74.0008574,https://www.datacentermap.com/usa/new-york/new-york/intergate-manhattan/
2844,TELEHOUSE New York Chelsea,Telehouse America,Colocation,85 10th Avenue,New York,10011,New York,40.7431037,-74.0076859,https://www.datacentermap.com/usa/new-york/new-york/telehouse-chelsea/
3001,Opti9 NY1,Opti9 Technology,Colocation,501 Franklin Ave,Garden City,11530,New York,40.722807,-73.6315983,https://www.datacentermap.com/usa/new-york/new-york/webair-ny1/
1561,TELEHOUSE New York Teleport,Telehouse America,Colocation,7 Teleport Drive,New York,10311,New York,40.607514,-74.17108,https://www.datacentermap.com/usa/new-york/new-york/telehouse-center/
5212,1 Ramland,1547 Critical Systems Realty,Colocation,1 Ramland Rd,Orangeburg,10962,New York,41.034512,-73.9758403,https://www.datacentermap.com/usa/new-york/new-york/1-ramland-facility/
4765,325 Hudson,325 Hudson,Building,325 Hudson,New York,10013,New York,40.7267165,-74.0075896,https://www.datacentermap.com/usa/new-york/new-york/325-hudson/
1755,NYI - New York,NYI (New York Internet Company),Colocation,100 William Street,New York,10038,New York,40.70855583007363,-74.00715306401253,https://www.datacentermap.com/usa/new-york/new-york/new-york-internet-dc1/
7014,Hudson InterXchange,Hudson InterXchange,Colocation,60 Hudson Street,New York,10013,New York,40.717729,-74.0083059,https://www.datacentermap.com/usa/new-york/new-york/datagryd/
1079,365 Data Centers - New York 2,365 Data Centers,Colocation,325 Hudson St,New York,10013,New York,40.726718,-74.007398,https://www.datacentermap.com/usa/new-york/new-york/atlantic-metro-communications/
5232,CoreSite Secaucus (NY2),CoreSite,Colocation,2 Emerson Ln,Secaucus,07094,New York,40.7858982,-74.0672153,https://www.datacentermap.com/usa/new-york/new-york/coresite-ny2/
2577,DataBank LGA2 - Downtown New York City,DataBank,Colocation,111 8th Ave,Manhattan,10011,New York,40.7409154,-74.0022334,https://www.datacentermap.com/usa/new-york/new-york/zcolo-facility-2/
5563,Cogent Data Center - New York,"Cogent Communications, Inc.",Colocation,25 Broadway,New York,10004,New York,40.7055177,-74.0139121,https://www.datacentermap.com/usa/new-york/new-york/cogent-new-york2/
8512,H5 Data Centers New York,H5 Data Centers,Colocation,325 Hudson St,New York,10013,New York,40.7268681,-74.0077026,https://www.datacentermap.com/usa/new-york/new-york/h5-new-york/
7220,Delimiter Commack Data Center,Delimiter Corp,Colocation,500 Commack Road,Commack,NY11725,New York,40.8225911,-73.2916469,https://www.datacentermap.com/usa/new-york/new-york/nyrk06/
1032,CoreSite New York (NY1),CoreSite,Colocation,32 Avenue of the Americas,New York,10013,New York,40.721052,-74.005239,https://www.datacentermap.com/usa/new-york/new-york/32-americas/
1505,Equinix NY9,Equinix,Colocation,111 8th Avenue,New York,10011,New York,40.741089,-74.001526,https://www.datacentermap.com/usa/new-york/new-york/switch-data-new-york2/
6900,Epsilon Global Hubs - New York,Epsilon,Colocation,60 Hudson Street,New York,10013,New York,40.7177228,-74.0082994,https://www.datacentermap.com/usa/new-york/new-york/epsilon-global-hubs1/
9346,Dataverge NY,DataVerge,Colocation,882 3rd Ave,Brooklyn,11232,New York,40.6577547,-74.0048472,https://www.datacentermap.com/usa/new-york/new-york/dataverge-ny/
756,111 Eight Avenue,Google,Building,111 8th Avenue,New York,10011,New York,40.741089,-74.001526,https://www.datacentermap.com/usa/new-york/new-york/111-eight-avenue/
6414,Speedcast NY,Speedcast International Ltd.,Colocation,45 Oser Avenue,Hauppauge,11788,New York,40.815055,-73.2371757,https://www.datacentermap.com/usa/new-york/new-york/globecomm-ny/
2501,365 Data Centers - New York 3,365 Data Centers,Colocation,121 Varick St.,New York,10013,New York,40.724832,-74.00609,https://www.datacentermap.com/usa/new-york/new-york/atlantic-metro-lga4-idc/
8955,ColoHouse New York,ColoHouse,Colocation,1 Ramland Road,Orangeburg,10962,New York,41.0345237,-73.9758245,https://www.datacentermap.com/usa/new-york/new-york/colohouse-new-york/
14566,DataBank Orangeburg Campus,DataBank,Campus,2000 Corporate Dr,Orangeburg,10962,New York,41.03858677252296,-73.98957268291456,https://www.datacentermap.com/usa/new-york/new-york/databank-orangeburg-campus/
1488,365 Data Centers - New York 1,365 Data Centers,Colocation,65 Broadway,New York,10006,New York,40.707256,-74.012111,https://www.datacentermap.com/usa/new-york/new-york/switchdata-newyork3/
949,75 Broad Street,JEMB Realty Inc.,Building,75 Broad Street,New York,10004,New York,40.70419,-74.011569,https://www.datacentermap.com/usa/new-york/new-york/75-broad-street/
8256,Lunavi Orangeburg,Lunavi,Colocation,1 Ramland Rd,Orangeburg,10962,New York,41.0344939,-73.975756,https://www.datacentermap.com/usa/new-york/new-york/orangeburg/
14565,DataBank LGA4 - Orangeburg,DataBank,Colocation,2000 Corporate Dr,Orangeburg,10962,New York,41.03777900949495,-73.9889411117481,https://www.datacentermap.com/usa/new-york/new-york/databank-lga4-orangeburg/
6270,NewBridge Brooklyn,NewBridge,Colocation,927 McDonald Ave,Brooklyn,11218,New York,40.6314334,-73.9768857,https://www.datacentermap.com/usa/new-york/new-york/new-bridge/
9674,DataBank LGA3 - Orangeburg,DataBank,Colocation,2000 Corporate Dr,Orangeburg,10962,New York,41.0401325,-73.98989929999999,https://www.datacentermap.com/usa/new-york/new-york/databank-lga3-orangeburg/
9642,Evocative JFK2,Evocative Data Centers,Colocation,480 N Bedford Rd,Chappaqua,10514,New York,41.1803414,-73.7534289,https://www.datacentermap.com/usa/new-york/new-york/evocative-jfk2/
12757,Cogent Data Center - Hackensack,"Cogent Communications, Inc.",Colocation,280 State St,Hackensack,07601,New York,40.8873025,-74.042615,https://www.datacentermap.com/usa/new-york/new-york/cogent-data-center-hackensack/
9506,Lumen New York 2,Lumen,Colocation,601 W 26th,New York,10001,New York,40.7516571,-74.0071579,https://www.datacentermap.com/usa/new-york/new-york/lumen-new-york-2/
2502,121 Varick St,121 Varick Street Corp.,Building,121 Varick St,New York,10013,New York,40.7248684,-74.006272,https://www.datacentermap.com/usa/new-york/new-york/121-varick-st/
9630,Sentinel NY-1,Sentinel Datacenters,Colocation,155 Corporate Dr,Orangeburg,10962,New York,41.036227,-73.9859227,https://www.datacentermap.com/usa/new-york/new-york/sentinel-ny-1/
12648,Metanet Staten Island,"Metanet, Inc.",Colocation,7 Teleport Dr,Staten Island,10311,New York,40.6067366,-74.175072,https://www.datacentermap.com/usa/new-york/new-york/metanet-staten-island/
927,60 Hudson Street,Colliers International,Building,60 Hudson Street,New York,10013,New York,40.717946,-74.008929,https://www.datacentermap.com/usa/new-york/new-york/60-hudson-street/
1943,365 Data Centers - New York 4,365 Data Centers,Colocation,32 6th ave,New York,10013,New York,40.7210931,-74.0052522,https://www.datacentermap.com/usa/new-york/new-york/atlantic-metro-communications-lga6/
3665,Centersquare - New York EWR3-B,Centersquare,Colocation,365 S Randolphville,Piscataway,08854,New York,40.552962,-74.459351,https://www.datacentermap.com/usa/new-york/new-york/cyxtera-ewr3b/
12203,Blue Hill Plaza,Blue Hill Data Services,Colocation,2 Blue Hill Plaza,Pearl River,10965,New York,41.04756686339402,-74.00722503510403,https://www.datacentermap.com/usa/new-york/new-york/blue-hill-plaza/
8311,CherryRoad NYC3,CherryRoad Technologies,Colocation,375 Pearl Street,Manhattan,10038,New York,40.7109599,-74.0014202,https://www.datacentermap.com/usa/new-york/new-york/cherryroad-nyc3/
12647,Metanet Chelsea,"Metanet, Inc.",Colocation,85 10th Ave,New York,10011,New York,40.7433097,-74.0079322,https://www.datacentermap.com/usa/new-york/new-york/metanet-chelsea/
2301,Arbinet 75 Broad St,Arbinet,Colocation,75 Broad St.,New York,10004,New York,40.7047023,-74.0112567,https://www.datacentermap.com/usa/new-york/new-york/arbinet-75-broad-st/
11007,Frontline Data Services Orangeburg,Frontline Data Services,Colocation,100 Dutch Hill Rd,Orangeburg,10962,New York,41.0434075,-73.955679,https://www.datacentermap.com/usa/new-york/new-york/frontline-data-services-orangeburg/
8018,365 Data Centers - Long Island,365 Data Centers,Colocation,500 Commack Road,Commack,j11725,New York,40.8226772,-73.2916469,https://www.datacentermap.com/usa/new-york/new-york/365dcs-long-island/
4864,The Starrett-Lehigh Building,Windstream,Colocation,601 W 26th Street,New York,10001,New York,40.7514867,-74.0066396,https://www.datacentermap.com/usa/new-york/new-york/starrett-lehigh-building/
8725,Crown Castle New York (NY1),CROWN CASTLE,Colocation,111 8th Ave,New York City,10011,New York,40.741089,-74.001526,https://www.datacentermap.com/usa/new-york/new-york/crown-castle-ny1/
9982,Colocation America NYDC1,Colocation America,Colocation,60 Hudson Street,New York,10013,New York,40.717729,-74.0083059,https://www.datacentermap.com/usa/new-york/new-york/colocation-america-nydc1/
9983,Colocation America NYDC2,Colocation America,Colocation,111 8th Avenue,New York,10011,New York,40.717729,-74.0083059,https://www.datacentermap.com/usa/new-york/new-york/colocation-america-nydc2/
9326,EXA DC New York,EXA Infrastructure,Colocation,60 Hudson Street,New York,10013,New York,40.717729,-74.0083059,https://www.datacentermap.com/usa/new-york/new-york/exa-dc-new-york/
9984,Colocation America NYDC3,Colocation America,Colocation,11 Skyline Dr,Hawthorne,10532,New York,41.0882411,-73.8153475,https://www.datacentermap.com/usa/new-york/new-york/colocation-america-nydc3/
1743,Crown Castle New York - 60 Hudson St,CROWN CASTLE,Colocation,60 Hudson Street,New York,10013,New York,40.7176501,-74.0083324,https://www.datacentermap.com/usa/new-york/new-york/lightower-new-york/
1475,Lumen New York 1,Lumen,Colocation,111 8th Avenue,New York,10011,New York,40.7409573,-74.0021187,https://www.datacentermap.com/usa/new-york/new-york/level3-new-york1/
1544,TeliaSonera NYKEC,Telia Company,Colocation,111 8th Avenue,New York,10011,New York,40.742559,-74.0060547,https://www.datacentermap.com/usa/new-york/new-york/telia-new-york/
4536,32 Avenue of the Americas,Rudin Management Company,Building,32 Avenue of the Americas (6th Ave),New York,10019,New York,40.7693743,-73.8032154,https://www.datacentermap.com/usa/new-york/new-york/32sixthave/
954,AT&T Secaucus,AT&T Inc.,Colocation,15 Enterprise Ave N,Secaucus,07094,New York,40.7861245,-74.0691422,https://www.datacentermap.com/usa/new-york/new-york/att-secaucus/
1760,AT&T New York,AT&T Inc.,Colocation,811 10th Avenue,New York,10019,New York,40.767148,-73.9908844,https://www.datacentermap.com/usa/new-york/new-york/att-811-10th-ave/
1318,NaviSite New York,"NaviSite, Inc.",Colocation,395 Hudson St,New York,10014,New York,40.7291847,-74.007594,https://www.datacentermap.com/usa/new-york/new-york/navisite-new-york/
1592,New York Connect Data Center,"New York Connect.Net, Ltd.",Colocation,111 8th Avenue,New York,10011,New York,40.7409548,-74.0022466,https://www.datacentermap.com/usa/new-york/new-york/new-york-connect/
1581,LG Networks NYC Node,Lumen,Colocation,150 Varick Street,New York,10012,New York,40.726374,-74.005656,https://www.datacentermap.com/usa/new-york/new-york/lg-networks-nyc-node/
4088,Tata Communications New York,Tata Communications,Colocation,32 6th Ave,New York,10013,New York,40.720015,-74.0047781,https://www.datacentermap.com/usa/new-york/new-york/tata-new-york/
1562,TELEHOUSE Briad Financial Center,Telehouse America,Colocation,33 Whitehall Street,New York,10004,New York,40.7034062,-74.0126584,https://www.datacentermap.com/usa/new-york/new-york/telehouse-briad-financial-center/
1585,Metanet New York,"Metanet, Inc.",Colocation,111 8th Avenue,New York,10011,New York,40.7410427,-74.0024701,https://www.datacentermap.com/usa/new-york/new-york/metanet-hosting/
1949,CentriLogic Rochester,Centrilogic,Colocation,28 Mansfield Street,Rochester,14606,New York,43.1663428,-77.6727814,https://www.datacentermap.com/usa/new-york/rochester/centrilogic/
14526,Albion Data Center,Unknown Company,Datacenter,231 East Ave,Albion,14411,New York,43.24279811626396,-78.18851201414238,https://www.datacentermap.com/usa/new-york/rochester/albion-data-center/
1974,Synoptek - Rochester / Pittsford,Synoptek,Colocation,1100 Pittsford Victor Rd,Pittsford,14534,New York,43.049212,-77.469277,https://www.datacentermap.com/usa/new-york/rochester/earthlink-data-center/
9510,Lumen Rochester 1,Lumen,Colocation,1 W Main St,Rochester,14614,New York,43.1553594,-77.6128075,https://www.datacentermap.com/usa/new-york/rochester/lumen-rochester-1/
1366,Lumen Gates,Lumen,Colocation,150 Mile Crossing Blvd,Gates,14624,New York,43.152054,-77.730368,https://www.datacentermap.com/usa/new-york/rochester/twtc-gates/
13903,Stream DC Genesee County,Stream Data Centers,Colocation,1249 Stamp Dr,Alabama,14013,New York,43.0861347,-78.39777769999999,https://www.datacentermap.com/usa/new-york/buffalo/stream-dc-genesee-county/
5817,ColoCrossing BUF1,ColoCrossing,Colocation,325 Delaware Ave,Buffalo,14202,New York,42.892919,-78.875081,https://www.datacentermap.com/usa/new-york/buffalo/colocrossing/
3684,Elm Data Center,Elm Datacenter,Colocation,235 Elm St,Buffalo,14203,New York,42.8873863,-78.8682528,https://www.datacentermap.com/usa/new-york/buffalo/elm-dc/
1497,365 Data Centers - Buffalo,365 Data Centers,Colocation,350 Main St.,Buffalo,14202,New York,42.884419,-78.875427,https://www.datacentermap.com/usa/new-york/buffalo/switchdata-buffalo/
2876,Advance2000 Williamsville Data Center,Advance2000,Colocation,1140 Wehrle Drive,Williamsville,14221,New York,42.9502219,-78.740705,https://www.datacentermap.com/usa/new-york/buffalo/advance2000/
1952,Centrilogic Buffalo,Centrilogic,Colocation,350 Main Street,Buffalo,14202,New York,42.884419,-78.875427,https://www.datacentermap.com/usa/new-york/buffalo/centrilogic1/
4876,Victory Technology Center,Victory Technology Center,Colocation,144 Genesee St,Buffalo,14203,New York,42.8907569,-78.868183,https://www.datacentermap.com/usa/new-york/buffalo/victory-technology-center/
2668,Shatter I.T. Buffalo,Shatter I.T.,Colocation,350 Main St,Buffalo,14202,New York,42.884419,-78.875427,https://www.datacentermap.com/usa/new-york/buffalo/main-place1/
14011,Niagara Digital Campus,Urbacon Data Centre Solutions,Campus,Rainbow Blvd & John B Daly Blvd,Niagara Falls,14303,New York,43.08538598953857,-79.04977599393197,https://www.datacentermap.com/usa/new-york/buffalo/niagara-digital-campus/
596,I-Evolve Data Center,i-evolve,Colocation,501 John James Audubon Pkwy,Buffalo,14228,New York,43.0180368,-78.784585,https://www.datacentermap.com/usa/new-york/buffalo/i-evolve-data-center/
5834,325 Delware Avenue,The Benchmark Group,Building,325 Delaware Avenue,Buffalo,14202,New York,42.892919,-78.875081,https://www.datacentermap.com/usa/new-york/buffalo/325delaware/
1954,350 Main Place,Main Place Liberty Group,Building,350 Main Street,Buffalo,14202,New York,42.884419,-78.875427,https://www.datacentermap.com/usa/new-york/buffalo/350-main-place/
10355,Cogent Data Center - Buffalo,"Cogent Communications, Inc.",Colocation,271 Bristol St,Buffalo,14206,New York,42.8812477,-78.84662519999999,https://www.datacentermap.com/usa/new-york/buffalo/cogent-data-center-buffalo/
12941,Lake Mariner Data,Terawulf,Campus,7725 Lake Rd,Barker,14012,New York,43.35891814977154,-78.60417651863601,https://www.datacentermap.com/usa/new-york/buffalo/lake-mariner-data/
6562,Nexeon BUF1,Nexeon,Colocation,325 Delaware Ave,Buffalo,14202,New York,42.892919,-78.875081,https://www.datacentermap.com/usa/new-york/buffalo/nexeon-buf1/
1734,Ridge Lea,Lumen,Colocation,4252 Ridge Lea Rd.,Amherst,14226,New York,42.9983312,-78.8128756,https://www.datacentermap.com/usa/new-york/buffalo/ridge-lea/
13315,H5 Data Centers Buffalo I,H5 Data Centers,Colocation,"5319 Enterprise Dr, , NY , USA",Lockport,14094,New York,43.16875629286727,-78.75188374943883,https://www.datacentermap.com/usa/new-york/buffalo/h5-data-centers-buffalo-i/
13316,H5 Data Centers Buffalo II,H5 Data Centers,Colocation,5365 Crown Dr,Lockport,14094,New York,43.1697406,-78.7478555,https://www.datacentermap.com/usa/new-york/buffalo/h5-data-centers-buffalo-ii/
642,PCI Data Center,"Personal Computers, Inc.",Colocation,1 Seneca St,Buffalo,14203,New York,42.8797619,-78.8764393,https://www.datacentermap.com/usa/new-york/buffalo/pci-nuffalo/
12942,Core42 Lake Mariner Data Center,Core42 - G42 Company,Colocation,7725 Lake Rd,Barker,14012,New York,43.35891814977154,-78.60417651863601,https://www.datacentermap.com/usa/new-york/buffalo/core42-lake-mariner-data-center/
5296,Lumen Buffalo 2,Lumen,Colocation,325 Delaware Avenue,Buffalo,14204,New York,42.892919,-78.875081,https://www.datacentermap.com/usa/new-york/buffalo/level3-buffalo2/
5295,Lumen Buffalo 1,Lumen,Colocation,240 Scott Street,Buffalo,14204,New York,42.8756021,-78.8675109,https://www.datacentermap.com/usa/new-york/buffalo/level3-buffalo1/
6045,DotBlock.Com,DotBlock DataCenter,Colocation,21 Corporate Dr,Clifton Park,12065,New York,42.8494944,-73.7568807,https://www.datacentermap.com/usa/new-york/albany/dotblock-com/
6141,INOC ALB3,INOC Data Centers,Colocation,4 Tower Place,Albany,12203,New York,42.6860238,-73.8425874,https://www.datacentermap.com/usa/new-york/albany/inoc-tower-place/
5606,FirstLight Albany NY,FirstLight Fiber,Colocation,41 State St,Albany,12207,New York,42.6493926,-73.7511413,https://www.datacentermap.com/usa/new-york/albany/firstlight-albany/
1914,INOC ALB1,INOC Data Centers,Colocation,80 State Street,Albany,12207,New York,42.649258,-73.752758,https://www.datacentermap.com/usa/new-york/albany/inoc/
8962,ColoHouse Albany,ColoHouse,Colocation,175 Old Loudon Road,Latham,12110,New York,42.7454556,-73.75914329999999,https://www.datacentermap.com/usa/new-york/albany/colohouse-albany/
10216,Windstream Albany,Windstream,Colocation,11 North Pearl Street,Albany,12207,New York,42.6500337,-73.7520377,https://www.datacentermap.com/usa/new-york/albany/windstream-albany/
13984,Cogent Data Center - Albany,"Cogent Communications, Inc.",Colocation,89 Hannay Ln,Glenmont,12077,New York,42.625146,-73.7868866,https://www.datacentermap.com/usa/new-york/albany/cogent-data-center-albany/
9515,Lumen Albany 3,Lumen,Colocation,11 North Pearl Street,Albany,12207,New York,42.6500337,-73.7520377,https://www.datacentermap.com/usa/new-york/albany/lumen-albany-3/
5504,194 Washington Avenue,Unknown Company,Building,194 Washington Avenue,Albany,12210,New York,42.6563351,-73.7632758,https://www.datacentermap.com/usa/new-york/albany/194-washington/
1921,80 State Street,Unknown Company,Building,80 State Street,Albany,12207,New York,42.6493573,-73.7527535,https://www.datacentermap.com/usa/new-york/albany/80-state-street/
828,Crown Castle Albany,CROWN CASTLE,Colocation,80 State Street,Albany,12207,New York,42.649258,-73.752758,https://www.datacentermap.com/usa/new-york/albany/fibertech-albany/
5278,Lumen Albany 2,Lumen,Colocation,194 Washington Avenue,Albany,12210,New York,42.6563544,-73.7631039,https://www.datacentermap.com/usa/new-york/albany/level3-albany2/
5277,Lumen Albany 1,Lumen,Colocation,316 North Pearl Street,Albany,12207,New York,42.661279,-73.747738,https://www.datacentermap.com/usa/new-york/albany/level3-albany1/
1424,Lumen Albany 4,Lumen,Colocation,10 Airline Dr,Colonie,12205,New York,42.737096,-73.818787,https://www.datacentermap.com/usa/new-york/albany/twtc-albany/
1670,365 Data Centers - Commack,365 Data Centers,Colocation,500 Commack Dr,Commack,11725,New York,40.8217404,-73.2918119,https://www.datacentermap.com/usa/new-york/long-island/mindshift-commack/
3133,Stafford Associates Data Center,Stafford Associates,Colocation,21 Bennetts Road,Setauket,11733,New York,40.930513,-73.1137812,https://www.datacentermap.com/usa/new-york/long-island/stafford-assoicates/
4289,Long Island Interconnect,Long Island Interconnect,Colocation,1025 Old Country Road,Westbury,11590,New York,40.7554772,-73.5579158,https://www.datacentermap.com/usa/new-york/long-island/1025connect/
8539,PointVoIP NY3,"PointVoIP, LLC",Colocation,3385 Veterans Memorial Hwy,Ronkonkoma,11779,New York,40.787969,-73.1266802,https://www.datacentermap.com/usa/new-york/long-island/pointvoip-ny3/
2683,CNS Colo,CNS Colo,Colocation,131 Hoffman Ln,Islandia,11749,New York,40.806304,-73.184833,https://www.datacentermap.com/usa/new-york/long-island/cns-colo/
631,Gotham Bus Datacenter,The Gotham Bus Company Inc.,Colocation,449 Route 25A,Mt. Sinai,11766,New York,40.9355592,-73.0207145,https://www.datacentermap.com/usa/new-york/long-island/gotham-bus/
3439,Vastnet - Melville,Vastnet,Colocation,680 Walt Whitman Road,Melvile,11747,New York,40.8057779,-73.410093,https://www.datacentermap.com/usa/new-york/long-island/vastnet-melville/
541,TWS Hosting Data Center,TWS Hosting,Colocation,140 Hoffman Lane,Islandia,11749,New York,40.8070694,-73.1871093,https://www.datacentermap.com/usa/new-york/long-island/tws-hosting/
2826,Crown Castle Farmingdale,CROWN CASTLE,Colocation,115 Bi County Boulevard,Farmingdale,11735,New York,40.7273819,-73.4274603,https://www.datacentermap.com/usa/new-york/long-island/lightower-farmingdale-ny/
513,Continuity Centers Woodbury,"American Business Continuity Centers, LLC.",Colocation,1000 Woodbury Rd,Woodbury,11797,New York,40.80256,-73.4799494,https://www.datacentermap.com/usa/new-york/long-island/continuity-centers/
1473,Lumen Garden City 1,Lumen,Colocation,71 Clinton Road,Garden City,11530,New York,40.726661,-73.620543,https://www.datacentermap.com/usa/new-york/long-island/level3-long-island/
633,GET Long Island,"Global Enterprise Technologies, Inc.",Colocation,Tec Street,Hicksville,11805,New York,40.757825,-73.544039,https://www.datacentermap.com/usa/new-york/long-island/get-long-island/
7129,Westelcom Syracuse Data Center,Westelcom,Colocation,109 S Warren St,Syracuse,13202,New York,43.0502444,-76.1503268,https://www.datacentermap.com/usa/new-york/syracuse/syracuse-data-center/
4709,Northland Syracuse Datacenter,Northland Communications,Colocation,500 S Salina St,Syracuse,13202,New York,43.0438683,-76.1524423,https://www.datacentermap.com/usa/new-york/syracuse/northland-syracuse-datacenter/
13990,Cogent Data Center - Syracuse,"Cogent Communications, Inc.",Colocation,402 N Midler Ave,Syracuse,13206,New York,43.0753154,-76.0998874,https://www.datacentermap.com/usa/new-york/syracuse/cogent-data-center-syracuse/
9493,Lumen East Syracuse,Lumen,Colocation,6007 Fair Lakes Rd,East Syracuse,13057,New York,43.0932282,-76.0705244,https://www.datacentermap.com/usa/new-york/syracuse/lumen-east-syracuse/
9514,Lumen Syracuse 1,Lumen,Colocation,2 N Clinton St,Syracuse,13202,New York,43.0501132,-76.1527408,https://www.datacentermap.com/usa/new-york/syracuse/lumen-syracuse-1/
1319,NaviSite Syracuse,"NaviSite, Inc.",Colocation,125 Elwood Davis Road,Syracuse,13212,New York,43.094959,-76.1741826,https://www.datacentermap.com/usa/new-york/syracuse/navisite-syracuse/
7130,Westelcom Watertown Data Center,Westelcom,Colocation,130 Park Pl,Watertown,13601,New York,43.9746737,-75.9135469,https://www.datacentermap.com/usa/new-york/watertown/watertown-data-center/
7668,colo@OldMain,Clarkson University,Colocation,55 Main Street,Potsdam,13676,New York,44.6679871,-74.9801447,https://www.datacentermap.com/usa/new-york/potsdam/colo-oldmain/
9057,Equinix NY13,Equinix,Colocation,401 Fieldcrest Drive,Elmsford,10523,New York,41.070785,-73.820039,https://www.datacentermap.com/usa/new-york/westchester-county/equinix-ny13/
530,TierPoint Hawthorne - New York,TierPoint,Colocation,11 Skyline Dr.,Hawthorne,10528,New York,41.089086,-73.814921,https://www.datacentermap.com/usa/new-york/westchester-county/xand-corporation/
9454,TierPoint Harthorne 2 - New York,TierPoint,Colocation,17 Skyline Drive,Hawthorne,10532,New York,41.0864613,-73.8174707,https://www.datacentermap.com/usa/new-york/westchester-county/tierpoint-hw2/
6374,Cohere Westchester,Cohere Communications,Colocation,777 Old Saw Mill River Rd,Tarrytown,10591,New York,41.0792797,-73.8229239,https://www.datacentermap.com/usa/new-york/westchester-county/cohere-westchester/
1809,Crown Castle New York (NY2),CROWN CASTLE,Colocation,360 Hamilton Avenue,White Plains,10601,New York,41.034782,-73.766655,https://www.datacentermap.com/usa/new-york/westchester-county/rcn-metro-360-hamilton/
2904,Continuity Centers Hawthorne,"American Business Continuity Centers, LLC.",Colocation,11 Skyline Dr,Hawthorne,10532,New York,41.0885224,-73.8153685,https://www.datacentermap.com/usa/new-york/westchester-county/continuity-centers-chappaqua/
7131,Westelcom Plattsburgh Data Center,Westelcom,Colocation,24 Margaret St,Plattsburgh,12901,New York,44.6963937,-73.453058,https://www.datacentermap.com/usa/new-york/plattsburgh/plattsburgh-data-center/
3812,FLTG Park,FirstLight Fiber,Campus,4902 McGrane Road,Romulus,14541,New York,42.7885331,-76.8783395,https://www.datacentermap.com/usa/new-york/romulus/fltg-park/
4710,Northland Utica Datacenter,Northland Communications,Colocation,258 Genesee St,Utica,13502,New York,43.0997759,-75.2353924,https://www.datacentermap.com/usa/new-york/utica/northland-utica-datacenter/
3375,CyrusOne NYM7 - Wappingers Falls,CyrusOne Data Centers,Colocation,55 Myers Corners Road,Wappingers Falls,12590,New York,41.59965490170378,-73.88155460357666,https://www.datacentermap.com/usa/new-york/wappingers-falls/new-york-data-center/
2958,SS&C GlobeOp Data Center,SS&C GlobeOp,Colocation,1565 Front Street,Yorktown Heights,10598,New York,41.262473,-73.778327,https://www.datacentermap.com/usa/new-york/yorktown-heights/globeop/
9349,IP Pathways Kansas City,IP Pathways,Colocation,324 East 11th St.,Kansas City,64106,Missouri,39.1011708,-94.5787964,https://www.datacentermap.com/usa/missouri/kansas-city-mo/ip-pathways/
6463,Iron Mountain Data Centers KCM-1,Iron Mountain Data Centers,Colocation,6301 Winchester Ave.,Kansas City,64133,Missouri,39.0108621,-94.5012814,https://www.datacentermap.com/usa/missouri/kansas-city-mo/iron-mountain-kcm-1/
1845,TierPoint Kansas City,TierPoint,Colocation,10801 N. Amity Avenue,Kansas City,64153,Missouri,39.2815705,-94.686535,https://www.datacentermap.com/usa/missouri/kansas-city-mo/cosentry2/
5773,LightEdge - Kansas City,LightEdge,Colocation,9050 NE Underground Dr.,Kansas City,64161,Missouri,39.1590191,-94.4713502,https://www.datacentermap.com/usa/missouri/kansas-city-mo/lightedge-solutions-data-center/
9014,1530 Swift,NOCIX,Colocation,1530 Swift St.,Kansas City,64116,Missouri,39.1373431,-94.57775819999999,https://www.datacentermap.com/usa/missouri/kansas-city-mo/1530-swift/
13891,SubTropolis Technology Center,Hunt Midwest,Colocation,8300 NE Underground Dr,Kansas City,64161,Missouri,39.15688942508717,-94.48099697644882,https://www.datacentermap.com/usa/missouri/kansas-city-mo/subtropolis-technology-center/
13685,Patmos Kansas City,"Patmos Hosting, Inc.",Colocation,1601 McGee St,Kansas City,64108,Missouri,39.0947391,-94.5793757,https://www.datacentermap.com/usa/missouri/kansas-city-mo/patmos-kansas-city/
752,Netrality - 1102 Grand Ave,Netrality,Colocation,1102 Grand Ave.,Kansas City,64106,Missouri,39.101053,-94.580865,https://www.datacentermap.com/usa/missouri/kansas-city-mo/1102-grand/
10056,Rackspace Kansas City,Rackspace Hosting,Colocation,10828 NW Airworld Drive,Kansas City,64153,Missouri,39.2905853,-94.6759587,https://www.datacentermap.com/usa/missouri/kansas-city-mo/rackspace-kansas-city/
11126,Edged Kansas City,Edged Energy,Colocation,3420 N Arlington Ave,Kansas City,64161,Missouri,39.1567838,-94.46407789999999,https://www.datacentermap.com/usa/missouri/kansas-city-mo/edged-kansas-city/
10362,Cogent Data Center - Kansas City,"Cogent Communications, Inc.",Colocation,101 Holmes St,Kansas City,64106,Missouri,39.1126169,-94.5763612,https://www.datacentermap.com/usa/missouri/kansas-city-mo/cogent-data-center-kansas-city/
1854,Joes Datacenter,"Joes Datacenter, LLC",Colocation,1325 Tracy Ave,Kansas City,64106,Missouri,39.0971892,-94.5672284,https://www.datacentermap.com/usa/missouri/kansas-city-mo/joes-datacenter/
13692,Nebius Kansas City,Nebius,Colocation,1601 McGee St,Kansas City,64108,Missouri,39.0947391,-94.5793757,https://www.datacentermap.com/usa/missouri/kansas-city-mo/nebius-kansas-city/
11634,NOCIX Clay,NOCIX,Colocation,201 E 16th Ave,Kansas City,64116,Missouri,39.1374541,-94.5785776,https://www.datacentermap.com/usa/missouri/kansas-city-mo/nocix-clay/
11334,11155 N Airworld Dr,Lincoln Rackhouse,Colocation,11155 N Airworld Dr,Kansas City,64153,Missouri,39.2956805,-94.6740566,https://www.datacentermap.com/usa/missouri/kansas-city-mo/11155-n-airworld-dr/
10213,Windstream Kansas City,Windstream,Colocation,1201 Troost Ave,Kansas City,64106,Missouri,39.09886780000001,-94.5695958,https://www.datacentermap.com/usa/missouri/kansas-city-mo/windstream-kansas-city/
1733,Oak Tower,Unknown Company,Building,324 E 11th St,Kansas City,64106,Missouri,39.1012333,-94.5787877,https://www.datacentermap.com/usa/missouri/kansas-city-mo/oak-tower/
13543,Meta Kansas City - Building 1,Meta,Hyperscaler,1800 NW 128 St,Kansas City,64165,Missouri,39.32270498045392,-94.59795399688952,https://www.datacentermap.com/usa/missouri/kansas-city-mo/meta-kansas-city-building-1/
9997,Meta Kansas City Campus,Meta,Campus,1800 NW 128 St ,Kansas City,64165,Missouri,39.3223518,-94.5957146,https://www.datacentermap.com/usa/missouri/kansas-city-mo/meta-kansas-city-data-center/
5358,Lumen Kansas City 3,Lumen,Colocation,1212 E. 19th St,Kansas City,64108,Missouri,39.090489,-94.568288,https://www.datacentermap.com/usa/missouri/kansas-city-mo/level3-kansas-city3/
13545,Meta Kansas City - Building 3,Meta,Hyperscaler,1800 NW 128 St,Kansas City,64165,Missouri,39.32270498045392,-94.590882,https://www.datacentermap.com/usa/missouri/kansas-city-mo/meta-kansas-city-building-3/
1479,Lumen Kansas City,Lumen,Colocation,1111 Main St.,Kansas City,64105,Missouri,39.10071,-94.583158,https://www.datacentermap.com/usa/missouri/kansas-city-mo/level-3-kansas-city/
13544,Meta Kansas City - Building 2,Meta,Hyperscaler,1800 NW 128 St,Kansas City,64165,Missouri,39.32270498045392,-94.594426,https://www.datacentermap.com/usa/missouri/kansas-city-mo/meta-kansas-city-building-2/
5352,Lumen Jackson 1,Lumen,Colocation,111 E Capitol Street,Jackson,39201,Missouri,38.938459,-94.3900502,https://www.datacentermap.com/usa/missouri/kansas-city-mo/level3-jackson1/
5357,Lumen Kansas City,Lumen,Colocation,1100 Walnut Street,Kansas City,64105,Missouri,39.100553,-94.5824337,https://www.datacentermap.com/usa/missouri/kansas-city-mo/level3-kansas-city1/
977,Netrality - 900 Walnut,Netrality,Colocation,900 Walnut,St. Louis,63101,Missouri,38.625652,-90.194807,https://www.datacentermap.com/usa/missouri/st-louis/900-walnut/
1013,Netrality - 210 N Tucker,Netrality,Colocation,210 N Tucker,St. Louis,63101,Missouri,38.629055,-90.197717,https://www.datacentermap.com/usa/missouri/st-louis/210-n-tucker/
6427,TierPoint St. Louis-Walnut,TierPoint,Colocation,900 Walnut Street,St. Louis,63102,Missouri,38.6254446,-90.1952167,https://www.datacentermap.com/usa/missouri/st-louis/tierpoint-stlouis-walnut/
6426,TierPoint St. Louis-Olive,TierPoint,Colocation,1111 Olive St.,St. Louis,63101,Missouri,38.629757,-90.196398,https://www.datacentermap.com/usa/missouri/st-louis/tierpoint-stlouis-olive/
8711,H5 Data Centers St. Louis,H5 Data Centers,Colocation,710 N Tucker Blvd,St. Louis,63101,Missouri,38.6325981,-90.1956932,https://www.datacentermap.com/usa/missouri/st-louis/h5-st-louis/
10296,TierPoint St. Louis - Millpark,TierPoint,Colocation,2315 Millpark Drive,Maryland Heights,63043,Missouri,38.700045,-90.411022,https://www.datacentermap.com/usa/missouri/st-louis/tierpoint-st-louis-millpark1/
2906,Cybercon Data Center,Cybercon.com,Colocation,210 N. Tucker Blvd.,Saint Louis,63101,Missouri,38.628945,-90.197616,https://www.datacentermap.com/usa/missouri/st-louis/cybercon/
1605,Datotel Data Center,"Datotel, LLC",Colocation,710 North Tucker Blvd,St. Louis,63101,Missouri,38.6325547,-90.1957112,https://www.datacentermap.com/usa/missouri/st-louis/datotel/
12030,TierPoint St Louis - Locust,TierPoint,Colocation,2300 Locust St,St. Louis,63103,Missouri,38.633537,-90.21266969999999,https://www.datacentermap.com/usa/missouri/st-louis/tierpoint-st-louis-locust/
878,The Globe Building,The Globe Building,Building,710 North Tucker Blvd,St. Louis,63101,Missouri,38.632503,-90.19645,https://www.datacentermap.com/usa/missouri/st-louis/globe-building/
12761,Cogent Data Center - St. Louis,"Cogent Communications, Inc.",Colocation,1925 Chouteau Ave,St Louis,63103,Missouri,38.6212237,-90.2120018,https://www.datacentermap.com/usa/missouri/st-louis/cogent-data-center-st-louis/
11106,Hostirian St. Louis,Hostirian,Colocation,11756 Borman Drive,St. Louis,63146,Missouri,38.69461933654429,-90.43237057488759,https://www.datacentermap.com/usa/missouri/st-louis/hostirian-st-louis/
4743,Contegix St Louis,Contegix,Colocation,210 North Tucker,Saint Louis,63101,Missouri,38.629055,-90.197717,https://www.datacentermap.com/usa/missouri/st-louis/contegix/
1199,Verizon St. Louis #2,Verizon Communications Inc.,Colocation,2020 Westport Center Dr,Maryland Heights,63146,Missouri,38.6931043,-90.4203559,https://www.datacentermap.com/usa/missouri/st-louis/xo-st-louis2/
1443,Lumen St. Louis 1,Lumen,Colocation,1015 Locust Street,St. Louis,63101,Missouri,38.629962,-90.194445,https://www.datacentermap.com/usa/missouri/st-louis/level3-st-louis/
5473,Lumen St. Louis 2,Lumen,Colocation,900 Walnut Street,St Louis,63102,Missouri,38.625471,-90.195222,https://www.datacentermap.com/usa/missouri/st-louis/level3-st-louis2/
2095,LightEdge - Saint Louis,LightEdge,Colocation,210 N. Tucker Blvd,Saint Louis,63141,Missouri,38.6293006,-90.1971591,https://www.datacentermap.com/usa/missouri/st-louis/connectria/
6417,Bluebird Underground,Bluebird Network,Colocation,1904 N LeCompte,Springfield,65802,Missouri,37.23119970779098,-93.21257829666138,https://www.datacentermap.com/usa/missouri/springfield-mo/bluebird-underground/
6931,Orion Data Centers,Orion Data Centers,Colocation,500 E Walnut Street,Columbia,65201,Missouri,38.9523428,-92.3314301,https://www.datacentermap.com/usa/missouri/columbia/orion-data-centers/
5311,Lumen Columbia 1,Lumen,Colocation,3201 Falling Leaf Ct,Columbia,65201,Missouri,38.914977,-92.296229,https://www.datacentermap.com/usa/missouri/columbia/level3-columbia1/
4314,ISG Columbia,ISG Technology,Colocation,2500 N Stadium,Columbia,65203,Missouri,38.9817301,-92.3709146,https://www.datacentermap.com/usa/missouri/columbia/isg-columbia/
1226,56 Marietta Street (ATL13),Digital Realty,Colocation,56 Marietta Street,Atlanta,30303,Georgia,33.7554561,-84.3915303,https://www.datacentermap.com/usa/georgia/atlanta/telx-atlanta/
8853,Centersquare - Atlanta ATL1-D,Centersquare,Colocation,375 Riverside Pkwy,Lithia Springs,30122,Georgia,33.7437843,-84.581499,https://www.datacentermap.com/usa/georgia/atlanta/evoque-atl1/
7829,250 Williams St NW (ATL14),Digital Realty,Colocation,250 Williams Street NW,Atlanta,30303,Georgia,33.7616045,-84.3913965,https://www.datacentermap.com/usa/georgia/atlanta/250-williams-st-nw/
982,101 Aquila Way (ATL11),Digital Realty,Colocation,101 Aquila Way,Austell,30122,Georgia,33.746556,-84.58025,https://www.datacentermap.com/usa/georgia/atlanta/101-aquila-way/
6936,Flexential Atlanta - Alpharetta Data Center,Flexential,Colocation,12655 Edison Drive,Alpharetta,30005,Georgia,34.0870177,-84.2515969,https://www.datacentermap.com/usa/georgia/atlanta/flexential-atlanta/
856,Flexential Atlanta - Norcross Data Center,Flexential,Colocation,2775 Northwoods Parkway NW,Norcross,30071,Georgia,33.955231,-84.199134,https://www.datacentermap.com/usa/georgia/atlanta/flexential-norcross/
10072,Hivelocity - Atlanta 2,Hivelocity,Colocation,250 Williams Street NW,Atlanta,30303,Georgia,33.7615051,-84.3914096,https://www.datacentermap.com/usa/georgia/atlanta/hivelocity-atlanta-2/
8814,Flexential Atlanta - Douglasville 1 Data Center,Flexential,Colocation,1700 N. River Rd,Douglasville,30122,Georgia,33.7215282,-84.611505,https://www.datacentermap.com/usa/georgia/atlanta/flexential-atlanta-douglasville/
11705,760 Doug Davis Drive (ATL12),Digital Realty,Colocation,760 Doug Davis Dr,Atlanta,30354,Georgia,33.6572025,-84.4151909,https://www.datacentermap.com/usa/georgia/atlanta/760-doug-davis-drive-atl12/
11295,Flexential Atlanta - Douglasville 2 Data Center,Flexential,Colocation,1750 N. River Rd.,Douglasville,30122,Georgia,33.7324793,-84.6138718,https://www.datacentermap.com/usa/georgia/atlanta/flexential-atlanta-douglasville-2-data-center/
11550,10 Forsyth Street NW,Digital Realty,Colocation,10 Forsyth St NW,Atlanta,30303,Georgia,33.755232,-84.392026,https://www.datacentermap.com/usa/georgia/atlanta/10-forsyth-street-nw/
14640,Fort Gillem (ATL15),Digital Realty,Colocation,Anvil Block Rd,Forest Park,30297,Georgia,33.620375,-84.3262363,https://www.datacentermap.com/usa/georgia/atlanta/fort-gillem-atl15/
14641,Fort Gillem (ATL16),Digital Realty,Colocation,Anvil Block Rd,Forest Park,30297,Georgia,33.620375,-84.3262363,https://www.datacentermap.com/usa/georgia/atlanta/fort-gillem-atl16/
8900,CoreSite Atlanta (AT2),CoreSite,Colocation,1130 Powers Ferry Place,Marietta,30067,Georgia,33.92542846315679,-84.48159144047548,https://www.datacentermap.com/usa/georgia/atlanta/coresite-at2/
3649,Centersquare - Atlanta ATL1-A,Centersquare,Colocation,375 Riverside Parkway,Lithia Springs,30122,Georgia,33.74388140098229,-84.58136916160583,https://www.datacentermap.com/usa/georgia/atlanta/cyxtera-atl1/
1855,Evocative ATL1,Evocative Data Centers,Colocation,250 Williams Street,Atlanta,30303,Georgia,33.7609826,-84.3905599,https://www.datacentermap.com/usa/georgia/atlanta/internap-acs/
9036,Equinix AT4,Equinix,Colocation,450 Interstate North Parkway,Atlanta,30339,Georgia,33.89564961522844,-84.45311301237552,https://www.datacentermap.com/usa/georgia/atlanta/equinix-at4/
9764,T5 Data Centers - T5@Atlanta 1,T5 Data Centers,Colocation,1456 Trae Ln,Lithia Springs,30122,Georgia,33.763433,-84.60498,https://www.datacentermap.com/usa/georgia/atlanta/t5-data-centers-t5atlanta/
8899,CoreSite Atlanta (AT1),CoreSite,Colocation,55 Marietta Street NW,Atlanta,30303,Georgia,33.7559437,-84.3911017,https://www.datacentermap.com/usa/georgia/atlanta/coresite-at1/
6525,H5 Data Centers Atlanta,H5 Data Centers,Colocation,345 Courtland St. NE,Atlanta,30308,Georgia,33.7651383,-84.3837307,https://www.datacentermap.com/usa/georgia/atlanta/h5dc-atlanta/
6741,CleanSpark College Park,CleanSpark,Enterprise,2380 Godby Rd,College Park,30349,Georgia,33.614673,-84.467412,https://www.datacentermap.com/usa/georgia/atlanta/virtual-citadel/
1608,Atlanta Data Center,"Tulix Systems, Inc.",Colocation,55 Marietta St NW,Atlanta,30303,Georgia,33.755562,-84.391101,https://www.datacentermap.com/usa/georgia/atlanta/atlanta-data-center/
725,DataBank ATL2 - Atlanta West End,DataBank,Colocation,1100 White St SW,Atlanta,30310,Georgia,33.7338896,-84.4257281,https://www.datacentermap.com/usa/georgia/atlanta/atlanta-nap/
9003,JMF IXP Farm Columbus,JMF Solutions Inc,Colocation,8 Corporate Ridge pkwy,Columbus,31907,Georgia,32.49822738,-84.88354903,https://www.datacentermap.com/usa/georgia/atlanta/ixp-farm-columbus/
9767,Serverfarm ATL1,Serverfarm,Colocation,305 Satellite Blvd,Suwanee,30024,Georgia,34.0360702,-84.0638379,https://www.datacentermap.com/usa/georgia/atlanta/serverfarm-atl1/
9542,EdgeConneX Atlanta - ATL02,EdgeConneX,Colocation,1101 Donnelly Avenue,Atlanta,30310,Georgia,33.731803,-84.4235854,https://www.datacentermap.com/usa/georgia/atlanta/edgeconnex-atl02/
1188,Cogent Data Center - Atlanta 1,"Cogent Communications, Inc.",Colocation,55 Marietta St NW,Atlanta,30303,Georgia,33.755562,-84.391101,https://www.datacentermap.com/usa/georgia/atlanta/cogent-atlanta/
9177,DataBank ATL3 - Atlanta West End,DataBank,Colocation,1150 White St SW,Atlanta,30310,Georgia,33.734292,-84.4265873,https://www.datacentermap.com/usa/georgia/atlanta/databank-atl3/
10095,QTS Atlanta 1 DC1,QTS Data Centers,Colocation,1025 Jefferson Street NW,Atlanta,30318,Georgia,33.775935,-84.41953099999999,https://www.datacentermap.com/usa/georgia/atlanta/qts-atlanta-metro-dc2/
9176,DataBank ATL1 - Midtown Atlanta,DataBank,Colocation,760 W Peachtree St NW,Atlanta,30308,Georgia,33.77543,-84.38776,https://www.datacentermap.com/usa/georgia/atlanta/databank-atl1/
9037,Equinix AT5,Equinix,Colocation,2836 Peterson Place Northwest,Norcross,30071,Georgia,33.938966547098,-84.22729210935526,https://www.datacentermap.com/usa/georgia/atlanta/equinix-at5/
6848,365 Data Centers -  Smyrna,365 Data Centers,Colocation,5600 United Drive,Smyrna,30082,Georgia,33.8411525,-84.5223745,https://www.datacentermap.com/usa/georgia/atlanta/sungardas-smyrna/
11118,Edged Atlanta ATL1,Edged Energy,Colocation,1800 Tilford Yard,Atlanta,30318,Georgia,33.802753,-84.448926,https://www.datacentermap.com/usa/georgia/atlanta/edged-atl1/
10094,QTS Suwanee 1 DC2,QTS Data Centers,Colocation,120 Satellite Boulevard,Suwanee,30024,Georgia,34.0370725,-84.05762879999999,https://www.datacentermap.com/usa/georgia/atlanta/qts-atlanta-suwanee-dc-2/
11119,Edged Atlanta ATL2,Edged Energy,Colocation,1800 Tilford Yard,Atlanta,30318,Georgia,33.80392749336552,-84.45115423604719,https://www.datacentermap.com/usa/georgia/atlanta/edged-atl2/
11120,Edged Atlanta ATL3,Edged Energy,Colocation,1800 Tilford Yard,Atlanta,30318,Georgia,33.80545660256504,-84.45241170893839,https://www.datacentermap.com/usa/georgia/atlanta/edged-atl3/
925,55 Marietta Street,"Principal Real Estate Partners, LLC",Building,55 Marietta Street,Atlanta,30303,Georgia,33.755807,-84.391066,https://www.datacentermap.com/usa/georgia/atlanta/55-marietta/
10077,DC BLOX Atlanta West,DC BLOX Inc.,Colocation,1701 North River Road,Lithia Springs,30122,Georgia,33.73398600000001,-84.61522599999999,https://www.datacentermap.com/usa/georgia/atlanta/dc-blox-atlanta-west/
4826,Equinix AT1,Equinix,Colocation,180 Peachtree Street NW,Atlanta,30303,Georgia,33.7585633,-84.3877746,https://www.datacentermap.com/usa/georgia/atlanta/equinix-at1/
890,QTS Suwanee 1 DC1,QTS Data Centers,Colocation,300 Satellite Blvd,Suwanee,30024,Georgia,34.035639,-84.062542,https://www.datacentermap.com/usa/georgia/atlanta/qts-suwanee/
7613,ColoCrossing GA1,ColoCrossing,Colocation,34 Peachtree Street,Atlanta,30303,Georgia,33.7549598,-84.3898518,https://www.datacentermap.com/usa/georgia/atlanta/colocrossing-ga1/
9880,T5 Data Centers - T5@Atlanta Campus,T5 Data Centers,Campus,1456 Trae Ln,Lithia Springs,30122,Georgia,33.763433,-84.60498,https://www.datacentermap.com/usa/georgia/atlanta/t5-data-centers-t5atlanta-campus/
4113,Lunavi Atlanta,Lunavi,Colocation,180 Peachtree Street,Atlanta,30303,Georgia,33.7584791,-84.3877669,https://www.datacentermap.com/usa/georgia/atlanta/at1/
9668,DataBank ATL5 - Lithia Springs,DataBank,Colocation,4764 Bakers Ferry Rd SW,Lithia Springs,30122,Georgia,33.7473877,-84.5403005,https://www.datacentermap.com/usa/georgia/atlanta/databank-atl5-lithia-springs/
2656,Intero Systems Data Center,Intero Systems,Colocation,1800 Phoenix Blvd,College Park,30349,Georgia,33.6137447,-84.4472439,https://www.datacentermap.com/usa/georgia/atlanta/intero-systems/
14077,Data Canopy - Atlanta,Data Canopy,Colocation,2480 Rock House Rd,Lithia Springs,30122,Georgia,33.7421904,-84.5963842,https://www.datacentermap.com/usa/georgia/atlanta/data-canopy-atlanta/
10351,Cogent Data Center - Atlanta 2,"Cogent Communications, Inc.",Colocation,1190 Allene Ave SW,Atlanta,30310,Georgia,33.722413,-84.41256899999999,https://www.datacentermap.com/usa/georgia/atlanta/cogent-data-center-atlanta-2/
11117,Edged Atlanta Campus,Edged Energy,Campus,1800 Tilford Yard,Atlanta,30318,Georgia,33.8077378,-84.45126479999999,https://www.datacentermap.com/usa/georgia/atlanta/edged-atlanta-campus/
891,QTS Atlanta-Metro DC 1,QTS Data Centers,Colocation,1033 Jefferson St,Atlanta,30319,Georgia,33.775596,-84.420384,https://www.datacentermap.com/usa/georgia/atlanta/qts-atlanta/
5676,EdgeConneX Atlanta - EDCATL01,EdgeConneX,Colocation,1003 Donnelly Ave SW,Atlanta,30310,Georgia,33.729469,-84.420271,https://www.datacentermap.com/usa/georgia/atlanta/edgeconnex-edcatl01/
9667,DataBank ATL4 - South Fulton,DataBank,Colocation,200 Selig Dr SW,South Fulton,30336,Georgia,33.7504201,-84.5482033,https://www.datacentermap.com/usa/georgia/atlanta/databank-atl4-south-fulton/
10078,DC BLOX Atlanta East,DC BLOX Inc.,Colocation,1726 Farmer Road,Conyers,30012,Georgia,33.6913989,-84.047062,https://www.datacentermap.com/usa/georgia/atlanta/dc-blox-atlanta-east/
9876,T5 Data Centers - T5@Atlanta 2,T5 Data Centers,Colocation,1456 Trae Ln,Lithia Springs,30122,Georgia,33.763433,-84.60498,https://www.datacentermap.com/usa/georgia/atlanta/t5-data-centers-t5atlanta-2/
9877,T5 Data Centers - T5@Atlanta 3,T5 Data Centers,Colocation,1456 Trae Ln,Lithia Springs,30122,Georgia,33.763433,-84.60498,https://www.datacentermap.com/usa/georgia/atlanta/t5-data-centers-t5atlanta-3/
13165,Microsoft Douglasville Campus,Microsoft,Campus,1601 N River Rd,Lithia Springs,30122,Georgia,33.73168957638032,-84.62256828239784,https://www.datacentermap.com/usa/georgia/atlanta/microsoft-douglasville-campus/
14442,CleanSpark Norcross,CleanSpark,Enterprise,5295 Brook Hollow Pkwy,Norcross,30071,Georgia,33.9277089,-84.1855738,https://www.datacentermap.com/usa/georgia/atlanta/cleanspark-norcross/
14662,DataBank ATL6 - Lithia Springs,DataBank,Colocation,4764 Bakers Ferry Rd SW,Atlanta,30336,Georgia,33.7473711,-84.5402917,https://www.datacentermap.com/usa/georgia/atlanta/databank-atl6-lithia-springs/
9879,T5 Data Centers - T5@Atlanta 5,T5 Data Centers,Colocation,1456 Trae Ln,Lithia Springs,30122,Georgia,33.763433,-84.60498,https://www.datacentermap.com/usa/georgia/atlanta/t5-data-centers-t5atlanta-5/
9878,T5 Data Centers - T5@Atlanta 4,T5 Data Centers,Colocation,1456 Trae Ln,Lithia Springs,30122,Georgia,33.763433,-84.60498,https://www.datacentermap.com/usa/georgia/atlanta/t5-data-centers-t5atlanta-4/
4115,Peachtree Data Center,Unknown Company,Building,180 Peachtree Street,Atlanta,30303,Georgia,33.7593202,-84.3883355,https://www.datacentermap.com/usa/georgia/atlanta/peachtree-datacenter/
9827,Volico Atlanta,Volico Data Center,Colocation,55 Marietta St,Atlanta,30303,Georgia,33.7554648,-84.3914602,https://www.datacentermap.com/usa/georgia/atlanta/volico-atl1/
13826,Prologis Project Sail,Prologis,Campus,Welcome To Sargent Rd & Wagers Mill Rd,Sargent,30263,Georgia,33.43401541699367,-84.87679274104754,https://www.datacentermap.com/usa/georgia/atlanta/project-sail/
10096,QTS Atlanta-Fayetteville,QTS Data Centers,Colocation,1435 Hwy 54 W,Fayetteville,30214,Georgia,33.447514,-84.5222234,https://www.datacentermap.com/usa/georgia/atlanta/qts-atlanta-fayetteville/
13166,Microsoft Douglasville - Building 1,Microsoft,Hyperscaler,1601 N River Rd,Lithia Springs,30122,Georgia,33.72986524426799,-84.62339834651583,https://www.datacentermap.com/usa/georgia/atlanta/microsoft-douglasville-building-1/
12742,STACK Infrastructure ATL02,STACK INFRASTRUCTURE,Colocation,808 Factory Shoals Rd,Lithia Springs,30122,Georgia,33.7601809,-84.6015135,https://www.datacentermap.com/usa/georgia/atlanta/stack-infrastructure-atl02/
10261,Coloblox Marietta Data Center,Coloblox,Colocation,2812 Spring Rd SE,Atlanta,30339,Georgia,33.8839421,-84.472222,https://www.datacentermap.com/usa/georgia/atlanta/coloblox-marietta-data-center/
13168,Microsoft Douglasville - Building 3,Microsoft,Hyperscaler,1601 N River Rd,Lithia Springs,30122,Georgia,33.73227436512816,-84.62108091803631,https://www.datacentermap.com/usa/georgia/atlanta/microsoft-douglasville-building-3/
13167,Microsoft Douglasville - Building 2,Microsoft,Hyperscaler,1601 N River Rd,Lithia Springs,30122,Georgia,33.73095381836605,-84.62273315871153,https://www.datacentermap.com/usa/georgia/atlanta/microsoft-douglasville-building-2/
13169,Microsoft Douglasville - Building 4,Microsoft,Hyperscaler,1601 N River Rd,Lithia Springs,30122,Georgia,33.73325583942093,-84.62090925666745,https://www.datacentermap.com/usa/georgia/atlanta/microsoft-douglasville-building-4/
10025,Google Douglas County Campus,Google,Hyperscaler,300 Riverside Pkwy,Lithia Springs,30122,Georgia,33.751151,-84.5859079,https://www.datacentermap.com/usa/georgia/atlanta/google-douglas-county/
3175,Performive Atlanta Data Center 1,Performive,Colocation,55 Marietta,Atlanta,30303,Georgia,33.755807,-84.391066,https://www.datacentermap.com/usa/georgia/atlanta/colo-at-55/
2161,Windstream Atlanta,Windstream,Colocation,1593 NE Expressway,Atlanta,30329,Georgia,33.801177,-84.3882836,https://www.datacentermap.com/usa/georgia/atlanta/nuvox-atlanta/
3173,Performive Atlanta Data Center 2,Performive,Colocation,34 Peachtree St.,Atlanta,30303,Georgia,33.7547618,-84.3896734,https://www.datacentermap.com/usa/georgia/atlanta/colo-at-34/
7717,Switch The KEEP Campus - Building 1,Switch,Colocation,1 Switch Way,Lithia Springs,30122,Georgia,33.7549798,-84.5873395,https://www.datacentermap.com/usa/georgia/atlanta/switch-atlanta/
13825,Project Sassy,Atlas Development LLC,Campus,Plainville Road NE & Hwy 53,Rome,30165,Georgia,34.37503987476282,-85.04447666239057,https://www.datacentermap.com/usa/georgia/atlanta/project-sassy/
14111,Project Bunkhouse,Unknown Company,Campus,Taff Road,Taylorsville,30178,Georgia,34.09683300742312,-84.91408744306813,https://www.datacentermap.com/usa/georgia/atlanta/project-bunkhouse/
12960,Serverfarm Atlanta Data Center Liquid Cooling ATL2,Serverfarm,Colocation,10835 Hazelbrand Rd NE,Covington,30014,Georgia,33.6218526,-83.8161215,https://www.datacentermap.com/usa/georgia/atlanta/serverfarm-atl2/
14055,Amazon AWS - 2250 Rockhouse Rd,Amazon AWS,Hyperscaler,2250 Rock House Rd,Lithia Springs,30122,Georgia,33.74469000000001,-84.597578,https://www.datacentermap.com/usa/georgia/atlanta/2250-rockhouse-rd/
12138,T5 Data Centers - T5@Atlanta IV,T5 Data Centers,Colocation,Gullatt Road,Fairburn,30268,Georgia,33.4913318,-84.6590348,https://www.datacentermap.com/usa/georgia/atlanta/t5-data-centers-atl-iv/
12844,Ardent Georgia,Ardent Data Centers,Colocation,Twin Mill Dr,Maysville,30558,Georgia,34.2458783,-83.5440769,https://www.datacentermap.com/usa/georgia/atlanta/ardent-georgia/
14054,Amazon AWS - 7800 W Strickland St,Amazon AWS,Hyperscaler,7800 W Strickland St,Douglasville,30134,Georgia,33.7429835,-84.7813102,https://www.datacentermap.com/usa/georgia/atlanta/7800-w-strickland-st/
12335,Microsoft Union City Campus,Microsoft,Campus,4810 Stonewall Tell Rd,Union City,30349,Georgia,33.62435349442588,-84.55762800785715,https://www.datacentermap.com/usa/georgia/atlanta/microsoft-union-city/
9991,Meta Stanton Springs Campus,Meta,Campus,100 Move Fast Way,Social Circle,30025,Georgia,33.6015196,-83.700981,https://www.datacentermap.com/usa/georgia/atlanta/meta-stanton-springs-data-center/
12934,Amazon AWS - Rock House Road,Amazon AWS,Hyperscaler,2335 Echo Rd,Lithia Springs,30122,Georgia,33.7418811,-84.602074,https://www.datacentermap.com/usa/georgia/atlanta/amazon-aws-rock-house-road/
12051,Microsoft Palmetto,Microsoft,Hyperscaler,8527 Williams Rd,Palmetto,30268,Georgia,33.52280781579498,-84.62683235515048,https://www.datacentermap.com/usa/georgia/atlanta/microsoft-palmetto/
14009,PwC Lithia Springs,PwC,Enterprise,2480 Rock House Rd,Lithia Springs,30122,Georgia,33.74208739172617,-84.59651263360203,https://www.datacentermap.com/usa/georgia/atlanta/pwc-lithia-springs/
13163,Microsoft Union City - Building 2,Microsoft,Hyperscaler,4810 Stonewall Tell Rd,Union City,30349,Georgia,33.62580081276765,-84.56108131010873,https://www.datacentermap.com/usa/georgia/atlanta/microsoft-union-city-building-2/
11488,40 Perimeter Center E,Lincoln Rackhouse,Colocation,40 Perimeter Center E,Atlanta,30338,Georgia,33.9265002,-84.3265121,https://www.datacentermap.com/usa/georgia/atlanta/40-perimeter-center-e/
12033,Vantage Westlake,Vantage Data Centers,Colocation,Plummer Rd SW & Riverside Dr SW,South Fulton,30336,Georgia,33.70922513950832,-84.58426420217081,https://www.datacentermap.com/usa/georgia/atlanta/vantage-westlake/
12034,Vantage College Park,Vantage Data Centers,Colocation,4380 Stacks Rd,College Park,30349,Georgia,33.6047185,-84.5321879,https://www.datacentermap.com/usa/georgia/atlanta/vantage-college-park/
13162,Microsoft Union City - Building 1,Microsoft,Hyperscaler,4810 Stonewall Tell Rd,Union City,30349,Georgia,33.62560429541953,-84.55791626940244,https://www.datacentermap.com/usa/georgia/atlanta/microsoft-union-city-building-1/
13164,Microsoft Union City - Building 3,Microsoft,Hyperscaler,4810 Stonewall Tell Rd,Union City,30349,Georgia,33.62748031337329,-84.55773391340593,https://www.datacentermap.com/usa/georgia/atlanta/microsoft-union-city-building-3/
4828,Equinix AT3,Equinix,Colocation,56 Marietta Street NW,Atlanta,30305,Georgia,33.7554648,-84.3914602,https://www.datacentermap.com/usa/georgia/atlanta/equinix-at3/
4827,Equinix AT2,Equinix,Colocation,56 Marietta Street NW,Atlanta,30305,Georgia,33.7554648,-84.3914602,https://www.datacentermap.com/usa/georgia/atlanta/equinix-at2/
9490,Lumen College Park,Lumen,Colocation,4311 Best Rd,College Park,30337,Georgia,33.6375708,-84.458532,https://www.datacentermap.com/usa/georgia/atlanta/lumen-college-park/
14039,Microsoft Project Rita Campus,Microsoft,Campus,1960-2044 Georgia State Route 74,Tyrone,30290,Georgia,33.518186,-84.578005,https://www.datacentermap.com/usa/georgia/atlanta/microsoft-project-rita-campus/
14309,Avemore Data Park,Atlas Development LLC,Campus,55-63 Goldworth Rd,Villa Rica,30180,Georgia,33.7048622,-84.9397347,https://www.datacentermap.com/usa/georgia/atlanta/avemore-data-park/
1649,470 Exchange,Facility Gateway Corporation,Colocation,470 East Paces Ferry Road,Atlanta,30327,Georgia,33.839281,-84.372804,https://www.datacentermap.com/usa/georgia/atlanta/470-exchange/
14112,Gregory Road Data Center,Unknown Company,Campus,Gregory Road,Covington,30014,Georgia,33.6443607,-83.8114506,https://www.datacentermap.com/usa/georgia/atlanta/gregory-road-data-center/
14344,Project Gracie,Atlas Development LLC,Campus,Vann Rd NW,Rome,30165,Georgia,34.26683,-85.29861,https://www.datacentermap.com/usa/georgia/atlanta/project-gracie/
12743,TA Realty ATL03,TA Realty,Campus,7170 Red Oak Rd,Union City,30291,Georgia,33.563092,-84.51279699999999,https://www.datacentermap.com/usa/georgia/atlanta/ta-realty-atl03/
12744,TA Realty - 4350 E Tanners Church,TA Realty,Colocation,4350 E Tanners Church Rd,Ellenwood,30294,Georgia,33.63739899999999,-84.304289,https://www.datacentermap.com/usa/georgia/atlanta/ta-realty-4350-e-tanners-church/
14052,Switch Atlanta North - The KEEP 2.0,Switch,Colocation,151 Etowah Ridge Trail SE,Cartersville,30120,Georgia,34.10738307071782,-84.80220272639676,https://www.datacentermap.com/usa/georgia/atlanta/switch-the-keep-20/
14862,Spalding Investments LLC,Unknown Company,Campus,High Falls Rd & South McDonough Rd,Griffin,30223,Georgia,33.24196498855439,-84.19537392734922,https://www.datacentermap.com/usa/georgia/atlanta/spalding-investments-llc/
10954,Southern Telecom Atlanta,Southern Telecom,Colocation,270 Peachtree St,Atlanta,30303,Georgia,33.7618627,-84.38782619999999,https://www.datacentermap.com/usa/georgia/atlanta/southern-telecom-atlanta/
14744,GrindCap Marietta DC-1,Grind Capital Group,Colocation,1751 Bells Ferry Rd,Marietta,30066,Georgia,33.9952631,-84.5542662,https://www.datacentermap.com/usa/georgia/atlanta/grindcap-marietta-dc-1/
14745,GrindCap Marietta DC-2,Grind Capital Group,Colocation,1751 Bells Ferry Rd,Marietta,30066,Georgia,33.9947076,-84.5524466,https://www.datacentermap.com/usa/georgia/atlanta/grindcap-marietta-dc-2/
14041,Microsoft Project Rita - Building 2,Microsoft,Hyperscaler,1960 Georgia State Route 74,Tyrone,30290,Georgia,33.515862,-84.578082,https://www.datacentermap.com/usa/georgia/atlanta/microsoft-project-rita-building-2/
14040,Microsoft Project Rita - Building 1,Microsoft,Hyperscaler,2044 Georgia State Route 74,Tyrone,30290,Georgia,33.5205,-84.57796,https://www.datacentermap.com/usa/georgia/atlanta/microsoft-project-rita-building-1/
1461,Lumen Atlanta,Lumen,Colocation,345 Courtland St NE,Atlanta,30308,Georgia,33.765095,-84.384112,https://www.datacentermap.com/usa/georgia/atlanta/level3-atlanta1/
5324,Lumen Doraville 1,Lumen,Colocation,6855 Cresecent Drive,Atlanta,30340,Georgia,33.907965,-84.23604,https://www.datacentermap.com/usa/georgia/atlanta/level3-dorabille1/
1463,Lumen Atlanta 2,Lumen,Colocation,"180 Peachtree St., N.W.",Atlanta,30303,Georgia,33.758378,-84.387582,https://www.datacentermap.com/usa/georgia/atlanta/level3-atlanta2/
5284,Lumen Atlanta 6,Lumen,Colocation,874 Dekalb Avenue,Atlanta,30307,Georgia,33.754769,-84.358774,https://www.datacentermap.com/usa/georgia/atlanta/level3-atlanta6/
1192,Verizon Atlanta,Verizon Communications Inc.,Colocation,4000 Highland Parkway SE,Smyrna,30082,Georgia,33.8291464,-84.5031309,https://www.datacentermap.com/usa/georgia/atlanta/xo-atlanta/
5283,Lumen Atlanta 5,Lumen,Colocation,953 Donnelly Ave SW,Atlanta,30310,Georgia,33.728589,-84.418857,https://www.datacentermap.com/usa/georgia/atlanta/level3-atlanta5/
14237,Bolingbroke Technology Campus - Bldg 6,"Bolingbroke Technology Center, LLC",Colocation,US Highway 41 & I-475,Macon,31210,Georgia,32.937419,-83.814401,https://www.datacentermap.com/usa/georgia/atlanta/bolingbroke-technology-campus-bldg-6/
14235,Bolingbroke Technology Campus - Bldg 4,"Bolingbroke Technology Center, LLC",Colocation,US Highway 41 & I-475,Macon,31210,Georgia,32.933939,-83.820542,https://www.datacentermap.com/usa/georgia/atlanta/bolingbroke-technology-campus-bldg-4/
14238,Bolingbroke Technology Campus - Bldg 7,"Bolingbroke Technology Center, LLC",Colocation,US Highway 41 & I-475,Macon,31210,Georgia,32.931761,-83.815458,https://www.datacentermap.com/usa/georgia/atlanta/bolingbroke-technology-campus-bldg-7/
14232,Bolingbroke Technology Campus - Bldg 1,"Bolingbroke Technology Center, LLC",Colocation,US Highway 41 & I-475,Macon,31210,Georgia,32.94043,-83.828284,https://www.datacentermap.com/usa/georgia/atlanta/bolingbroke-technology-campus-bldg-1/
14236,Bolingbroke Technology Campus - Bldg 5,"Bolingbroke Technology Center, LLC",Colocation,US Highway 41 & I-475,Macon,31210,Georgia,32.939672,-83.816901,https://www.datacentermap.com/usa/georgia/atlanta/bolingbroke-technology-campus-bldg-5/
14234,Bolingbroke Technology Campus - Bldg 3,"Bolingbroke Technology Center, LLC",Colocation,US Highway 41 & I-475,Macon,31210,Georgia,32.935866,-83.826482,https://www.datacentermap.com/usa/georgia/atlanta/bolingbroke-technology-campus-bldg-3/
14240,Bolingbroke Technology Campus - Bldg 9,"Bolingbroke Technology Center, LLC",Colocation,US Highway 41 & I-475,Macon,31210,Georgia,32.930256,-83.810763,https://www.datacentermap.com/usa/georgia/atlanta/bolingbroke-technology-campus-bldg-9/
14239,Bolingbroke Technology Campus - Bldg 8,"Bolingbroke Technology Center, LLC",Colocation,US Highway 41 & I-475,Macon,31210,Georgia,32.933191,-83.8122,https://www.datacentermap.com/usa/georgia/atlanta/bolingbroke-technology-campus-bldg-8/
14231,Bolingbroke Technology Campus,"Bolingbroke Technology Center, LLC",Campus,US Highway 41 & I-475,Macon,31210,Georgia,32.9363,-83.82183,https://www.datacentermap.com/usa/georgia/atlanta/bolingbroke-technology-campus/
14233,Bolingbroke Technology Campus - Bldg 2,"Bolingbroke Technology Center, LLC",Colocation,US Highway 41 & I-475,Macon,31210,Georgia,32.939597,-83.830691,https://www.datacentermap.com/usa/georgia/atlanta/bolingbroke-technology-campus-bldg-2/
8359,American Tower EDC Atlanta,American Tower Corporation,Colocation,2374 Fairburn Road Southwest,Atlanta,30303,Georgia,33.6900488,-84.51111759999999,https://www.datacentermap.com/usa/georgia/atlanta/atc-edge-data-atlanta/
14037,Meta Stanton Springs - Building 4,Meta,Hyperscaler,100 Move Fast Way,Social Circle,30025,Georgia,33.59949676234947,-83.69619986163161,https://www.datacentermap.com/usa/georgia/atlanta/meta-stanton-springs-building-4/
14046,Microsoft East Point (ATL06),Microsoft,Hyperscaler,4165 Ben Hill Rd,Atlanta,30349,Georgia,33.639239,-84.517141,https://www.datacentermap.com/usa/georgia/atlanta/microsoft-east-point-atl06/
14045,Microsoft East Point Campus,Microsoft,Campus,4165 Ben Hill Rd,Atlanta,30349,Georgia,33.641777,-84.517228,https://www.datacentermap.com/usa/georgia/atlanta/microsoft-east-point-campus/
14035,Meta Stanton Springs - Building 2,Meta,Hyperscaler,100 Move Fast Way,Social Circle,30025,Georgia,33.60069237800947,-83.70584100807238,https://www.datacentermap.com/usa/georgia/atlanta/meta-stanton-springs-building-2/
14034,Meta Stanton Springs - Building 1,Meta,Hyperscaler,100 Move Fast Way,Social Circle,30025,Georgia,33.6021274,-83.7048852,https://www.datacentermap.com/usa/georgia/atlanta/meta-stanton-springs-building-1/
14743,GrindCap Marietta Campus,Grind Capital Group,Campus,1751 Bells Ferry Rd,Marietta,30066,Georgia,33.9941647,-84.55364279999999,https://www.datacentermap.com/usa/georgia/atlanta/grindcap-marietta-campus/
13442,Google Douglas County Data Center 2,Google,Hyperscaler,300 Riverside Pkwy,Lithia Springs,30122,Georgia,33.75208919114918,-84.58692635674332,https://www.datacentermap.com/usa/georgia/atlanta/google-douglas-county-data-center-2/
13441,Google Douglas County Data Center 1,Google,Hyperscaler,300 Riverside Pkwy,Lithia Springs,30122,Georgia,33.749731,-84.58479969999999,https://www.datacentermap.com/usa/georgia/atlanta/google-douglas-county-data-center-1/
14036,Meta Stanton Springs - Building 3,Meta,Hyperscaler,100 Move Fast Way,Social Circle,30025,Georgia,33.60071025297702,-83.69746502073053,https://www.datacentermap.com/usa/georgia/atlanta/meta-stanton-springs-building-3/
14038,Meta Stanton Springs - Building 5,Meta,Hyperscaler,100 Move Fast Way,Social Circle,30025,Georgia,33.59799863246991,-83.69506729863743,https://www.datacentermap.com/usa/georgia/atlanta/meta-stanton-springs-building-5/
14047,Microsoft East Point (ATL07),Microsoft,Hyperscaler,4165 Ben Hill Rd,Atlanta,30349,Georgia,33.639917,-84.518458,https://www.datacentermap.com/usa/georgia/atlanta/microsoft-east-point-atl07/
14050,Switch The KEEP Campus - Building 3,Switch,Colocation,1 Switch Way,Lithia Springs,30122,Georgia,33.76035045108249,-84.59128079068275,https://www.datacentermap.com/usa/georgia/atlanta/switch-the-keep-building-3/
14048,Switch Atlanta - The KEEP Campus,Switch,Campus,1 Switch Way,Lithia Springs,30122,Georgia,33.7585771321922,-84.59003413338193,https://www.datacentermap.com/usa/georgia/atlanta/switch-the-keep-campus/
14049,Switch The KEEP Campus - Building 2,Switch,Colocation,1 Switch Way,Lithia Springs,30122,Georgia,33.757025,-84.58944600000001,https://www.datacentermap.com/usa/georgia/atlanta/switch-the-keep-building-2/
14051,Switch The KEEP Campus - Building 4,Switch,Colocation,1 Switch Way,Lithia Springs,30122,Georgia,33.76226181322791,-84.59332610238486,https://www.datacentermap.com/usa/georgia/atlanta/switch-the-keep-building-4/
14449,CleanSpark Washington,CleanSpark,Enterprise,197 Dixie Wood Rd,Washington,30673,Georgia,33.70713094529,-82.75170190339591,https://www.datacentermap.com/usa/georgia/washington-ga/cleanspark-washington/
3265,FOGO Solutions - Atlanta Region,FOGO Solutions,Colocation,340 Tom Reeve Drive,Carrollton,30117,Georgia,33.558856,-85.089087,https://www.datacentermap.com/usa/georgia/carrollton/atlanta-region/
6840,365 Data Centers -  Alpharetta,365 Data Centers,Colocation,11650 Great Oaks Way,Alpharetta,30022,Georgia,34.0576609,-84.2706266,https://www.datacentermap.com/usa/georgia/alpharetta/sungardas-alpharetta/
14010,1650 Union Hill Road,Strategic Datasphere,Datacenter,1650 Union Hill Rd,Alpharetta,30005,Georgia,34.09479503611276,-84.23574006692277,https://www.datacentermap.com/usa/georgia/alpharetta/1650-union-hill-road/
9601,STACK Infrastructure ATL01A,STACK INFRASTRUCTURE,Colocation,3200 Webb Bridge Rd,Alpharetta,30005,Georgia,34.0758701,-84.2641894,https://www.datacentermap.com/usa/georgia/alpharetta/stack-infrastructure-atl01a/
7412,Core Scientific Dalton,Core Scientific,Colocation,2205 Industrial South Rd,"Dalton, GA",30721,Georgia,34.7131193,-84.9514028,https://www.datacentermap.com/usa/georgia/dalton/core-scientific/
14452,CleanSpark Dalton 2,CleanSpark,Enterprise,1850 Abutment Rd,Dalton,30721,Georgia,34.7341275,-84.9629697,https://www.datacentermap.com/usa/georgia/dalton/cleanspark-dalton-2/
14451,CleanSpark Dalton 1,CleanSpark,Enterprise,1022 Enterprise Dr,Dalton,30721,Georgia,34.6985069,-84.9500417,https://www.datacentermap.com/usa/georgia/dalton/cleanspark-dalton-1/
14113,Project Splice,Unknown Company,Campus,Old Nesbit Road & 13th Ave,Cordele,31015,Georgia,31.97154,-83.731085,https://www.datacentermap.com/usa/georgia/columbus-ga/project-splice/
12048,Form8tion LaGrange,Form8tion Data Centers,Colocation,411 Pegasus Parkway,LaGrange,30240,Georgia,32.984972,-85.055494,https://www.datacentermap.com/usa/georgia/columbus-ga/form8tion-lagrange/
11656,T5 Data Centers - T5@Augusta,T5 Data Centers,Colocation,2865 Gordon Hwy,Augusta,30909,Georgia,33.4387626,-82.15793719999999,https://www.datacentermap.com/usa/georgia/augusta/t5augusta/
14450,CleanSpark Sandersville,CleanSpark,Enterprise,2015 George J Lyons Pkwy,Sandersville,31082,Georgia,33.00214998108429,-82.83388958437858,https://www.datacentermap.com/usa/georgia/sandersville/cleanspark-sandersville/
8158,Ubiquity Edge Data Center,Ubiquity,Colocation,695 Brannen St,Statesboro,30461,Georgia,32.4325928,-81.7604578,https://www.datacentermap.com/usa/georgia/statesboro/edge-statesboro/
14453,CleanSpark Vidalia,CleanSpark,Enterprise,430 Davis Rd,Vidalia,30474,Georgia,32.23465538118385,-82.36405059765595,https://www.datacentermap.com/usa/georgia/vidalia/cleanspark-vidalia/
12500,Data Center West - Eugene,"Data Center West, Inc",Colocation,800 Willamette St,Eugene,97401,Oregon,44.0507104,-123.0931163,https://www.datacentermap.com/usa/oregon/eugene/data-center-west-eugene/
9494,Lumen Eugene 2,Lumen,Colocation,90470 Prairie Rd,Eugene,97402,Oregon,44.1183149,-123.1679134,https://www.datacentermap.com/usa/oregon/eugene/lumen-eugene/
5328,Lumen Eugene 1,Lumen,Colocation,1745 W. 5th Avenue,Eugene,97402,Oregon,44.0549859,-123.1197252,https://www.datacentermap.com/usa/oregon/eugene/level3-eugene1/
4052,3825 NW Aloclek Street (PDX10),Digital Realty,Colocation,3825 NW Aloclek Street,Hillsboro,97124,Oregon,45.547609,-122.892017,https://www.datacentermap.com/usa/oregon/portland/telx-prt1/
8265,Flexential Portland - Hillsboro 3 Data Center,Flexential,Colocation,5419 NE Starr Blvd,Hillsboro,97124,Oregon,45.5604163,-122.9376545,https://www.datacentermap.com/usa/oregon/portland/flexential-hillsboro3/
5908,Flexential Portland - Hillsboro 2 Data Center,Flexential,Colocation,5737 NE Huffman St.,Hillsboro,97124,Oregon,45.5570103,-122.9211116,https://www.datacentermap.com/usa/oregon/portland/flexential-hillsboro2/
2215,Flexential Portland - Hillsboro 1 Data Center,Flexential,Colocation,3935 NE Aloclek Place,Hillsboro,97124,Oregon,45.5479366,-122.8905744,https://www.datacentermap.com/usa/oregon/portland/flexential-hillsboro/
9549,Flexential Portland - Hillsboro 5 Data Center,Flexential,Colocation,4975 NE Starr Blvd,Hillsboro,97124,Oregon,45.5564705,-122.9393305,https://www.datacentermap.com/usa/oregon/portland/flexential-hillsboro5/
8125,6675 NE 62nd Ave (PDX11),Digital Realty,Colocation,6675 NE 62nd Ave,Hillsboro,97124,Oregon,45.5682887,-122.9186757,https://www.datacentermap.com/usa/oregon/portland/6675-ne-62nd/
8811,Flexential Portland - Hillsboro 4 Data Center,Flexential,Colocation,4915 NE Starr Blvd,Hillsboro,97124,Oregon,45.5557411,-122.9381594,https://www.datacentermap.com/usa/oregon/portland/flexential-hillsboro4/
8535,NTT Hillsboro HI1,NTT Global Data Centers,Colocation,4050 NE Evergreen Road,Hillsboro,97124,Oregon,45.5420700382405,-122.5564812763986,https://www.datacentermap.com/usa/oregon/portland/ntt-hillsboro-hi1/
562,Digital Fortress Portland 2,Digital Fortress,Colocation,9705 SW Sunshine Court,Beaverton,97005,Oregon,45.475963,-122.776797,https://www.datacentermap.com/usa/oregon/portland/easystreet-online-services/
3782,STACK Infrastructure POR02A,STACK INFRASTRUCTURE,Colocation,8135 NE Evergreen Pkwy,Hillsboro,97124,Oregon,45.547232,-122.897295,https://www.datacentermap.com/usa/oregon/portland/fortune-oregon/
821,Digital Fortress Portland 1,Digital Fortress,Colocation,511 SW 10th Ave.,Portland,97205,Oregon,45.5211578,-122.6817361,https://www.datacentermap.com/usa/oregon/portland/infinity-internet/
7300,Opus Interactive Hillsboro Datacenter,Opus Interactive,Colocation,8135 NE Evergreen Parkway,Hillsboro,97124,Oregon,45.54740496161695,-122.8979104757309,https://www.datacentermap.com/usa/oregon/portland/hillsboro-datacenter/
5884,Digital Fortress Portland 3,Digital Fortress,Colocation,9610 SW Sunshine Ct,Beaverton,97005,Oregon,45.4756998,-122.7760368,https://www.datacentermap.com/usa/oregon/portland/atmosera2/
9547,EdgeConneX Portland - EDCPOR02,EdgeConneX,Colocation,6297 NE Evergreen Pkwy,Hillsboro,97124,Oregon,45.5480153,-122.9059554,https://www.datacentermap.com/usa/oregon/portland/edgeconnex-por02/
8710,H5 Data Centers Portland,H5 Data Centers,Colocation,1233 NW 12th Ave,Portland,97209,Oregon,45.53169159999999,-122.6838871,https://www.datacentermap.com/usa/oregon/portland/h5-portland/
5543,EdgeConneX Portland - EDCPOR01,EdgeConneX,Colocation,6327 NW Evergreen Pkwy,Hillsboro,97124,Oregon,45.5513199,-122.914901,https://www.datacentermap.com/usa/oregon/portland/edcpor01/
11639,Crane PDX01,Crane Data Centers,Colocation,3975 Heather St,Forest Grove,97116,Oregon,45.5147593,-123.0778233,https://www.datacentermap.com/usa/oregon/portland/crane-portland/
3438,Opus Interactive Portland Datacenter,Opus Interactive,Colocation,1225 W Burnside Street,Portland,97209,Oregon,45.5230694,-122.6836521,https://www.datacentermap.com/usa/oregon/portland/opus-portland/
8830,Pittock Block,1547 Critical Systems Realty,Colocation,921 SW Washington St,Portland,97205,Oregon,45.5214429,-122.6805969,https://www.datacentermap.com/usa/oregon/portland/pittock-ix/
7099,QTS Hillsboro 1 DC1,QTS Data Centers,Colocation,4951 NE Huffman Street,Hillsboro,97124,Oregon,45.5585229,-122.9276464,https://www.datacentermap.com/usa/oregon/portland/qts-hillsboro/
12766,Cogent Data Center - Portland,"Cogent Communications, Inc.",Colocation,2953 NW St Helens Rd,Portland,97210,Oregon,45.5438301,-122.7219127,https://www.datacentermap.com/usa/oregon/portland/cogent-data-center-portland/
597,DTS-NET Portland,DTS-NET,Colocation,SW Stark Street,Portland,97205,Oregon,45.521146,-122.677773,https://www.datacentermap.com/usa/oregon/portland/lightpoint-colocation/
5340,DirectSpace Datacenter,DirectSpace Networks,Colocation,921 SW Washington St,Portland,97205,Oregon,45.5215316,-122.6806928,https://www.datacentermap.com/usa/oregon/portland/dsone/
10223,Windstream Portland,Windstream,Colocation,707 SW Washington St,Portland,97205,Oregon,45.5210556,-122.6791797,https://www.datacentermap.com/usa/oregon/portland/windstream-portland/
5434,Lumen Portland 2,Lumen,Colocation,707 SW Washington Avenue,Portland,97205,Oregon,45.5210017,-122.6792039,https://www.datacentermap.com/usa/oregon/portland/level3-portland2/
1421,Lumen Cedar Hills,Lumen,Colocation,14197 SW Millikan Way,Cedar Hills,97005,Oregon,45.493568,-122.822645,https://www.datacentermap.com/usa/oregon/portland/twtc-cedar-hills/
5433,Lumen Portland 1,Lumen,Colocation,1335 NEW Northrup Street,Portland,97209,Oregon,45.531553,-122.685371,https://www.datacentermap.com/usa/oregon/portland/level3-portland1/
4092,Tata Communications Hillsboro,Tata Communications,Colocation,21101 NW Evergreen Parkway,Hillsboro,97124,Oregon,45.5465082,-122.8937878,https://www.datacentermap.com/usa/oregon/portland/tata-hillsboro/
498,Data Center West - Medford,"Data Center West, Inc",Colocation,739 Welch Drive,Medford,97501,Oregon,42.3319924,-122.8801209,https://www.datacentermap.com/usa/oregon/medford/data-center-west/
5610,Columbia 1,Fort Rock Data Center,Colocation,207 SW Columbia St,Bend,97702,Oregon,44.047105,-121.328075,https://www.datacentermap.com/usa/oregon/bend/columbia1/
5598,US Signal Bend OR01,"US Signal Company, LLC",Colocation,20845 Sockeye Pl,Bend,97701,Oregon,44.0860968,-121.2822149,https://www.datacentermap.com/usa/oregon/bend/oneneck-bend/
8671,5870 NE Schaaf Street (PDX12),Digital Realty,Colocation,5870 NE Schaaf Street,Hillsboro,97124,Oregon,45.5682887,-122.9186757,https://www.datacentermap.com/usa/oregon/hillsboro/5870-ne-schaaf/
9614,STACK Infrastructure POR03B,STACK INFRASTRUCTURE,Colocation,4735 NE Starr Blvd,Hillsboro,97124,Oregon,45.55416957403227,-122.9394152048049,https://www.datacentermap.com/usa/oregon/hillsboro/stack-infrastructure-por03b/
9219,Aligned PDX-01,Aligned Data Centers,Colocation,NE 30th Ave & NE Evergreen Rd,Hillsboro,97124,Oregon,45.55149367999162,-122.9478753739637,https://www.datacentermap.com/usa/oregon/hillsboro/aligned-pdx-01/
9220,Aligned PDX-02,Aligned Data Centers,Colocation,NE 30th Ave & NE Evergreen Rd,Hillsboro,97124,Oregon,45.55149367999162,-122.9478753739637,https://www.datacentermap.com/usa/oregon/hillsboro/aligned-pdx-02/
9188,QTS Hillsboro 2 Campus,QTS Data Centers,Colocation,4755 NE Huffman Street,Hillsboro,97124,Oregon,45.5577731,-122.9297675,https://www.datacentermap.com/usa/oregon/hillsboro/qts-hillsboro2-campus/
9218,Hillsboro Campus,Aligned Data Centers,Campus,NE 30th Ave & NE Evergreen Rd,Hillsboro,97124,Oregon,45.55149367999162,-122.9478753739637,https://www.datacentermap.com/usa/oregon/hillsboro/hillsboro-campus/
9629,STACK Infrastructure POR01,STACK INFRASTRUCTURE,Colocation,3145 NE Brookwood Pkwy,Hillsboro,97124,Oregon,45.54926649999999,-122.9280316,https://www.datacentermap.com/usa/oregon/hillsboro/stack-infrastructure-por01/
11768,Rowan Meriwether,Rowan Digital Infrastructure,Colocation,2506 Oak St,Forest Grove,97116,Oregon,45.5250776,-123.0880003,https://www.datacentermap.com/usa/oregon/hillsboro/rowan-meriwether/
10773,OVHcloud HIL1,OVH,Hyperscaler,1300 NE 25th Ave,Hillsboro,97124,Oregon,45.534296,-122.955464,https://www.datacentermap.com/usa/oregon/hillsboro/ovhcloud-hil1/
10200,QTS Hillsboro 3,QTS Data Centers,Colocation,TBA - To be announced,Hillsboro,TBA,Oregon,45.5201113,-122.989848,https://www.datacentermap.com/usa/oregon/hillsboro/qts-hillsboro-3/
12053,Oracle - 3380 NE 79th Ave,Oracle,Hyperscaler,3380 NE 79th Ave,Hillsboro,97124,Oregon,45.5439532,-122.8966187,https://www.datacentermap.com/usa/oregon/hillsboro/oracle-3380-ne-79th-ave/
12054,Oracle - 3295 NE 83rd Ave,Oracle,Hyperscaler,3295 NE 83rd Ave,Hillsboro,97124,Oregon,45.54377299999999,-122.8944649,https://www.datacentermap.com/usa/oregon/hillsboro/oracle-3295-ne-83rd-ave/
10549,Amazon AWS PDX - Lind Campus,Amazon AWS,Campus,81712-81718 Lind Rd,Hermiston,97838,Oregon,45.90172089170026,-119.3129082774752,https://www.datacentermap.com/usa/oregon/hermiston/amazon-aws-pdx-lind-campus/
10550,Amazon AWS PDX - 81712 Lind,Amazon AWS,Hyperscaler,81712 Lind Rd,Hermiston,97838,Oregon,45.90149547671617,-119.3206508418903,https://www.datacentermap.com/usa/oregon/hermiston/amazon-aws-pdx-81712-lind/
10554,Amazon AWS PDX - Livestock Campus,Amazon AWS,Campus,28803 NW Livestock Rd,Hermiston,97838,Oregon,45.79756517025532,-119.3694337561635,https://www.datacentermap.com/usa/oregon/hermiston/amazon-aws-pdx-livestock-campus/
10561,Amazon AWS PDX - 988 Penney,Amazon AWS,Hyperscaler,988 E Penney Ave,Hermiston,97838,Oregon,45.80946018740909,-119.2688446579273,https://www.datacentermap.com/usa/oregon/hermiston/amazon-aws-pdx-988-penney/
10552,Amazon AWS PDX - 81716 Lind,Amazon AWS,Hyperscaler,81716 Lind Rd,Hermiston,97838,Oregon,45.90380391114871,-119.320727394736,https://www.datacentermap.com/usa/oregon/hermiston/amazon-aws-pdx-81716-lind/
10560,Amazon AWS PDX - 994 Penney,Amazon AWS,Hyperscaler,994 E Penney Ave,Hermiston,97838,Oregon,45.80821502203187,-119.2688717234455,https://www.datacentermap.com/usa/oregon/hermiston/amazon-aws-pdx-994-penney/
10558,Amazon AWS PDX - 28803D Livestock,Amazon AWS,Hyperscaler,28803 NW Livestock Rd,Hermiston,97838,Oregon,45.79898533199918,-119.3618060166889,https://www.datacentermap.com/usa/oregon/hermiston/amazon-aws-pdx-28803d-livestock/
10562,Amazon AWS PDX - 982 Penney,Amazon AWS,Hyperscaler,982 E Penney Ave,Hermiston,97838,Oregon,45.81062357435013,-119.2687995487304,https://www.datacentermap.com/usa/oregon/hermiston/amazon-aws-pdx-982-penney/
10563,Amazon AWS PDX - 976 Penney,Amazon AWS,Hyperscaler,976 E Penney Ave,Hermiston,97838,Oregon,45.81183724401664,-119.2690341165545,https://www.datacentermap.com/usa/oregon/hermiston/amazon-aws-pdx-976-penney/
10553,Amazon AWS PDX - 81718 Lind,Amazon AWS,Hyperscaler,81718 Lind Rd,Hermiston,97838,Oregon,45.90533145454677,-119.3204833049345,https://www.datacentermap.com/usa/oregon/hermiston/amazon-aws-pdx-81718-lind/
10551,Amazon AWS PDX - 81714 Lind,Amazon AWS,Hyperscaler,81714 Lind Rd,Hermiston,97838,Oregon,45.90265858452369,-119.3203446305073,https://www.datacentermap.com/usa/oregon/hermiston/amazon-aws-pdx-81714-lind/
10555,Amazon AWS PDX - 28803A Livestock,Amazon AWS,Hyperscaler,28803 NW Livestock Rd,Hermiston,97838,Oregon,45.79783498704366,-119.3665950258399,https://www.datacentermap.com/usa/oregon/hermiston/amazon-aws-pdx-28803a-livestock/
10556,Amazon AWS PDX - 28803B Livestock,Amazon AWS,Hyperscaler,28803 NW Livestock Rd,Hermiston,97838,Oregon,45.7977601863876,-119.3620674572199,https://www.datacentermap.com/usa/oregon/hermiston/amazon-aws-pdx-28803b-livestock/
10559,Amazon AWS PDX - Penney Campus,Amazon AWS,Campus,976-994 E Penney Ave,Hermiston,97838,Oregon,45.81303202253823,-119.2687363958535,https://www.datacentermap.com/usa/oregon/hermiston/amazon-aws-pdx-penney-campus/
10557,Amazon AWS PDX - 28803C Livestock,Amazon AWS,Hyperscaler,28803 NW Livestock Rd,Hermiston,97838,Oregon,45.79900420147482,-119.366768028353,https://www.datacentermap.com/usa/oregon/hermiston/amazon-aws-pdx-28803c-livestock/
10024,Google The Dalles Campus,Google,Campus,4200 Columbia Rd,The Dalles,97058,Oregon,45.6319052,-121.2010282,https://www.datacentermap.com/usa/oregon/the-dalles/google-the-dalles/
13436,Google The Dalles - Building 1,Google,Hyperscaler,4200 Columbia Rd,The Dalles,97058,Oregon,45.63240231783797,-121.2022876210833,https://www.datacentermap.com/usa/oregon/the-dalles/google-the-dalles-building-1/
13437,Google The Dalles - Building 2,Google,Hyperscaler,4200 Columbia Rd,The Dalles,97058,Oregon,45.63196589694215,-121.2009143300676,https://www.datacentermap.com/usa/oregon/the-dalles/google-the-dalles-building-2/
13440,Google - 3500 River Rd,Google,Hyperscaler,3500 River Rd,The Dalles,97058,Oregon,45.63039520903672,-121.2081330253013,https://www.datacentermap.com/usa/oregon/the-dalles/google-3500-river-rd/
13438,Google The Dalles - Building 3,Google,Hyperscaler,4200 Columbia Rd,The Dalles,97058,Oregon,45.63155197970636,-121.1994015641831,https://www.datacentermap.com/usa/oregon/the-dalles/google-the-dalles-building-3/
13439,Google Taylor Lake Data Center,Google,Hyperscaler,4400 River Trl Wy,The Dalles,97058,Oregon,45.6378344,-121.20254,https://www.datacentermap.com/usa/oregon/the-dalles/google-taylor-lake-data-center/
5936,Synergy Data Center,Synergy Data Center & Services,Colocation,1650 Dewey Ave,Baker City,97814,Oregon,43.1982497,-77.6392363,https://www.datacentermap.com/usa/oregon/baker-city/synergy-data-center--services/
5626,Kattare Corvallis Data Center,Kattare Inc.,Colocation,5010 SW Hout St,Corvallis,97333,Oregon,44.5109314,-123.2769639,https://www.datacentermap.com/usa/oregon/corvallis/kattare-cvo/
10584,Amazon AWS PDX - 79390 Olson,Amazon AWS,Hyperscaler,79390 Olson Rd,Boardman,97818,Oregon,45.83743095335286,-119.6930598958324,https://www.datacentermap.com/usa/oregon/boardman/amazon-aws-pdx-79390-olson/
10585,Amazon AWS PDX - 79392 Olson,Amazon AWS,Hyperscaler,79392 Olson Rd,Boardman,97818,Oregon,45.83657999071692,-119.6898129027646,https://www.datacentermap.com/usa/oregon/boardman/amazon-aws-pdx-79392-olson/
10548,Amazon AWS PDX - 75300 Lewis,Amazon AWS,Hyperscaler,75300 Lewis and Clark Dr,Boardman,97818,Oregon,45.8466827257149,-119.6036873560162,https://www.datacentermap.com/usa/oregon/boardman/amazon-aws-pdx-75300-lewis/
10568,Amazon AWS PDX - 79541 Rippee,Amazon AWS,Hyperscaler,79541 Rippee Rd,Boardman,97818,Oregon,45.84126615906642,-119.6582195226692,https://www.datacentermap.com/usa/oregon/boardman/amazon-aws-pdx-79541-rippee/
10594,Amazon AWS PDX - Bombing D,Amazon AWS,Hyperscaler,TBD Bombing Range Rd,Boardman,97818,Oregon,45.81877252985871,-119.6372573634721,https://www.datacentermap.com/usa/oregon/boardman/amazon-aws-pdx-bombing-d/
10545,Amazon AWS PDX - 75282 Lewis,Amazon AWS,Hyperscaler,75282 Lewis and Clark Dr,Boardman,97818,Oregon,45.84685461596288,-119.6090088584699,https://www.datacentermap.com/usa/oregon/boardman/amazon-aws-pdx-75282-lewis/
10546,Amazon AWS PDX - 75288 Lewis,Amazon AWS,Hyperscaler,75288 Lewis and Clark Dr,Boardman,97818,Oregon,45.84667525221381,-119.6070025662142,https://www.datacentermap.com/usa/oregon/boardman/amazon-aws-pdx-75288-lewis/
10538,Amazon AWS PDX - 75250 Gar Swanson,Amazon AWS,Hyperscaler,75250 Gar Swanson Dr,Boardman,97818,Oregon,45.86091321653839,-119.6051895972172,https://www.datacentermap.com/usa/oregon/boardman/amazon-aws-pdx-75250-gar-swanson/
10593,Amazon AWS PDX - Bombing C,Amazon AWS,Hyperscaler,TBD Bombing Range Rd,Boardman,97818,Oregon,45.81982996257562,-119.6379553152531,https://www.datacentermap.com/usa/oregon/boardman/amazon-aws-pdx-bombing-c/
10540,Amazon AWS PDX - Lewis West Campus,Amazon AWS,Campus,73575-73579 Lewis and Clark Dr,Boardman,97818,Oregon,45.8503625357033,-119.6282431909301,https://www.datacentermap.com/usa/oregon/boardman/amazon-aws-pdx-lewis-west-campus/
10542,Amazon AWS PDX - 73577 Lewis,Amazon AWS,Hyperscaler,73577 Lewis and Clark Dr,Boardman,97818,Oregon,45.85224881182524,-119.6297064745701,https://www.datacentermap.com/usa/oregon/boardman/amazon-aws-pdx-73577-lewis/
10537,Amazon AWS PDX - 75246 Gar Swanson,Amazon AWS,Hyperscaler,75246 Gar Swanson Dr,Boardman,97818,Oregon,45.85993442983109,-119.6051788683816,https://www.datacentermap.com/usa/oregon/boardman/amazon-aws-pdx-75246-gar-swanson/
10566,Amazon AWS PDX - 79539 Rippee,Amazon AWS,Hyperscaler,79539 Rippee Rd,Boardman,97818,Oregon,45.840972,-119.652778,https://www.datacentermap.com/usa/oregon/boardman/amazon-aws-pdx-79539-rippee/
10544,Amazon AWS PDX - Lewis East Campus,Amazon AWS,Campus,75282-75300 Lewis and Clark Dr,Boardman,97818,Oregon,45.84902426298796,-119.6031458634243,https://www.datacentermap.com/usa/oregon/boardman/amazon-aws-pdx-lewis-east-campus/
10543,Amazon AWS PDX - 73579 Lewis,Amazon AWS,Hyperscaler,73579 Lewis and Clark Dr,Boardman,97818,Oregon,45.85372303781197,-119.6301085554873,https://www.datacentermap.com/usa/oregon/boardman/amazon-aws-pdx-73579-lewis/
10536,Amazon AWS PDX - 75242 Gar Swanson,Amazon AWS,Hyperscaler,75242 Gar Swanson Dr,Boardman,97818,Oregon,45.85875388553543,-119.6051252242036,https://www.datacentermap.com/usa/oregon/boardman/amazon-aws-pdx-75242-gar-swanson/
10547,Amazon AWS PDX - 75294 Lewis,Amazon AWS,Hyperscaler,75294 Lewis and Clark Dr,Boardman,97818,Oregon,45.8466453581994,-119.6055541734092,https://www.datacentermap.com/usa/oregon/boardman/amazon-aws-pdx-75294-lewis/
10564,Amazon AWS PDX - Rippee Campus,Amazon AWS,Campus,79536-79553 Rippee Rd,Boardman,97818,Oregon,45.84240160671254,-119.6539522813754,https://www.datacentermap.com/usa/oregon/boardman/amazon-aws-pdx-rippee-campus/
10583,Amazon AWS PDX - 79388 Olson,Amazon AWS,Hyperscaler,79388 Olson Rd,Boardman,97818,Oregon,45.83792249726886,-119.6882045790955,https://www.datacentermap.com/usa/oregon/boardman/amazon-aws-pdx-79388-olson/
10581,Amazon AWS PDX - Olson Campus,Amazon AWS,Campus,79386-79392 Olson Rd,Boardman,97818,Oregon,45.83792249726886,-119.6882045790955,https://www.datacentermap.com/usa/oregon/boardman/amazon-aws-pdx-olson-campus/
10541,Amazon AWS PDX - 73575 Lewis,Amazon AWS,Hyperscaler,73575 Lewis and Clark Dr,Boardman,97818,Oregon,45.85081153596713,-119.6304727042426,https://www.datacentermap.com/usa/oregon/boardman/amazon-aws-pdx-73575-lewis/
10569,Amazon AWS PDX - 79553 Rippee,Amazon AWS,Hyperscaler,79553 Rippee Rd,Boardman,97818,Oregon,45.8412,-119.6573,https://www.datacentermap.com/usa/oregon/boardman/amazon-aws-pdx-79553-rippee/
10590,Amazon AWS PDX - Bombing Campus,Amazon AWS,Campus,77860-77866 Bombing Range Rd,Boardman,97818,Oregon,45.82062302393848,-119.6280929529077,https://www.datacentermap.com/usa/oregon/boardman/amazon-aws-pdx-bombing-campus/
10591,Amazon AWS PDX - 77860 Bombing,Amazon AWS,Hyperscaler,77860 Bombing Range Rd,Boardman,97818,Oregon,45.819967427348,-119.6320227248745,https://www.datacentermap.com/usa/oregon/boardman/amazon-aws-pdx-77860-bombing/
10592,Amazon AWS PDX - 77866 Bombing,Amazon AWS,Hyperscaler,77866 Bombing Range Rd,Boardman,97818,Oregon,45.81886769961977,-119.6320227248745,https://www.datacentermap.com/usa/oregon/boardman/amazon-aws-pdx-77866-bombing/
10565,Amazon AWS PDX - 79536 Rippee,Amazon AWS,Hyperscaler,79536 Rippee Rd,Boardman,97818,Oregon,45.840446,-119.654967,https://www.datacentermap.com/usa/oregon/boardman/amazon-aws-pdx-79536-rippee/
10535,Amazon AWS PDX - Gar Swanson Campus,Amazon AWS,Campus,75242-75254 Gar Swanson Dr,Boardman,97818,Oregon,45.85940918933331,-119.6080741115792,https://www.datacentermap.com/usa/oregon/boardman/amazon-aws-pdx-gar-swanson-campus/
10567,Amazon AWS PDX - 79540 Rippee,Amazon AWS,Hyperscaler,79540 Rippee Rd,Boardman,97818,Oregon,45.84125868483766,-119.6554407542508,https://www.datacentermap.com/usa/oregon/boardman/amazon-aws-pdx-79540-rippee/
10582,Amazon AWS PDX - 79386 Olson,Amazon AWS,Hyperscaler,79386 Olson Rd,Boardman,97818,Oregon,45.83625228734927,-119.6938716440994,https://www.datacentermap.com/usa/oregon/boardman/amazon-aws-pdx-79386-olson/
10539,Amazon AWS PDX - 75254 Gar Swanson,Amazon AWS,Hyperscaler,75254 Gar Swanson Dr,Boardman,97818,Oregon,45.86216842923527,-119.605114495368,https://www.datacentermap.com/usa/oregon/boardman/amazon-aws-pdx-75254-gar-swanson/
10586,Amazon AWS PDX - Powerline Campus,Amazon AWS,Campus,80817-80939 Powerline Rd,Umatilla,97882,Oregon,45.88117307227958,-119.3406286597864,https://www.datacentermap.com/usa/oregon/umatilla/amazon-aws-pdx-powerline-campus/
9212,SDC Umatilla,Sabey Data Center Properties LLC,Colocation,Beach Access Road,Umatilla,97882,Oregon,45.9209788649143,-119.2630411155435,https://www.datacentermap.com/usa/oregon/umatilla/sdc-umatilla/
10575,Amazon AWS PDX - Beach Campus,Amazon AWS,Campus,1600-3250 Beach Access Rd,Umatilla,97882,Oregon,45.91395087658259,-119.2698386716204,https://www.datacentermap.com/usa/oregon/umatilla/amazon-aws-pdx-beach-campus/
10587,Amazon AWS PDX - 80817 Powerline,Amazon AWS,Hyperscaler,80817 Powerline Rd,Umatilla,97882,Oregon,45.88260994906404,-119.3416327771659,https://www.datacentermap.com/usa/oregon/umatilla/amazon-aws-pdx-80817-powerline/
10588,Amazon AWS PDX - 80937 Powerline,Amazon AWS,Hyperscaler,80937 Powerline Rd,Umatilla,97882,Oregon,45.87956921663768,-119.3399040809073,https://www.datacentermap.com/usa/oregon/umatilla/amazon-aws-pdx-80937-powerline/
10578,Amazon AWS PDX - 2400 Beach,Amazon AWS,Hyperscaler,2400 Beach Access Rd,Umatilla,97882,Oregon,45.91639425843858,-119.2677656696142,https://www.datacentermap.com/usa/oregon/umatilla/amazon-aws-pdx-2400-beach/
10580,Amazon AWS PDX - 3250 Beach,Amazon AWS,Hyperscaler,3250 Beach Access Rd,Umatilla,97882,Oregon,45.91768205998612,-119.2677125645874,https://www.datacentermap.com/usa/oregon/umatilla/amazon-aws-pdx-3250-beach/
10571,Amazon AWS PDX - 34820 Wanapa,Amazon AWS,Hyperscaler,34820 Wanapa Rd,Umatilla,97882,Oregon,45.92058617591648,-119.2316272044652,https://www.datacentermap.com/usa/oregon/umatilla/amazon-aws-pdx-34820-wanapa/
10573,Amazon AWS PDX - 34840 Wanapa,Amazon AWS,Hyperscaler,34840 Wanapa Rd,Umatilla,97882,Oregon,45.92057362374423,-119.2287492377,https://www.datacentermap.com/usa/oregon/umatilla/amazon-aws-pdx-34840-wanapa/
10579,Amazon AWS PDX - 3200 Beach,Amazon AWS,Hyperscaler,3200 Beach Access Rd,Umatilla,97882,Oregon,45.91720177683801,-119.2676367002634,https://www.datacentermap.com/usa/oregon/umatilla/amazon-aws-pdx-3200-beach/
10589,Amazon AWS PDX - 80939 Powerline,Amazon AWS,Hyperscaler,80939 Powerline Rd,Umatilla,97882,Oregon,45.87964480704419,-119.3416971501795,https://www.datacentermap.com/usa/oregon/umatilla/amazon-aws-pdx-80939-powerline/
10576,Amazon AWS PDX - 1600 Beach,Amazon AWS,Hyperscaler,1600 Beach Access Rd,Umatilla,97882,Oregon,45.91365494181796,-119.2676746324254,https://www.datacentermap.com/usa/oregon/umatilla/amazon-aws-pdx-1600-beach/
10572,Amazon AWS PDX - 34830 Wanapa,Amazon AWS,Hyperscaler,34830 Wanapa Rd,Umatilla,97882,Oregon,45.92054224330124,-119.2299581641781,https://www.datacentermap.com/usa/oregon/umatilla/amazon-aws-pdx-34830-wanapa/
10577,Amazon AWS PDX - 1650 Beach,Amazon AWS,Hyperscaler,1650 Beach Access Rd,Umatilla,97882,Oregon,45.9141563682653,-119.267818774641,https://www.datacentermap.com/usa/oregon/umatilla/amazon-aws-pdx-1650-beach/
10574,Amazon AWS PDX - 34850 Wanapa,Amazon AWS,Hyperscaler,34850 Wanapa Rd,Umatilla,97882,Oregon,45.92056107156915,-119.2269087824645,https://www.datacentermap.com/usa/oregon/umatilla/amazon-aws-pdx-34850-wanapa/
10570,Amazon AWS PDX - Wanapa Campus,Amazon AWS,Campus,34820-34850 Wanapa Rd,Umatilla,97882,Oregon,45.92212523479373,-119.2346503323759,https://www.datacentermap.com/usa/oregon/umatilla/amazon-aws-pdx-wanapa-campus/
13419,Apple Prineville - Building 3,Apple,Hyperscaler,1600 SW Baldwin Rd,Prineville,97754,Oregon,44.28574107380584,-120.8698608059771,https://www.datacentermap.com/usa/oregon/prineville/apple-prineville-building-3/
13418,Apple Prineville - Building 2,Apple,Hyperscaler,1600 SW Baldwin Rd,Prineville,97754,Oregon,44.28727077645826,-120.8702255864035,https://www.datacentermap.com/usa/oregon/prineville/apple-prineville-building-2/
13417,Apple Prineville - Building 1,Apple,Hyperscaler,1600 SW Baldwin Rd,Prineville,97754,Oregon,44.28904619922454,-120.8701397557148,https://www.datacentermap.com/usa/oregon/prineville/apple-prineville-building-1/
10913,Apple Prineville Campus,Apple,Campus,1600 SW Baldwin Rd,Prineville,97754 ,Oregon,44.2877145,-120.8701534,https://www.datacentermap.com/usa/oregon/prineville/apple-prineville-data-center/
13510,Meta Prineville - Building 9,Meta,Hyperscaler,SW Houston Lake Rd,Prineville,97754,Oregon,44.30110097496268,-120.8945943760345,https://www.datacentermap.com/usa/oregon/prineville/meta-prineville-building-9/
10002,Meta Prineville Campus,Meta,Campus,735 SW Connect Way,Prineville,97754,Oregon,44.2978317,-120.8858308,https://www.datacentermap.com/usa/oregon/prineville/meta-prineville-data-center/
13509,Meta Prineville - Building 8,Meta,Hyperscaler,SW Houston Lake Rd,Prineville,97754,Oregon,44.29930457372268,-120.8945714576457,https://www.datacentermap.com/usa/oregon/prineville/meta-prineville-building-8/
13506,Meta Prineville - Building 5,Meta,Hyperscaler,SW Houston Lake Rd,Prineville,97754,Oregon,44.29909817023218,-120.8782957198416,https://www.datacentermap.com/usa/oregon/prineville/meta-prineville-building-5/
13511,Meta Prineville - Building 10,Meta,Hyperscaler,SW Houston Lake Rd,Prineville,97754,Oregon,44.30228979613355,-120.8946051048704,https://www.datacentermap.com/usa/oregon/prineville/meta-prineville-building-10/
13502,Meta Prineville - Building 1,Meta,Hyperscaler,735 SW Connect Way,Prineville,97754,Oregon,44.29585575231619,-120.8872285964403,https://www.datacentermap.com/usa/oregon/prineville/meta-prineville-building-1/
13507,Meta Prineville - Building 6,Meta,Hyperscaler,607 Tom McCall Rd,Prineville,97754,Oregon,44.30120340729816,-120.8911488653152,https://www.datacentermap.com/usa/oregon/prineville/meta-prineville-building-6/
13505,Meta Prineville - Building 4,Meta,Hyperscaler,SW Houston Lake Rd,Prineville,97754,Oregon,44.29909949000391,-120.8806775214466,https://www.datacentermap.com/usa/oregon/prineville/meta-prineville-building-4/
13503,Meta Prineville - Building 2,Meta,Hyperscaler,735 SW Connect Way,Prineville,97754,Oregon,44.29488413139478,-120.8839430362957,https://www.datacentermap.com/usa/oregon/prineville/meta-prineville-building-2/
13508,Meta Prineville - Building 7,Meta,Hyperscaler,607 Tom McCall Rd,Prineville,97754,Oregon,44.30123280113764,-120.8887456060382,https://www.datacentermap.com/usa/oregon/prineville/meta-prineville-building-7/
13504,Meta Prineville - Building 3,Meta,Hyperscaler,800 SW Connect Way,Prineville,97754,Oregon,44.29365344018845,-120.8815232560757,https://www.datacentermap.com/usa/oregon/prineville/meta-prineville-building-3/
5290,Lumen Bandon,Lumen,Colocation,96614 Wickizer Way,Bandon,97411,Oregon,43.2484257,-124.3812026,https://www.datacentermap.com/usa/oregon/bandon/level3-bandon/
9403,Cologix COL1,Cologix,Colocation,535 Scherers Ct,Columbus,43085,Ohio,40.115757,-83.002414,https://www.datacentermap.com/usa/ohio/columbus/cologix-col1/
7144,Cologix COL3-S,Cologix,Colocation,585 Scherers Court,Columbus,43085,Ohio,40.1158366,-83.002122,https://www.datacentermap.com/usa/ohio/columbus/cclogix-col3/
660,Cologix COL2,Cologix,Colocation,555 Scherers Court,Columbus,43085,Ohio,40.116016,-83.002596,https://www.datacentermap.com/usa/ohio/columbus/scg-services/
9391,Cologix COL4-S,Cologix,Colocation,7500 Alta View Blvd,Columbus,43085,Ohio,40.1184384,-82.9999965,https://www.datacentermap.com/usa/ohio/columbus/cologix-col4-s/
14014,Cologix COL5,Cologix,Colocation,6787 Green Meadows Drive,Lewis Center,43035,Ohio,40.1907716,-83.0112662,https://www.datacentermap.com/usa/ohio/columbus/cologix-col5/
12963,Cologix Johnstown Campus,Cologix,Campus,12017 Duncan Plains Rd,Johnstown,43031,Ohio,40.13656312366777,-82.71894406966204,https://www.datacentermap.com/usa/ohio/columbus/cologix-johnstown-campus/
11103,WeConnect Community Data Center,City of Westerville - WeConnect,Colocation,35 Collegeview Road,Westerville,43081,Ohio,40.1238326,-82.945611,https://www.datacentermap.com/usa/ohio/columbus/weconnect-community-data-center/
3953,"DartPoints Dublin, OH - CMH01",DartPoints,Colocation,565 Metro Place South,Dublin,43017,Ohio,40.09316,-83.13382,https://www.datacentermap.com/usa/ohio/columbus/metro-data-center/
12139,Edged Columbus,Edged Energy,Colocation,6525 New Albany Rd E,New Albany,43054,Ohio,40.106074,-82.815775,https://www.datacentermap.com/usa/ohio/columbus/edged-columbus/
3862,Racksquared Spring Street Datacenter,RackSquared,Colocation,325 E Spring Street,Columbus,43215,Ohio,39.966919,-82.9926132,https://www.datacentermap.com/usa/ohio/columbus/racksquared/
6075,Compugen New Albany Data Center,Compugen Inc.,Colocation,7000 Souder Road,New Albany,43054,Ohio,40.1064892,-82.8052757,https://www.datacentermap.com/usa/ohio/columbus/new-albany-dc/
4925,WOW! Data Center,WOW Business/E Solutions,Colocation,226 North 5th Street,Columbus,43215,Ohio,39.967655,-82.9954039,https://www.datacentermap.com/usa/ohio/columbus/wow/
3652,Centersquare - Columbus CMH1-A,Centersquare,Colocation,8180 Green Meadows Dr N,North Lewis Center,43035,Ohio,40.168866,-83.010575,https://www.datacentermap.com/usa/ohio/columbus/cyxtera-cmh1/
11553,5CDC Columbus - CMH01,5C Group Inc.,Colocation,601 Benjamin Dr,Springfield,45502,Ohio,39.912807,-83.72371799999999,https://www.datacentermap.com/usa/ohio/columbus/5cdc-columbus-cmh01/
724,CeraNet DC1,"CeraNet, Inc.",Colocation,826 Morrison Road,Columbus,43230,Ohio,39.994518,-82.854439,https://www.datacentermap.com/usa/ohio/columbus/ceranet-dc1/
1164,Cogent Data Center - Columbus,"Cogent Communications, Inc.",Colocation,240 N 5th Street,Columbus,43215,Ohio,39.968773,-82.996036,https://www.datacentermap.com/usa/ohio/columbus/cogent-columbus/
14385,BrescoBroadband Columbus 2,"Bresco Broadband, LLC",Colocation,423 E Town Street,Columbus,43215,Ohio,39.9597943,-82.9886111,https://www.datacentermap.com/usa/ohio/columbus/brescobroadband-columbus-2/
14384,BrescoBroadband Columbus 1,"Bresco Broadband, LLC",Colocation,180 E Broad St,Columbus,43215,Ohio,39.96322395338774,-82.99585341086328,https://www.datacentermap.com/usa/ohio/columbus/brescobroadband-columbus-1/
6899,Expedient Dublin,Expedient Data Centers,Colocation,5700 Innovation Drive,Dublin,43016,Ohio,40.0919131,-83.143588,https://www.datacentermap.com/usa/ohio/columbus/expedient-dublin/
6275,ICS Corporate Center,ICS,Colocation,175 South Third Street,Columbus,43215,Ohio,39.95874,-82.9976106,https://www.datacentermap.com/usa/ohio/columbus/col2/
5878,CeraNet DC3,"CeraNet, Inc.",Colocation,4151 Executive Pkwy,Westerville,43081,Ohio,40.0829991,-82.9002489,https://www.datacentermap.com/usa/ohio/columbus/ceranet-dc3/
5877,CeraNet DC2,"CeraNet, Inc.",Colocation,Not publicly available,Dublin,43017,Ohio,40.0988366,-83.1143412,https://www.datacentermap.com/usa/ohio/columbus/ceranet-dc2/
1316,Expedient Upper Arlington,Expedient Data Centers,Colocation,"5000 Arllington Centre Blvd, Building One",Columbus,43220,Ohio,41.8781049,-87.6344699,https://www.datacentermap.com/usa/ohio/columbus/expedient-chicago/
9186,QTS New Albany 2 DC2,QTS Data Centers,Colocation,675 Beech Road SW,New Albany,43054,Ohio,40.0728798,-82.7539985,https://www.datacentermap.com/usa/ohio/columbus/qts-new-albany1/
12383,CENTRA Columbus (CMH01),CENTRA,Colocation,180 E Broad St,Columbus,43215,Ohio,39.9631827,-82.99599429999999,https://www.datacentermap.com/usa/ohio/columbus/centra-columbus-cmh01/
3869,eNET CMH-1,"eNET, Inc",Colocation,3000 E. Dublin-Granville Rd,Columbus,43231,Ohio,40.0830527,-82.9384729,https://www.datacentermap.com/usa/ohio/columbus/cmh-1/
6705,Racksquared Value Way Datacenter,RackSquared,Colocation,2560 Value Way Drive,Columbus,43224,Ohio,40.0454379,-82.9523431,https://www.datacentermap.com/usa/ohio/columbus/racsksquared-value-way/
14607,Vantage OH2 - Millersport,Vantage Data Centers,Colocation,State Route 204 and State Route 37,Millersport,43046,Ohio,39.90927393155776,-82.55058617184937,https://www.datacentermap.com/usa/ohio/columbus/vantage-oh2-millersport/
12260,Vantage OH1 - New Albany,Vantage Data Centers,Colocation,3325 Horizon Court,Johnstown,43031,Ohio,40.10484880369839,-82.74509456329503,https://www.datacentermap.com/usa/ohio/columbus/vantage-new-albany/
12755,Cogent Data Center - Columbus 2,"Cogent Communications, Inc.",Colocation,161 East Goodale St,Columbus,43215,Ohio,39.9740158,-82.9986272,https://www.datacentermap.com/usa/ohio/columbus/cogent-data-center-columbus-2/
11645,Citynet Columbus,"Citynet, LLC",Colocation,251 Neilston St,Columbus,43215,Ohio,39.9681646,-82.9949078,https://www.datacentermap.com/usa/ohio/columbus/citynet-columbus/
1667,226 North Fifth Street,Hackman Capital Partners,Building,226 North Fifth Street,Columbus,43215,Ohio,39.967663,-82.9954016,https://www.datacentermap.com/usa/ohio/columbus/226-north-fifth-street/
8384,ICS Main POP,ICS,Colocation,226 North Fifth Street,Columbus,43215,Ohio,39.9676471,-82.9954277,https://www.datacentermap.com/usa/ohio/columbus/ics-main-pop/
9611,STACK Infrastructure NAL01A,STACK INFRASTRUCTURE,Colocation,7300 Souder Rd,New Albany,43054,Ohio,40.1063359,-82.8013976,https://www.datacentermap.com/usa/ohio/columbus/stack-infrastructure-nal01a/
13435,Amazon AWS - 11793 Vans Valley,Amazon AWS,Hyperscaler,11793 Vans Valley Rd,Galena,43021,Ohio,40.2180447,-82.8477812,https://www.datacentermap.com/usa/ohio/columbus/amazon-aws-11793-vans-valley/
10670,Amazon AWS CMH - Newton Campus,Amazon AWS,Campus,2575-2875 Newton Court,Johnstown,43031,Ohio,40.0925731,-82.7301833,https://www.datacentermap.com/usa/ohio/columbus/amazon-aws-cmh-newton-campus/
12452,Microsoft - Beech Rd NW & Fitzwilliam Ln,Microsoft,Hyperscaler,Beech Rd NW & Fitzwilliam Ln,New Albany,43031,Ohio,40.10409187164981,-82.75695129446687,https://www.datacentermap.com/usa/ohio/columbus/microsoft-beech-rd-nw-fitzwilliam-ln/
13215,Amazon AWS CMH - Project Cosmo Bldg B,Amazon AWS,Hyperscaler,14684 Industrial Pkwy,Marysville,43040,Ohio,40.220803,-83.325634,https://www.datacentermap.com/usa/ohio/columbus/amazon-aws-cmh-project-cosmos-bldg-b/
10692,Amazon AWS CMH - Industrial Parkway Campus,Amazon AWS,Campus,8619 Industrial Parkway,Plain City,43064,Ohio,40.134617,-83.21247,https://www.datacentermap.com/usa/ohio/columbus/aws-cmh-industrial-parkway-campus/
10675,Amazon AWS CMH - Beech North Campus,Amazon AWS,Campus,2890-2970 Beech Road,Johnstown,43031,Ohio,40.09955065979579,-82.74947931850514,https://www.datacentermap.com/usa/ohio/columbus/amazon-aws-cmh-beech-north-campus/
10681,Amazon AWS CMH - Beech South Campus,Amazon AWS,Campus,2540-2580 Beech Rd,Johnstown,43031,Ohio,40.094602,-82.749444,https://www.datacentermap.com/usa/ohio/columbus/amazon-aws-cmh-beech-south-campus/
13214,Amazon AWS CMH - Project Cosmo Bldg A,Amazon AWS,Hyperscaler,14684 Industrial Pkwy,Marysville,43040,Ohio,40.220339,-83.323343,https://www.datacentermap.com/usa/ohio/columbus/amazon-aws-cmh-project-cosmos-bldg-a/
10687,Amazon AWS CMH - Warner Campus,Amazon AWS,Campus,8567 Warner Road,Plain City,43064,Ohio,40.118506,-83.200645,https://www.datacentermap.com/usa/ohio/columbus/amazon-aws-cmh-warner-campus/
10658,Amazon AWS CMH - Hayden Campus,Amazon AWS,Campus,5109-5125 Hayden Run Rd,Hillard,43026,Ohio,40.060025,-83.133336,https://www.datacentermap.com/usa/ohio/columbus/amazon-aws-cmh-hayden-campus/
13213,Amazon AWS CMH - Project Cosmo Campus,Amazon AWS,Campus,14684 Industrial Pkwy,Marysville,43040,Ohio,40.220777,-83.324453,https://www.datacentermap.com/usa/ohio/columbus/amazon-aws-cmh-project-cosmos-campus/
10664,Amazon AWS CMH - Crosby Campus,Amazon AWS,Campus,6645-6685 Crosby Court,Dublin,43016,Ohio,40.10214145651132,-83.19967546094603,https://www.datacentermap.com/usa/ohio/columbus/amazon-aws-cmh-crosby-campus/
10645,Amazon AWS CMH - Scioto Campus,Amazon AWS,Campus,4120-4188 Scioto Darby Creek Rd,Hillard,43026,Ohio,40.01877833752981,-83.12436472729837,https://www.datacentermap.com/usa/ohio/columbus/amazon-aws-cmh-scioto-campus/
10033,Google New Albany Data Center,Google,Hyperscaler,1101 Beech Rd SW,New Albany,43054,Ohio,40.0588973,-82.76899519999999,https://www.datacentermap.com/usa/ohio/columbus/google-new-albany/
9808,LexisNexis Hilliard,LexisNexis,Colocation,5000 Britton Pkwy,Hilliard,43026,Ohio,40.0545021,-83.1324865,https://www.datacentermap.com/usa/ohio/columbus/lexisnexis-hilliard/
10693,Amazon AWS CMH - 8619 Industrial A,Amazon AWS,Hyperscaler,8619 Industrial Parkway,Plain City,43064,Ohio,40.134173,-83.215798,https://www.datacentermap.com/usa/ohio/columbus/amazon-aws-cmh-8619-industrial-a/
14698,Google Johnstown,Google,Hyperscaler,2565 Harrison Rd NW,Johnstown,43031,Ohio,40.0942197,-82.73618499999999,https://www.datacentermap.com/usa/ohio/columbus/google-johnstown/
10647,Amazon AWS CMH - Scioto B,Amazon AWS,Hyperscaler,4120-4188 Scioto Darby Creek Rd,Hillard,43026,Ohio,40.02237347240577,-83.1246260787855,https://www.datacentermap.com/usa/ohio/columbus/amazon-aws-cmh-scioto-b/
11762,QTS New Albany 3,QTS Data Centers,Colocation,6140 Babbitt Rd,New Albany,43054,Ohio,40.07446590000001,-82.7704656,https://www.datacentermap.com/usa/ohio/columbus/qts-new-albany-3/
10661,Amazon AWS CMH - 5117 Hayden,Amazon AWS,Hyperscaler,5117 Hayden Run Rd,Hillard,43026,Ohio,40.059351,-83.134584,https://www.datacentermap.com/usa/ohio/columbus/amazon-aws-cmh-5117-hayden/
10691,Amazon AWS CMH - 8567 Warner D,Amazon AWS,Hyperscaler,8567 Warner Road,Plain City,43064,Ohio,40.119052,-83.203211,https://www.datacentermap.com/usa/ohio/columbus/amazon-aws-cmh-8567-warner-d/
10665,Amazon AWS CMH - 6645 Crosby,Amazon AWS,Hyperscaler,6645 Crosby Court,Dublin,43016,Ohio,40.099953873758,-83.19943187123766,https://www.datacentermap.com/usa/ohio/columbus/amazon-aws-cmh-6645-crosby/
11652,Aligned - 6770 Mink St,Aligned Data Centers,Colocation,6770 Mink St SW,Pataskala,43062,Ohio,39.99284979999999,-82.730099,https://www.datacentermap.com/usa/ohio/columbus/aligned-6770-mink-st/
10679,Amazon AWS CMH - Beech North D,Amazon AWS,Hyperscaler,2890-2970 Beech Road,Johnstown,43031,Ohio,40.10050299717061,-82.74683591961991,https://www.datacentermap.com/usa/ohio/columbus/amazon-aws-cmh-beech-north-d/
10677,Amazon AWS CMH - Beech North B,Amazon AWS,Hyperscaler,2890-2970 Beech Road,Johnstown,43031,Ohio,40.09884674969077,-82.74719679318787,https://www.datacentermap.com/usa/ohio/columbus/amazon-aws-cmh-beech-north-b/
12147,Google Lancaster Data Center,Google,Hyperscaler,105 Whiley Rd,Lancaster,43130,Ohio,39.7261137,-82.68339580000001,https://www.datacentermap.com/usa/ohio/columbus/google-lancaster-data-center/
10673,Amazon AWS CMH - 2675 Newton,Amazon AWS,Hyperscaler,2675 Newton Court,Johnstown,43031,Ohio,40.09335627596008,-82.73213710555412,https://www.datacentermap.com/usa/ohio/columbus/amazon-aws-cmh-2675-newton/
10662,Amazon AWS CMH - 5121 Hayden,Amazon AWS,Hyperscaler,5121 Hayden Run Rd,Hillard,43026,Ohio,40.058323,-83.134125,https://www.datacentermap.com/usa/ohio/columbus/amazon-aws-cmh-5121-hayden/
10651,Amazon AWS CMH - Scioto F,Amazon AWS,Hyperscaler,4120-4188 Scioto Darby Creek Rd,Hillard,43026,Ohio,40.01646586127011,-83.12647143850737,https://www.datacentermap.com/usa/ohio/columbus/amazon-aws-cmh-scioto-f/
10683,Amazon AWS CMH - 2550 Beech,Amazon AWS,Hyperscaler,2550 Beech Rd,Johnstown,43031,Ohio,40.09401452874965,-82.74742627359123,https://www.datacentermap.com/usa/ohio/columbus/amazon-aws-cmh-2550-beech/
10669,Amazon AWS CMH - 6685 Crosby,Amazon AWS,Hyperscaler,6685 Crosby Court,Dublin,43016,Ohio,40.10353539997982,-83.19987394134975,https://www.datacentermap.com/usa/ohio/columbus/amazon-aws-cmh-6685-crosby/
10695,Amazon AWS CMH - 8619 Industrial C,Amazon AWS,Hyperscaler,8619 Industrial Parkway,Plain City,43064,Ohio,40.133206,-83.214885,https://www.datacentermap.com/usa/ohio/columbus/amazon-aws-cmh-8619-industrial-c/
10220,Windstream Columbus,Windstream,Colocation,180 E Broad St,Columbus,43215,Ohio,39.9631827,-82.99599429999999,https://www.datacentermap.com/usa/ohio/columbus/windstream-columbus/
10686,Amazon AWS CMH - 2580 Beech,Amazon AWS,Hyperscaler,2580 Beech Rd,Johnstown,43031,Ohio,40.09647897092034,-82.75196202960707,https://www.datacentermap.com/usa/ohio/columbus/amazon-aws-cmh-2580-beech/
10657,Amazon AWS CMH - 4636 Cosgray,Amazon AWS,Hyperscaler,4636 Cosgray Rd,Hillard,43026,Ohio,40.051503,-83.175652,https://www.datacentermap.com/usa/ohio/columbus/amazon-aws-cmh-4636-cosgray/
14042,3000-3007 Etna Pkwy,Microsoft,Hyperscaler,3000-3007 Etna Pkwy,Pataskala,43062,Ohio,39.977319,-82.70725399999999,https://www.datacentermap.com/usa/ohio/columbus/3000-3007-etna-pkwy/
10680,Amazon AWS CMH - Beech North E,Amazon AWS,Hyperscaler,2890-2970 Beech Road,Johnstown,43031,Ohio,40.10084114274191,-82.74682689778072,https://www.datacentermap.com/usa/ohio/columbus/amazon-aws-cmh-beech-north-e/
10674,Amazon AWS CMH - 2775 Newton,Amazon AWS,Hyperscaler,2775 Newton Court,Johnstown,43031,Ohio,40.09436579311569,-82.7322873092463,https://www.datacentermap.com/usa/ohio/columbus/amazon-aws-cmh-2775-newton/
10694,Amazon AWS CMH - 8619 Industrial B,Amazon AWS,Hyperscaler,8619 Industrial Parkway,Plain City,43064,Ohio,40.135552,-83.212937,https://www.datacentermap.com/usa/ohio/columbus/amazon-aws-cmh-8619-industrial-b/
10676,Amazon AWS CMH - Beech North A,Amazon AWS,Hyperscaler,2890-2970 Beech Road,Johnstown,43031,Ohio,40.09801170963299,-82.7470253782431,https://www.datacentermap.com/usa/ohio/columbus/amazon-aws-cmh-beech-north-a/
10682,Amazon AWS CMH - 2540 Beech,Amazon AWS,Hyperscaler,2540 Beech Rd,Johnstown,43031,Ohio,40.09292136147439,-82.74772610555813,https://www.datacentermap.com/usa/ohio/columbus/amazon-aws-cmh-2540-beech/
9187,QTS New Albany 2 DC1,QTS Data Centers,Colocation,785 Beech Road SW,New Albany,43054,Ohio,40.06899569999999,-82.75396339999999,https://www.datacentermap.com/usa/ohio/columbus/qts-new-albany2/
10688,Amazon AWS CMH - 8567 Warner A,Amazon AWS,Hyperscaler,8567 Warner Road,Plain City,43064,Ohio,40.1163,-83.2015,https://www.datacentermap.com/usa/ohio/columbus/amazon-aws-cmh-8567-warner-a/
12750,Microsoft - 129 N High St,Microsoft,Hyperscaler,129 N High St,Hebron,43025,Ohio,39.967112,-82.49553399999999,https://www.datacentermap.com/usa/ohio/columbus/microsoft-129-n-high-st/
12146,Google Lockbourne Data Center,Google,Hyperscaler,5076 S High St,Lockbourne,43137,Ohio,39.85205647166742,-82.99491222640857,https://www.datacentermap.com/usa/ohio/columbus/google-lockbourne-data-center/
10654,Amazon AWS CMH - 4600 Cosgray,Amazon AWS,Hyperscaler,4600 Cosgray Rd,Hillard,43026,Ohio,40.048134,-83.175354,https://www.datacentermap.com/usa/ohio/columbus/amazon-aws-cmh-4600-cosgray/
11549,CyrusOne - New Albany,CyrusOne Data Centers,Colocation,12181 Jug St,Johnstown,43031,Ohio,40.0953747,-82.7180645,https://www.datacentermap.com/usa/ohio/columbus/cyrusone-new-albany/
10001,Meta New Albany Data Center,Meta,Hyperscaler,1 Community Cir,Etna,43062,Ohio,40.06835517036055,-82.75031302366902,https://www.datacentermap.com/usa/ohio/columbus/meta-new-albany-data-center/
10659,Amazon AWS CMH - 5109 Hayden,Amazon AWS,Hyperscaler,5109 Hayden Run Rd,Hillard,43026,Ohio,40.061126,-83.134958,https://www.datacentermap.com/usa/ohio/columbus/amazon-aws-cmh-5109-hayden/
10684,Amazon AWS CMH - 2560 Beech,Amazon AWS,Hyperscaler,2560 Beech Rd,Johnstown,43031,Ohio,40.09364363468491,-82.75152185076202,https://www.datacentermap.com/usa/ohio/columbus/amazon-aws-cmh-2560-beech/
12749,Microsoft - Thornwood Dr SW,Microsoft,Hyperscaler,Thornwood Dr SW & Hallie Ln Rd,Heath,43056,Ohio,40.0249864307488,-82.48456568293972,https://www.datacentermap.com/usa/ohio/columbus/microsoft-thornwood-dr-sw/
10666,Amazon AWS CMH - 6655 Crosby,Amazon AWS,Hyperscaler,6655 Crosby Court,Dublin,43016,Ohio,40.10078198906285,-83.19945893675472,https://www.datacentermap.com/usa/ohio/columbus/amazon-aws-cmh-6655-crosby/
10650,Amazon AWS CMH - Scioto E,Amazon AWS,Hyperscaler,4120-4188 Scioto Darby Creek Rd,Hillard,43026,Ohio,40.01930059247275,-83.12287727858394,https://www.datacentermap.com/usa/ohio/columbus/amazon-aws-cmh-scioto-e/
10660,Amazon AWS CMH - 5113 Hayden,Amazon AWS,Hyperscaler,5113 Hayden Run Rd,Hillard,43026,Ohio,40.059351,-83.134584,https://www.datacentermap.com/usa/ohio/columbus/amazon-aws-cmh-5113-hayden/
10668,Amazon AWS CMH - 6675 Crosby,Amazon AWS,Hyperscaler,6675 Crosby Court,Dublin,43016,Ohio,40.10256930357601,-83.19971154824735,https://www.datacentermap.com/usa/ohio/columbus/amazon-aws-cmh-6675-crosby/
10663,Amazon AWS CMH - 5125 Hayden,Amazon AWS,Hyperscaler,5125 Hayden Run Rd,Hillard,43026,Ohio,40.060745,-83.132698,https://www.datacentermap.com/usa/ohio/columbus/amazon-aws-cmh-5125-hayden/
14690,Aligned - Conesville Industrial Park,Aligned Data Centers,Colocation,"Conesville Industrial Park, 47201 Co Rd 273",Conesville,43811,Ohio,40.1829375,-81.8745625,https://www.datacentermap.com/usa/ohio/columbus/aligned-cip/
10685,Amazon AWS CMH - 2570 Beech,Amazon AWS,Hyperscaler,2570 Beech Rd,Johnstown,43031,Ohio,40.09459526672961,-82.75147081553362,https://www.datacentermap.com/usa/ohio/columbus/amazon-aws-cmh-2570-beech/
10652,Amazon AWS CMH - Scioto G,Amazon AWS,Hyperscaler,4120-4188 Scioto Darby Creek Rd,Hillard,43026,Ohio,40.01545518949632,-83.12448660392279,https://www.datacentermap.com/usa/ohio/columbus/amazon-aws-cmh-scioto-g/
10649,Amazon AWS CMH - Scioto D,Amazon AWS,Hyperscaler,4120-4188 Scioto Darby Creek Rd,Hillard,43026,Ohio,40.0193334582309,-83.12454024810076,https://www.datacentermap.com/usa/ohio/columbus/amazon-aws-cmh-scioto-d/
10690,Amazon AWS CMH - 8567 Warner C,Amazon AWS,Hyperscaler,8567 Warner Road,Plain City,43064,Ohio,40.118156,-83.202704,https://www.datacentermap.com/usa/ohio/columbus/amazon-aws-cmh-8567-warner-c/
11760,Compass New Albany,Compass Datacenters,Colocation,6625 New Albany Rd E,New Albany,43054,Ohio,40.1037145,-82.8089653,https://www.datacentermap.com/usa/ohio/columbus/compass-new-albany/
10656,Amazon AWS CMH - 4624 Cosgray,Amazon AWS,Hyperscaler,4624 Cosgray Rd,Hillard,43026,Ohio,40.050403,-83.175652,https://www.datacentermap.com/usa/ohio/columbus/amazon-aws-cmh-4624-cosgray/
10689,Amazon AWS CMH - 8567 Warner B,Amazon AWS,Hyperscaler,8567 Warner Road,Plain City,43064,Ohio,40.117342,-83.202064,https://www.datacentermap.com/usa/ohio/columbus/amazon-aws-cmh-8567-warner-b/
10646,Amazon AWS CMH - Scioto A,Amazon AWS,Hyperscaler,4120-4188 Scioto Darby Creek Rd,Hillard,43026,Ohio,40.02139575289289,-83.12599936974131,https://www.datacentermap.com/usa/ohio/columbus/amazon-aws-cmh-scioto-a/
10696,Amazon AWS CMH - 8619 Industrial D,Amazon AWS,Hyperscaler,8619 Industrial Parkway,Plain City,43064,Ohio,40.134772,-83.211574,https://www.datacentermap.com/usa/ohio/columbus/amazon-aws-cmh-8619-industrial-d/
10655,Amazon AWS CMH - 4612 Cosgray,Amazon AWS,Hyperscaler,4612 Cosgray Rd,Hillard,43026,Ohio,40.049333,-83.175443,https://www.datacentermap.com/usa/ohio/columbus/amazon-aws-cmh-4612-cosgray/
14043,Refugee Rd SW,Microsoft,Hyperscaler,Refugee Rd SW,Pataskala,43062,Ohio,39.97801244275905,-82.71563947744693,https://www.datacentermap.com/usa/ohio/columbus/refugee-rd-sw/
10678,Amazon AWS CMH - Beech North C,Amazon AWS,Hyperscaler,2890-2970 Beech Road,Johnstown,43031,Ohio,40.09948164932315,-82.74701635640388,https://www.datacentermap.com/usa/ohio/columbus/amazon-aws-cmh-beech-north-c/
10648,Amazon AWS CMH - Scioto C,Amazon AWS,Hyperscaler,4120-4188 Scioto Darby Creek Rd,Hillard,43026,Ohio,40.02138753670318,-83.1233708050212,https://www.datacentermap.com/usa/ohio/columbus/amazon-aws-cmh-scioto-c/
10653,Amazon AWS CMH - Cosgray Campus,Amazon AWS,Campus,4600-4636 Cosgray Rd,Hillard,43026,Ohio,40.049953,-83.177429,https://www.datacentermap.com/usa/ohio/columbus/amazon-aws-cmh-cosgray-campus/
10667,Amazon AWS CMH - 6665 Crosby,Amazon AWS,Hyperscaler,6665 Crosby Court,Dublin,43016,Ohio,40.10179641657541,-83.19966643905222,https://www.datacentermap.com/usa/ohio/columbus/amazon-aws-cmh-6665-crosby/
9518,Lumen Columbus 2,Lumen,Colocation,226 North Fifth Street,Columbus,43215,Ohio,39.9677617,-82.9955572,https://www.datacentermap.com/usa/ohio/columbus/lumen-columbus-2/
14383,Borden Building,Unknown Company,Building,180 E Broad St,Columbus,43215,Ohio,39.96322395338774,-82.99585341086328,https://www.datacentermap.com/usa/ohio/columbus/borden-building/
3502,DataBank - 251 Neilston St,DataBank,Colocation,251 Neilston St,Columbus,43215,Ohio,39.9681907,-82.9949322,https://www.datacentermap.com/usa/ohio/columbus/zcolo-251-neilston/
1680,Lumen Columbus,Lumen,Colocation,226 North Fifth Street,Columbus,43215,Ohio,39.967883,-82.995867,https://www.datacentermap.com/usa/ohio/columbus/level3-columbus/
2164,Crown Castle Columbus (OH1),CROWN CASTLE,Colocation,101 E. Town St.,Columbus,43215,Ohio,39.958862,-82.996794,https://www.datacentermap.com/usa/ohio/columbus/datacenter-101-llc/
5312,Lumen Columbus 1,Lumen,Colocation,266 North 5th St,Columbus,43215,Ohio,39.9684066,-82.9958383,https://www.datacentermap.com/usa/ohio/columbus/level3-columbus1/
10098,QTS New Albany 1 DC1,QTS Data Centers,Colocation,1225 Beech Rd SW,New Albany,43054,Ohio,40.06377,-82.757933,https://www.datacentermap.com/usa/ohio/columbus/qts-new-albany-1-dc1/
10672,Amazon AWS CMH - 2875 Newton,Amazon AWS,Hyperscaler,2875 Newton Court,Johnstown,43031,Ohio,40.09217438318885,-82.72758807944813,https://www.datacentermap.com/usa/ohio/columbus/amazon-aws-cmh-2875-newton/
10671,Amazon AWS CMH - 2575 Newton,Amazon AWS,Hyperscaler,2575 Newton Court,Johnstown,43031,Ohio,40.09217438318885,-82.72758807944813,https://www.datacentermap.com/usa/ohio/columbus/amazon-aws-cmh-2575-newton/
10099,QTS New Albany 1 DC2,QTS Data Centers,Colocation,1275 Beech Rd SW,New Albany,43054,Ohio,40.0673771,-82.75438190000001,https://www.datacentermap.com/usa/ohio/columbus/qts-new-albany-1-dc2/
8555,Hostrunway Columbus,Hostrunway,Colocation,,Blacklick,43004,Ohio,,,https://www.datacentermap.com/usa/ohio/columbus/hostrunway-columbus/
6521,H5 Data Centers Cleveland,H5 Data Centers,Colocation,1625 Rockwell Ave,Cleveland,44114,Ohio,41.5066085,-81.6830508,https://www.datacentermap.com/usa/ohio/cleveland/h5dc-cleveland/
2065,Fusion Connect - Cleveland,Fusion Connect,Colocation,1621 Euclid Ave,Cleveland,44115,Ohio,41.5016139,-81.680445,https://www.datacentermap.com/usa/ohio/cleveland/fidelity-voice-and-data/
6555,Ark Data Centers Independence,Ark Data Centers,Colocation,7500 E. Pleasant Valley Rd,Independence,44131,Ohio,41.361855,-81.64703,https://www.datacentermap.com/usa/ohio/cleveland/involta-independence/
1683,Cogent Data Center - Cleveland,"Cogent Communications, Inc.",Colocation,1621 Euclid Ave,Cleveland,44115,Ohio,41.501866,-81.680504,https://www.datacentermap.com/usa/ohio/cleveland/cogent-cleveland/
2066,Keith Building,K&D Real Estate Services,Building,1621 Euclid Avenue,Cleveland,44115,Ohio,41.5016139,-81.680445,https://www.datacentermap.com/usa/ohio/cleveland/keith-building/
2131,BlueBridge Networks,"BlueBridge Networks, LLC",Colocation,1255 Euclid Ave,Cleveland,44115,Ohio,41.501354,-81.683565,https://www.datacentermap.com/usa/ohio/cleveland/bluebridge-networks/
3269,Expedient Garfield Heights 2,Expedient Data Centers,Colocation,15248 NEO Parkway,Cleveland,44128,Ohio,41.429344,-81.573989,https://www.datacentermap.com/usa/ohio/cleveland/expedient-cleveland-152/
572,Cleveland Data Center,Green Bridge Real Estate,Colocation,Corporate Drive / 12875,Cleveland,44130,Ohio,41.408119,-81.78335,https://www.datacentermap.com/usa/ohio/cleveland/12875-corporate/
9881,Aligned NEO-01,Aligned Data Centers,Colocation,2509 Hayes Ave,Sandusky,44870,Ohio,41.4308376,-82.7171388,https://www.datacentermap.com/usa/ohio/cleveland/aligned-neo-01/
12149,BlueBridge Networks,"BlueBridge Networks, LLC",Colocation,5915 Landerbrook,Mayfield Hts,44124,Ohio,41.5059513,-81.4673161,https://www.datacentermap.com/usa/ohio/cleveland/bluebridge-mayfield-hts/
6634,DataBank CLE1 - Downtown Cleveland,DataBank,Colocation,1255 Euclid Avenue,Cleveland,44115,Ohio,41.5010215,-81.6841024,https://www.datacentermap.com/usa/ohio/cleveland/databank-cleveland/
8233,NCS Richmond Heights,NCS Datacom,Colocation,26391 Curtiss Wright Pkwy,Richmond Heights,44143,Ohio,41.5696127,-81.4897113,https://www.datacentermap.com/usa/ohio/cleveland/richmond-heights/
9632,Expedient Lewis Center,Expedient Data Centers,Colocation,281 E Powell Rd,Lewis Center,43035,Ohio,40.1545985,-83.014149,https://www.datacentermap.com/usa/ohio/cleveland/expedient-lewis-center/
2927,Public Square Tech Center,Morgan Reed Group,Colocation,200 Euclid Avenue,Cleveland,44114,Ohio,41.498707,-81.691567,https://www.datacentermap.com/usa/ohio/cleveland/public-square-tech-center/
12433,Everstream Parma Data Center,Everstream,Colocation,12875 Corporate Dr,Parma,44130,Ohio,41.4079358,-81.7799783,https://www.datacentermap.com/usa/ohio/cleveland/everstream-parma-data-center/
5696,Bay Pointe Data Center,Bay Pointe,Colocation,2662 Brecksville Rd,Richfield,44286,Ohio,41.2084777,-81.6388251,https://www.datacentermap.com/usa/ohio/cleveland/bay-pointe/
12753,Cogent Data Center - Cleveland 2,"Cogent Communications, Inc.",Colocation,2650 Rockefeller Ave,Cleveland,44115,Ohio,41.4847683,-81.6747708,https://www.datacentermap.com/usa/ohio/cleveland/cogent-data-center-cleveland-2/
10219,Windstream Cleveland,Windstream,Colocation,200 W Prospect Ave,Cleveland,44115,Ohio,41.49786,-81.6933205,https://www.datacentermap.com/usa/ohio/cleveland/windstream-cleveland/
5244,Mangobay Cleveland,Mango Bay Internet,Colocation,1277 E Schaaf Rd,Brooklyn Heights,44131,Ohio,41.4130282,-81.6577313,https://www.datacentermap.com/usa/ohio/cleveland/mangobay-cleveland/
1315,Expedient Garfield Heights 1,Expedient Data Centers,Colocation,15166 NEO Parkway,Cleveland,44128,Ohio,41.429872,-81.571632,https://www.datacentermap.com/usa/ohio/cleveland/expedient-cleveland/
5309,Lumen Cleveland 3,Lumen,Colocation,1621 Euclid Avenue,Cleveland,44115,Ohio,41.5016671,-81.6804264,https://www.datacentermap.com/usa/ohio/cleveland/level3-cleveland3/
4892,Sterling Telecom Office Building,"Sterling Telecom Office Building, LLC",Building,1255 Euclid Avenue,Cleveland,44115,Ohio,41.5011623,-81.6834628,https://www.datacentermap.com/usa/ohio/cleveland/sterling-building/
5308,Lumen Cleveland 2,Lumen,Colocation,1228 Euclid,Cleveland,44145,Ohio,41.5002762,-81.6839155,https://www.datacentermap.com/usa/ohio/cleveland/level3-cleveland2/
5305,Lumen Cleveland 1,Lumen,Colocation,4000 Chester Ave,Cleveland,44145,Ohio,41.504933,-81.657748,https://www.datacentermap.com/usa/ohio/cleveland/level3-cleveland1/
864,Flexential Cincinnati Data Center,Flexential,Colocation,5307 Muhlhauser Rd,Hamilton,45011,Ohio,39.389509,-84.534302,https://www.datacentermap.com/usa/ohio/cincinnati/flexential-cincinnati/
690,"DartPoints Cincinnati, OH - CVG01",DartPoints,Colocation,302 West Third Street,Cincinnati,45202,Ohio,39.098141,-84.517673,https://www.datacentermap.com/usa/ohio/cincinnati/profitabilitynet/
4445,CyrusOne CIN97 - Cincinnati,CyrusOne Data Centers,Colocation,4600 McAuley Place,Blue Ash,45242,Ohio,39.2444984,-84.380769,https://www.datacentermap.com/usa/ohio/cincinnati/cyrusone-ohio-blue-ash/
4447,CyrusOne CIN4 - Hamilton,CyrusOne Data Centers,Colocation,103 Knightsbridge Drive,Hamilton,45011,Ohio,39.3870117,-84.5649065,https://www.datacentermap.com/usa/ohio/cincinnati/cyrusone-ohio-hamilton/
8709,H5 Data Centers Cincinnati II,H5 Data Centers,Colocation,925 Dalton Ave,Cincinnati,45203,Ohio,39.1058513,-84.5365697,https://www.datacentermap.com/usa/ohio/cincinnati/h5-cincinnati-ii/
4449,CyrusOne CIN3 - Mason,CyrusOne Data Centers,Colocation,4800 Parkway Drive,Cincinnati,45040,Ohio,39.209213,-84.469773,https://www.datacentermap.com/usa/ohio/cincinnati/cyrusone-ohio-mason/
6526,H5 Data Centers Cincinnati,H5 Data Centers,Colocation,360 Gest Street,Cincinnati,45203,Ohio,39.0979348,-84.5240947,https://www.datacentermap.com/usa/ohio/cincinnati/h5dc-cincinnati/
4450,CyrusOne CIN2 - Cincinnati,CyrusOne Data Centers,Colocation,229 West 7th St.,Cincinnati,45202,Ohio,39.1030375,-84.517724,https://www.datacentermap.com/usa/ohio/cincinnati/cyrusone-cincinnati/
6087,CenterGrid - Hamilton,CenterGrid,Colocation,101 Knightsbridge Dr,Hamilton,45011,Ohio,39.3848676,-84.566587,https://www.datacentermap.com/usa/ohio/cincinnati/centergrid-hamilton/
4446,CyrusOne Cincinnati (Gold Coast),CyrusOne Data Centers,Colocation,11500 Goldcoast Drive,Cincinnati,45249,Ohio,39.2754728,-84.3503835,https://www.datacentermap.com/usa/ohio/cincinnati/cyrusone-cincinnati-gold-coast/
12652,Encore Technologies NOR1,Encore Technologies,Colocation,4620 Wesley Ave,Cincinnati,45212,Ohio,39.1605357,-84.44869,https://www.datacentermap.com/usa/ohio/cincinnati/encore-technologies-nor1/
12653,Encore Technologies BLU1,Encore Technologies,Colocation,11515 Grooms Rd,Blue Ash,45242,Ohio,39.2775428,-84.3695712,https://www.datacentermap.com/usa/ohio/cincinnati/encore-technologies-blu1/
637, I74 Wired Data Center,I74 Wired,Colocation,2300 Montana Ave,Cincinnati,45211,Ohio,39.156263,-84.570958,https://www.datacentermap.com/usa/ohio/cincinnati/hot-site-data-center/
3097,DataBank - 334 Gest St,DataBank,Colocation,334 Gest St,Cincinnati,45203,Ohio,39.0978164,-84.5249577,https://www.datacentermap.com/usa/ohio/cincinnati/zcolo-334-gest-st/
1422,Lumen Cincinnati 2,Lumen,Colocation,9490 Meridian Way,West Chester,45069,Ohio,39.328216,-84.437407,https://www.datacentermap.com/usa/ohio/cincinnati/twtc-cincinnati/
5304,Lumen Cincinnati 3,Lumen,Colocation,1428 W. 8th St,Cincinnati,45203,Ohio,39.104741,-84.542472,https://www.datacentermap.com/usa/ohio/cincinnati/level3-cincinnati3/
1458,Lumen Cincinnati 1,Lumen,Colocation,400 Pike Street,Cincinnati,45202,Ohio,39.10204,-84.50345,https://www.datacentermap.com/usa/ohio/cincinnati/level3-cincinnati/
2323,CBTS Hamilton Data Center,CBTS,Colocation,123 Pine St,Hamilton,45011,Ohio,39.4065896,-84.544555,https://www.datacentermap.com/usa/ohio/cincinnati/cbts-hamilton-data-center/
2324,CBTS Gold Coast Data Center,CBTS,Colocation,55 Miners Way,Blue Ash,45249,Ohio,39.2320029,-84.3782734,https://www.datacentermap.com/usa/ohio/cincinnati/cbts-gold-coast-data-center/
2326,CBTS Lebanon Data Center,CBTS,Colocation,4433 Tree Top Way,Lebanon,45036,Ohio,39.4353373,-84.2029922,https://www.datacentermap.com/usa/ohio/cincinnati/cbts-lebanon-data-center/
2322,CBTS Cincinnati Data Center,CBTS,Colocation,1 Main St.,Cincinnati,45202,Ohio,39.131465,-84.700585,https://www.datacentermap.com/usa/ohio/cincinnati/cbts-cincinnati-data-center/
6183,LightSpeed Data Center,LightSpeed Hosting,Colocation,387 Medina Rd,Medina,44256,Ohio,41.1383532,-81.7005967,https://www.datacentermap.com/usa/ohio/akron/medina387/
4643,Ark Data Centers Akron 1,Ark Data Centers,Colocation,191 E. Miller Ave,Akron,44301,Ohio,41.056267,-81.519445,https://www.datacentermap.com/usa/ohio/akron/involta-akron/
9801,Ark Data Centers Akron 2,Ark Data Centers,Colocation,191 E. Miller Ave,Akron,44301,Ohio,41.05734349999999,-81.52236169999999,https://www.datacentermap.com/usa/ohio/akron/involta-akron-2/
10350,Cogent Data Center - Akron,"Cogent Communications, Inc.",Colocation,120 N Broadway St,Akron,44304,Ohio,41.0874311,-81.51386699999999,https://www.datacentermap.com/usa/ohio/akron/cogent-data-center-akron/
12794,FairlawnGig Service Center,FairlawnGig,Colocation,3300 Fairlawn Service Drive,Fairlawn,44333,Ohio,41.1332031,-81.6294432,https://www.datacentermap.com/usa/ohio/akron/fairlawngig-service-center/
5271,Lumen Akron 2,Lumen,Colocation,110 South Alrington Street,Akron,44311,Ohio,41.069378,-81.491246,https://www.datacentermap.com/usa/ohio/akron/level3-akron2/
4469,Telesystem DC-1,"Buckeye Telesystem, Inc",Colocation,4818 Angola Road,Toledo,43615,Ohio,41.6238005,-83.6558587,https://www.datacentermap.com/usa/ohio/toledo/telesystem-i/
741,CISP Data Center,CISP,Colocation,3035 Moffat Rd,Toledo,43615,Ohio,41.6736053,-83.6907601,https://www.datacentermap.com/usa/ohio/toledo/cisp/
7653,Ark Data Centers Youngstown,Ark Data Centers,Colocation,1343 Belmont Ave,Youngstown,44504,Ohio,41.117603,-80.657081,https://www.datacentermap.com/usa/ohio/youngstown/involta-youngstown/
1915,Ark Data Centers Canton,Ark Data Centers,Colocation,4726 Hills and Dales Rd. NW,Canton,44708-1512,Ohio,40.833054,-81.431979,https://www.datacentermap.com/usa/ohio/canton/securedata-365/
2581,Untangled Technology Data Center,Untangled Technology,Colocation,401 Tuscarawas St W,Canton,44702,Ohio,40.799388,-81.377418,https://www.datacentermap.com/usa/ohio/canton/untangled-technology/
9807,LexisNexis Springfield,LexisNexis,Colocation,601 Benjamin Dr,Springfield,45502,Ohio,39.9128669,-83.7238397,https://www.datacentermap.com/usa/ohio/springfield-oh/lexisnexis-springfield/
4448,CyrusOne CIN5 - Lebanon,CyrusOne Data Centers,Colocation,401 Kingsview Drive,Lebanon,45036,Ohio,39.3899143,-84.2151782,https://www.datacentermap.com/usa/ohio/lebanon/cyrusone-cincinnati-lebanon/
3731,Iron Mountain Data Centers OHS-1,Iron Mountain Data Centers,Colocation,3366 S. Tech Blvd.,Miamisburg,45342,Ohio,39.5915722,-84.2330431,https://www.datacentermap.com/usa/ohio/dayton/iron-mountain-ohs-1/
12654,Encore Technologies MSB1,Encore Technologies,Colocation,9333 N Springboro Pike,Miamisburg,45342,Ohio,39.6164876,-84.2290695,https://www.datacentermap.com/usa/ohio/dayton/encore-technologies-msb1/
9491,Lumen Dayton 2,Lumen,Colocation,130 W 2nd St,Dayton,45402,Ohio,39.7603556,-84.1951402,https://www.datacentermap.com/usa/ohio/dayton/lumen-dayton-2/
1389,Lumen Dayton 3,Lumen,Colocation,1 S Main St,Dayton,45402,Ohio,39.759445,-84.191785,https://www.datacentermap.com/usa/ohio/dayton/twtc-dayton/
5317,Lumen Dayton 1,Lumen,Colocation,600 S Broadway Street,Dayton,45408,Ohio,39.745782,-84.214073,https://www.datacentermap.com/usa/ohio/dayton/level3-dayton1/
555,TKG Data Center,The Karcher Group,Colocation,5590 Lauby Rd,North Canton,44720,Ohio,40.9102131,-81.431563,https://www.datacentermap.com/usa/ohio/akron-canton/the-karcher-group/
2325,CBTS Mason Data Center,CBTS,Colocation,784 Forrest Hill St.,Mason,45040,Ohio,41.0728614,-81.5025879,https://www.datacentermap.com/usa/ohio/akron-canton/cbts-mason-data-center/
10902,DP Facilities - Hannibal Gap Data Center,DP Facilities,Colocation,43840 State Route 7,Hannibal,43931,Ohio,39.70262409471337,-80.84958911822636,https://www.datacentermap.com/usa/ohio/hannibal/hannibal-gap-data-center/
8825,Microtronix Datacenter,"Microtronix ESolutions, LLC",Colocation,349 Wayne St,Ohio,45876,Ohio,40.9295779241061,-84.34159699387413,https://www.datacentermap.com/usa/ohio/lima-oh/microtronix-datacenter/
5030,Flexential Denver - Englewood Data Center,Flexential,Colocation,8636 S Peoria Street,Englewood,80112,Colorado,39.5600996,-104.8393277,https://www.datacentermap.com/usa/colorado/denver/flexential-englewood/
2218,Flexential Denver - Aurora Data Center,Flexential,Colocation,11900 Cornell Avenue,Aurora,80014,Colorado,39.661028,-104.85018,https://www.datacentermap.com/usa/colorado/denver/flexential-aurora/
2219,Flexential Denver - Centennial Data Center,Flexential,Colocation,12500 East Arapahoe Road,Centennial,80112,Colorado,39.594093,-104.843141,https://www.datacentermap.com/usa/colorado/denver/flexential-centennial/
716,Iron Mountain Data Centers DEN-1,Iron Mountain Data Centers,Colocation,4300 Brighton Blvd,Denver,80216,Colorado,39.777478,-104.96832,https://www.datacentermap.com/usa/colorado/denver/iron-mountain-den-1/
5892,US Signal Denver CO01,"US Signal Company, LLC",Colocation,8675 Concord Center Dr,Englewood,80112,Colorado,39.5592935,-104.8326266,https://www.datacentermap.com/usa/colorado/denver/oneneck-it-solutions/
4922,H5 Data Centers Denver,H5 Data Centers,Colocation,5350 South Valentia Way,Greenwood Village,80111,Colorado,39.6180129,-104.8913097,https://www.datacentermap.com/usa/colorado/denver/h5datacenter/
2875,1500 Champa,RadiusDC,Colocation,1500 Champa Street,Denver,80202,Colorado,39.7459482,-104.9944892,https://www.datacentermap.com/usa/colorado/denver/1500-champa/
9049,Equinix DE2,Equinix,Colocation,"335 Inverness Drive South, Inverness Business Park",Englewood,80112,Colorado,39.56025905872824,-104.8576057668798,https://www.datacentermap.com/usa/colorado/denver/equinix-de2/
5519,EdgeConneX Denver - EDCDEN01,EdgeConneX,Colocation,8535 Highfield Pkwy,Englewood,80112,Colorado,39.5640314,-104.8263395,https://www.datacentermap.com/usa/colorado/denver/edcden01/
606,DataBank DEN1 - Englewood,DataBank,Colocation,393 Inverness Pkwy,Englewood,80112,Colorado,39.5640712,-104.8665897,https://www.datacentermap.com/usa/colorado/denver/latisys-denver/
3658,Centersquare - Denver DEN1-A,Centersquare,Colocation,9180 Commerce Center Cir,Highland Ranch,80129,Colorado,39.549704,-105.033252,https://www.datacentermap.com/usa/colorado/denver/cyxtera-den1/
6841,365 Data Centers - Aurora,365 Data Centers,Colocation,3431 N. Windsor Dr,Aurora,80011,Colorado,39.763191,-104.7619477,https://www.datacentermap.com/usa/colorado/denver/sungardas-aurora/
3660,Centersquare - Denver DEN2-A,Centersquare,Colocation,8534 Concord Center Dr,Englewood,80112,Colorado,39.560959,-104.830574,https://www.datacentermap.com/usa/colorado/denver/cyxtera-den2a/
5233,CoreSite Denver (DE1),CoreSite,Colocation,910 15th st,Denver,80202,Colorado,39.74556,-104.995682,https://www.datacentermap.com/usa/colorado/denver/coresite-de1/
4470,DataBank DEN2 - Centennial,DataBank,Colocation,6900 S Peoria St,Centennial,80112,Colorado,39.5913412,-104.8469635,https://www.datacentermap.com/usa/colorado/denver/latisys-den2/
9174,DataBank DEN4 - Westminister,DataBank,Colocation,7579 W 103rd Ave,Westminster,80021,Colorado,39.88454,-105.08031,https://www.datacentermap.com/usa/colorado/denver/databank-den4/
9173,DataBank DEN3 - Downtown Denver,DataBank,Colocation,1500 Champa St,Denver,80202,Colorado,39.745755,-104.994405,https://www.datacentermap.com/usa/colorado/denver/databank-den3/
13414,Centennial Data Center,Aphorio Carter,Colocation,9706 E Easter Ave,Centennial,80112,Colorado,39.5873693,-104.876571,https://www.datacentermap.com/usa/colorado/denver/centennial-data-center/
3659,Centersquare - Denver DEN1-B,Centersquare,Colocation,9110 Commerce Center Circle,Highland Ranch,80129,Colorado,39.549737,-105.034348,https://www.datacentermap.com/usa/colorado/denver/cyxtera-den2b/
9664,DataBank DEN5 - Centennial II,DataBank,Colocation,6961 S Quentin St,Centennial,80112,Colorado,39.5901643,-104.8470028,https://www.datacentermap.com/usa/colorado/denver/databank-den5-centennial-ii/
8138,Colorado Colo,Colorado Colo,Colocation,11100 West 8th Ave,Lakewood,80215,Colorado,39.7281498,-105.1226064,https://www.datacentermap.com/usa/colorado/denver/colorado-colo/
1897,Massive Networks - Boulder,Massive Networks,Colocation,382 S Arthur Ave,Louisville,80027,Colorado,39.9654525,-105.1242975,https://www.datacentermap.com/usa/colorado/denver/rockynetcom/
5560,Cogent Data Center - Denver,"Cogent Communications, Inc.",Colocation,4643 S Ulster St,Denver,80237,Colorado,39.6308112,-104.8974777,https://www.datacentermap.com/usa/colorado/denver/cogent-denver/
5716,CoreSite Denver (DE2),CoreSite,Colocation,639 E 18th Ave,Denver,80203,Colorado,39.7448796,-104.9794477,https://www.datacentermap.com/usa/colorado/denver/coresite-denver-de2/
5370,910Telecom,"DGEB Management, LLC",Colocation,910 15th Street,Denver,80202,Colorado,39.74556,-104.995682,https://www.datacentermap.com/usa/colorado/denver/910telecom/
9185,QTS Aurora-Denver Campus,QTS Data Centers,Colocation,1160 N. Gun Club Rd,Aurora,80018,Colorado,39.7323976,-104.7157402,https://www.datacentermap.com/usa/colorado/denver/qts-auroradenver-campus/
9543,EdgeConneX Denver - EDCDEN02,EdgeConneX,Colocation,8451 Highfield Pkwy,Englewood,80112,Colorado,39.5634767,-104.826833,https://www.datacentermap.com/usa/colorado/denver/edgeconnex-den02/
13877,Comcast Centennial,Comcast,Colocation,7059 S Potomac St,Centennial,80112,Colorado,39.58829524537498,-104.8324646868858,https://www.datacentermap.com/usa/colorado/denver/comcast-centennial/
14567,American Tower EDC Boulder,American Tower Corporation,Colocation,9110 Interlocken Loop,Broomfield,80021,Colorado,39.914002,-105.0997333,https://www.datacentermap.com/usa/colorado/denver/american-tower-edc-boulder/
14568,American Tower EDC Denver,American Tower Corporation,Colocation,5041 Broadway,Denver,80216,Colorado,39.7881188,-104.9878199,https://www.datacentermap.com/usa/colorado/denver/american-tower-edc-denver/
3987,Earthnet Data Center,Earthnet,Colocation,4735 Walnut St,Boulder,80301,Colorado,40.01971072591039,-105.2420496940613,https://www.datacentermap.com/usa/colorado/denver/earthnet-boulder/
11176,CoreSite Denver (DE3),CoreSite,Colocation,4900 Race St,Denver,80216,Colorado,39.7855948,-104.9629572,https://www.datacentermap.com/usa/colorado/denver/coresite-denver-de3/
2928,Thornton Colorado Data Center,Morgan Reed Group,Colocation,12121 Grant Street,Thornton,80241,Colorado,39.9167466,-104.9864207,https://www.datacentermap.com/usa/colorado/denver/thornton-colorado-data-center/
1509,Equinix DE1,Equinix,Colocation,9706 E. Easter Avenue,Englewood,80112,Colorado,39.587286,-104.876303,https://www.datacentermap.com/usa/colorado/denver/switchdata-denver/
12136,Denver Gas & Electric Building,"DGEB Management, LLC",Building,910 15th St,Denver,80202,Colorado,39.745636,-104.9956363,https://www.datacentermap.com/usa/colorado/denver/denver-gas-electric-building/
9635,Expedient Centennial,Expedient Data Centers,Colocation,7347 S Revere Pkwy,Centennial,80112,Colorado,39.5827092,-104.8413691,https://www.datacentermap.com/usa/colorado/denver/expedient-centennial/
4578,Vastnet - Denver,Vastnet,Colocation,800E 73rd Av,Denver,80229,Colorado,39.828551,-104.976679,https://www.datacentermap.com/usa/colorado/denver/vastnet-denver-co/
3358,Massive Networks - Denver,Massive Networks,Colocation,910 15th st.,Denver,80202,Colorado,39.745621,-104.9956471,https://www.datacentermap.com/usa/colorado/denver/massive-denver/
1465,Lumen Denver 1,Lumen,Colocation,1850 Pearl Street,Denver,80203,Colorado,39.7457281,-104.9795015,https://www.datacentermap.com/usa/colorado/denver/level3-denver/
9484,Lumen Aurora,Lumen,Colocation,23901 E 6th Ave,Aurora,80018,Colorado,39.7262044,-104.7099417,https://www.datacentermap.com/usa/colorado/denver/lumen-aurora/
3957,Icelab Networks,Icelab Networks,Colocation,8191 Southpark Ln,Littleton,80120,Colorado,39.5682585,-105.0053446,https://www.datacentermap.com/usa/colorado/denver/icelab-networks/
1209,Verizon Denver,Verizon Communications Inc.,Colocation,313 Inverness Way South,Englewood,80112,Colorado,39.5653111,-104.8618305,https://www.datacentermap.com/usa/colorado/denver/xo-denver1/
5322,Lumen Denver 3,Lumen,Colocation,910 15th Street,Denver,80202,Colorado,39.74556,-104.995682,https://www.datacentermap.com/usa/colorado/denver/level3-denver3/
1428,Lumen Denver 2,Lumen,Colocation,14200 E Jewell Ave,Aurora,80012,Colorado,39.682094,-104.823403,https://www.datacentermap.com/usa/colorado/denver/twtc-denver/
2715,Data Canopy - Denver,Data Canopy,Colocation,900 S Broadway,Denver,80209,Colorado,39.699291,-104.986806,https://www.datacentermap.com/usa/colorado/denver/hosting-denver/
6852,365 Data Centers - SungardAS Thornton,365 Data Centers,Colocation,550 East 84th Street,Thornton,80229,Colorado,39.8477743,-104.9795103,https://www.datacentermap.com/usa/colorado/denver/sungardas-thornton/
10797,Novva Colorado Springs,Novva,Colocation,650 Sybilla Lane,Colorado Springs,80921,Colorado,39.0141737,-104.8142876,https://www.datacentermap.com/usa/colorado/colorado-springs/novva-colorado-springs/
635,Springs Hosting Data Center,Springs Hosting,Colocation,1205 Shasta Dr,Colorado Springs,80910,Colorado,38.8150081,-104.7695164,https://www.datacentermap.com/usa/colorado/colorado-springs/springs-hosting/
8958,ColoHouse Colorado Springs,ColoHouse,Colocation,102 S. Tejon Street,Colorado Springs,80903,Colorado,38.8355484,-104.8236416,https://www.datacentermap.com/usa/colorado/colorado-springs/colohouse-colorado-springs/
1299,Plaza of the Rockies West Tower,Norwood Development Group,Building,102 S Tejon St,Colorado Springs,80903,Colorado,38.8321241,-104.8240271,https://www.datacentermap.com/usa/colorado/colorado-springs/plaza-of-the-rockies-west-tower/
10206,Windstream Colorado Springs,Windstream,Colocation,1780 Jet Stream Dr,Colorado Springs,80921,Colorado,38.9971805,-104.792115,https://www.datacentermap.com/usa/colorado/colorado-springs/windstream-colorado-springs/
11480,T5 Data Centers - T5@Colorado Springs,T5 Data Centers,Colocation,3233 Janitell Rd,Colorado Springs,80906,Colorado,38.78613812959097,-104.7885933532184,https://www.datacentermap.com/usa/colorado/colorado-springs/t5-data-centers-t5colorado-springs/
5310,Lumen Colorado Springs 2,Lumen,Colocation,102 S. Tejon Street,Colorado Springs,80903,Colorado,38.8318441,-104.8241154,https://www.datacentermap.com/usa/colorado/colorado-springs/level3-colorado-springs2/
3752,CorKat Data,CorKat Data,Colocation,451 N Railroad Ave #101,Loveland,80537,Colorado,40.3961336,-105.0769273,https://www.datacentermap.com/usa/colorado/loveland/corkat-data/
4377,FRII Data Center,FRII,Colocation,3350 Eastbrook Dr,Fort Collins,80525,Colorado,40.5414762,-105.0408908,https://www.datacentermap.com/usa/colorado/fort-collins/frii/
14695,Fibernet MercuryDelta Campus,Fibernet Corp,Campus,4500 E Rd & US Hwy 50,Delta,81416,Colorado,38.7144812,-108.0520253,https://www.datacentermap.com/usa/colorado/delta/fibernet-mercurydelta/
8854,Centersquare - Seattle SEA3-A,Centersquare,Colocation,17300 Hwy 99,Lynnwood,98037,Washington,47.84201059999999,-122.3016677,https://www.datacentermap.com/usa/washington/seattle/evoque-sea1/
1016,2001 Sixth Avenue (SEA10),Digital Realty,Colocation,2001 Sixth Avenue,Seattle,98121,Washington,47.614358,-122.3388642,https://www.datacentermap.com/usa/washington/seattle/the-westin-building-dlr/
7391,Hivelocity - Seattle 1,Hivelocity,Colocation,2001 6th Ave,Seattle,98121,Washington,47.6143185,-122.3388942,https://www.datacentermap.com/usa/washington/seattle/hivelocity-westin/
8425,2020 5th Avenue (SEA11),Digital Realty,Colocation,2020 5th Avenue,Seattle,98121,Washington,47.6144252,-122.3397368,https://www.datacentermap.com/usa/washington/seattle/2020-5th-avenue/
3573,Digital Fortress Downtown Seattle,Digital Fortress,Colocation,3101 Western Ave,Seattle,98121,Washington,47.6180686,-122.3564848,https://www.datacentermap.com/usa/washington/seattle/digital-fortress-sea2/
948,The Westin Building,"The Westin Building, 2001 Sixth LLC",Building,2001 Sixth Avenue,Seattle,98121,Washington,47.6137108,-122.3382624,https://www.datacentermap.com/usa/washington/seattle/the-westin-building/
2169,Digital Fortress South Seattle,Digital Fortress,Colocation,12101 Tukwilla International Boulevard,Seattle,98168,Washington,47.491604,-122.292301,https://www.datacentermap.com/usa/washington/seattle/tuk-1/
723,TierPoint Seattle,TierPoint,Colocation,140 Fourth Ave. N,Seattle,98109,Washington,47.619008,-122.348972,https://www.datacentermap.com/usa/washington/seattle/adhost-internet/
6522,H5 Data Centers Seattle,H5 Data Centers,Colocation,1000 Denny Way,South Lake Union,98109,Washington,47.619054,-122.336393,https://www.datacentermap.com/usa/washington/seattle/h5dc-seattle/
2068,Superb SEA2 - Seattle,HopOne Internet,Colocation,3311 S. 120th Pl.,Seattle,98168,Washington,47.4954755,-122.2912893,https://www.datacentermap.com/usa/washington/seattle/sea2-seattle/
5542,EdgeConneX Seattle - EDCSEA01,EdgeConneX,Colocation,"3425 S 116th St, Building 6",Seattle,98168,Washington,47.4981839,-122.2895845,https://www.datacentermap.com/usa/washington/seattle/edcsea01/
9058,Equinix SE3,Equinix,Colocation,2020 Fifth Avenue,Seattle,98121,Washington,47.614455,-122.33965,https://www.datacentermap.com/usa/washington/seattle/equinix-se3/
1813,SDC Seattle,Sabey Data Center Properties LLC,Colocation,3355 35th Ave S,Tukwila,98168,Washington,47.4957796,-122.2864298,https://www.datacentermap.com/usa/washington/seattle/sabey-sdc52/
9059,Equinix SE4,Equinix,Colocation,6906 South 204th Street,Kent,98032,Washington,47.42158,-122.24756,https://www.datacentermap.com/usa/washington/seattle/equinix-se4/
8838,Digital Fortress North Seattle,Digital Fortress,Colocation,4200 194th St. SW,Lynnwood,98036,Washington,47.82251,-122.289421,https://www.datacentermap.com/usa/washington/seattle/digital-fortress-north-seattle/
4810,DataBank SEA2 - SeaTAC,DataBank,Colocation,3311 S 120th Pl,Tukwila,98168,Washington,47.4950345,-122.2905918,https://www.datacentermap.com/usa/washington/seattle/zcolo-3311s-120th/
3790,DataBank SEA1 - Downtown Seattle,DataBank,Colocation,2001 6th Ave,Seattle,98121,Washington,47.6143908,-122.3388835,https://www.datacentermap.com/usa/washington/seattle/zcolo-2001-6th-ave/
2011,LeaseWeb Seattle SEA-11,LeaseWeb,Colocation,12101 Tukwila International Blvd,Tukwila,98168,Washington,47.491604,-122.292301,https://www.datacentermap.com/usa/washington/seattle/ubiquity---seattle/
7614,ColoCrossing SEA1,ColoCrossing,Colocation,12201 Tukwila International Blvd,Seattle,98168,Washington,47.4931576,-122.2938323,https://www.datacentermap.com/usa/washington/seattle/colocrossing-sea1/
1775,Centersquare - Seattle SEA1-B,Centersquare,Colocation,3355 S 120th Pl,Seattle,98168,Washington,47.491449,-122.288839,https://www.datacentermap.com/usa/washington/seattle/cyxtera-sea1b/
7395,Cogent Data Center - Seattle,"Cogent Communications, Inc.",Colocation,32275 32nd Ave. S.,Federal Way,98001,Washington,47.31176216006495,-122.2945582866669,https://www.datacentermap.com/usa/washington/seattle/cogent-seattle/
5844,ColoInSeattle.com,ColoInSeattle.com,Colocation,12201 Tukwila International Blvd,Seattle,98121,Washington,47.491604,-122.292301,https://www.datacentermap.com/usa/washington/seattle/coloinseattlecom/
5774,Lunavi Seattle,Lunavi,Colocation,2001 6th Avenue,Seattle,98121,Washington,47.614408,-122.338388,https://www.datacentermap.com/usa/washington/seattle/green-house-data-seattle/
1506,Equinix SE2,Equinix,Colocation,2001 Sixth Ave,Seattle,98121,Washington,47.614408,-122.338388,https://www.datacentermap.com/usa/washington/seattle/switch-data-seattle/
531,Pacific Internet North Datacenter,Pacific Internet,Colocation,Canyon Park,Bothell,98021,Washington,47.793971,-122.195993,https://www.datacentermap.com/usa/washington/seattle/worldlink-colocation-services/
8309,CherryRoad SEA2,CherryRoad Technologies,Colocation,3311 South 120th Place,Tukwila,98168,Washington,47.4950629,-122.290932,https://www.datacentermap.com/usa/washington/seattle/cherryroad-sea2/
3668,Centersquare - Seattle SEA2-A,Centersquare,Colocation,6101 S 180th St,Tukwila,98188,Washington,47.440858,122.255254,https://www.datacentermap.com/usa/washington/seattle/cyxtera-sea2a/
1770,Evocative SEA1,Evocative Data Centers,Colocation,140 4th Ave N,Seattle,98109,Washington,47.619008,-122.3489718,https://www.datacentermap.com/usa/washington/seattle/internap-140-4th-ave/
4908,Colocation Northwest - Downtown Seattle,Colocation NorthWest,Colocation,2001 6th Ave,Seattle,98121,Washington,47.614408,-122.338388,https://www.datacentermap.com/usa/washington/seattle/westin-building-exchange/
1773,Centersquare - Seattle SEA1-A,Centersquare,Colocation,12301 Tukwila International Blvd,Tukwila,98168,Washington,47.492039,-122.293101,https://www.datacentermap.com/usa/washington/seattle/cyxtera-sea1a/
3158,Pacific Internet South Datacenter,Pacific Internet,Colocation,1300 SW 7th St,Tukwila,98057,Washington,47.4735842,-122.2352127,https://www.datacentermap.com/usa/washington/seattle/worldlink-south-datacenter/
928,Intergate.West,Sabey Data Center Properties LLC,Colocation,12101-12301 Tukwila International Blvd,Tukwila,98168,Washington,47.4921809,-122.2933128,https://www.datacentermap.com/usa/washington/seattle/sabey-intergate-west/
8986,Wowrack Tukwila,Wowrack,Colocation,12201 Tukwila International Blvd,Tukwila,98168,Washington,47.49330991301814,-122.2938644883778,https://www.datacentermap.com/usa/washington/seattle/wowrack/
7747,Semaphore Seattle,Semaphore Corporation,Colocation,2001 6th Avenue,Seattle,98121,Washington,47.6143677,-122.3388981,https://www.datacentermap.com/usa/washington/seattle/semaphore-seattle/
4909,Colocation Northwest - Redmond,Colocation NorthWest,Colocation,2520 152nd Ave NE,Redmond,98052,Washington,47.6328096,-122.1376842,https://www.datacentermap.com/usa/washington/seattle/redmond-overlake/
1826,KOMO Plaza,GI Property Management,Building,140 4th Avenue North,Seattle,98109,Washington,47.6195033,-122.3480997,https://www.datacentermap.com/usa/washington/seattle/fisher-building/
3208,1505 5th,Colliers International,Building,1505 5th Ave,Seattle,98101,Washington,47.6107164,-122.3358076,https://www.datacentermap.com/usa/washington/seattle/1505-5th/
1814,Intergate.East,Sabey Data Center Properties LLC,Colocation,3311-3511 S 120th Place,Tukwila,98168,Washington,47.4950448,-122.2905583,https://www.datacentermap.com/usa/washington/seattle/sabey-intergate-east/
1139,ISOMEDIA Seattle,"ISOMEDIA, Inc.",Colocation,2001 Sixth Avenue,Seattle,98121,Washington,47.614408,-122.338388,https://www.datacentermap.com/usa/washington/seattle/isomedia-westin/
4809,DataBank - 12201 Tukwila Intl Blvd,DataBank,Colocation,12201 Tukwila Intl Blvd,Tukwila,98168,Washington,47.4930991,-122.2936882,https://www.datacentermap.com/usa/washington/seattle/zcolo-12201-tukwila/
1769,Evocative - INAP Seattle,Evocative Data Centers,Colocation,3555 S 120th Place,Seattle,98109,Washington,47.6144077,-122.3383877,https://www.datacentermap.com/usa/washington/seattle/internap-westin/
5604,Astute Hosting Seattle,Astute Hosting Incorporated,Colocation,2001 6th Ave,Seattle,98121,Washington,47.614408,-122.338388,https://www.datacentermap.com/usa/washington/seattle/astute-hosting-seattle/
6447,Seattle Colocation,Seattle Colocation,Colocation,2001 6th Ave,Seattle,98121,Washington,47.6143731,-122.3388856,https://www.datacentermap.com/usa/washington/seattle/seattle-colocation/
1593,ColoCenters,"ColoCenters, Inc.",Colocation,2001 6th Ave,Seattle,98121,Washington,47.6143968,-122.3388475,https://www.datacentermap.com/usa/washington/seattle/colocenters/
4311,Optic Fusion - Westin,"Optic Fusion, Inc.",Colocation,2001 6th Ave,Seattle,98121,Washington,47.614408,-122.338388,https://www.datacentermap.com/usa/washington/seattle/optic-fusion-westin/
3090,Lumen Bothell,Lumen,Colocation,22722 29th Drive SE,Bothell,98021,Washington,47.792255,-122.196049,https://www.datacentermap.com/usa/washington/seattle/tw-telecom---bothell/
7685,Hostrunway Seattle,Hostrunway,Colocation,"12201 Tukwila International Blvd #100, Tukwila",Seattle,WA 98168,Washington,47.4931576,-122.2938323,https://www.datacentermap.com/usa/washington/seattle/hostrunway-seattle/
1138,ISOMEDIA Redmond,"ISOMEDIA, Inc.",Colocation,2400 152nd ave NE,Redmond,98052,Washington,47.6316,-122.137721,https://www.datacentermap.com/usa/washington/seattle/overlake-business-center/
1613,Wowrack Seattle,Wowrack,Colocation,2001 Sixth Avenue,Seattle,98121,Washington,47.614408,-122.338388,https://www.datacentermap.com/usa/washington/seattle/wowrack-com/
3496,IBM SEA01,IBM,Colocation,3355 South 120th Place,Seattle,98168,Washington,47.4918687,-122.2898138,https://www.datacentermap.com/usa/washington/seattle/softlayer-sjc01/
1198,Verizon Seattle,Verizon Communications Inc.,Colocation,1100 2nd Ave,Seattle,98101,Washington,47.6065177,-122.3357194,https://www.datacentermap.com/usa/washington/seattle/xo-seattle/
1444,Lumen Seattle,Lumen,Colocation,1000 Denny Way,Seattle,98109,Washington,47.618532,-122.337158,https://www.datacentermap.com/usa/washington/seattle/level3-seattle/
5468,Lumen Seattle 1,Lumen,Colocation,1505 5th Avenue,Seattle,98101,Washington,47.6108787,-122.3360583,https://www.datacentermap.com/usa/washington/seattle/level3-seattle1/
1614,BitPusher Data Center,"BitPusher, LLC.",Colocation,12101 Tukwila International Blvd,Tukwila,98168,Washington,47.4941285,-122.2944044,https://www.datacentermap.com/usa/washington/seattle/bitpusher/
7352,H5 Data Centers Quincy I,H5 Data Centers,Colocation,1711 M Street NE,Quincy,98848,Washington,47.2524633,-119.8197427,https://www.datacentermap.com/usa/washington/spokane/h5-quincy/
605,TierPoint Spokane,TierPoint,Colocation,23403 E. Mission Avenue,Liberty Lake,99019,Washington,47.671352,-117.089693,https://www.datacentermap.com/usa/washington/spokane/tierpoint/
9455,TierPoint Spokane 3,TierPoint,Colocation,23017 E. Mission Avenue,Liberty Lake,99019,Washington,47.6719509,-117.095966,https://www.datacentermap.com/usa/washington/spokane/tierpoint-spo03/
12768,Cogent Data Center - Spokane,"Cogent Communications, Inc.",Colocation,4725 S Spotted Rd,Spokane,99224,Washington,47.6103251,-117.5183835,https://www.datacentermap.com/usa/washington/spokane/cogent-data-center-spokane/
7740,Neutron Data Center,Neutron,Colocation,422-428 W Riverside,Spokane,99201,Washington,47.6582945,-117.4192,https://www.datacentermap.com/usa/washington/spokane/neutron/
3474,Interlink Data Center,Interlink Advantage,Colocation,418 E Pacific Ave,Spokane,99202,Washington,47.6554241,-117.4042987,https://www.datacentermap.com/usa/washington/spokane/interlink/
2108,Fusion Connect - Spokane,Fusion Connect,Colocation,118 N. Stevens St,Spokane,99201,Washington,47.6585759,-117.419279,https://www.datacentermap.com/usa/washington/spokane/oneeighty-spokane/
4910,Colocation Northwest - Bellevue,Colocation NorthWest,Colocation,3181 156th Ave SE,Bellevue,98007,Washington,47.5819186,-122.1349544,https://www.datacentermap.com/usa/washington/bellevue/bellevue-eastgate/
1137,ISOMEDIA Bellevue,"ISOMEDIA, Inc.",Colocation,15400SE place,Bellevue,98007,Washington,47.551783,-122.115801,https://www.datacentermap.com/usa/washington/bellevue/eastgate/
12380,CSSNW Bellingham,CSS Communications,Colocation,1911 C St,Bellingham,98225,Washington,48.7572868,-122.4805356,https://www.datacentermap.com/usa/washington/bellingham/cssnw-bellingham/
5823,Lunavi Bellingham,Lunavi,Colocation,851 Coho Way,Bellingham,98225,Washington,48.7592261,-122.5035402,https://www.datacentermap.com/usa/washington/bellingham/ghd-bellingham/
6167,Serverfarm TiTAN,Serverfarm,Colocation,4949 Randolph Rd NE,Moses Lake,98837,Washington,47.181474,-119.321314,https://www.datacentermap.com/usa/washington/moses-lake/cyxtera-mwh1/
12537,Bitfarms Washington,Bitfarms Ltd.,Colocation,Not Publicly Available,Moses Lake,98837,Washington,47.1301417,-119.2780771,https://www.datacentermap.com/usa/washington/moses-lake/bitfarms-washington/
4251,Vivio Technologies - WW TS Site,Vivio Technologies,Colocation,1473 W Rose St,Walla Walla,99362,Washington,46.0584328,-118.3661403,https://www.datacentermap.com/usa/washington/walla-walla/vivio-ww-ts-site/
2106,Fusion Connect - Walla Walla,Fusion Connect,Colocation,1 West Alder,Walla Walla,99362,Washington,46.0655246,-118.3386804,https://www.datacentermap.com/usa/washington/walla-walla/oneeighty-walla-walla/
11631,PocketiNet Walla Walla,PocketInet,Colocation,45 Terminal Loop Rd,Walla Walla,99362,Washington,46.0874152,-118.2846552,https://www.datacentermap.com/usa/washington/walla-walla/pocketinet-walla-walla/
3233,Vivio Technologies - WW UG Site,Vivio Technologies,Colocation,22 W Main St,Walla Walla,99362,Washington,46.0665961,-118.340416,https://www.datacentermap.com/usa/washington/walla-walla/walla-walla-co/
464,KnownHost Washington,KnownHost,Colocation,255 A Street,Walla Walla,99362,Washington,46.088101,-118.28119,https://www.datacentermap.com/usa/washington/walla-walla/advantagecom-networks/
3456,Colocation Northwest - South Hill,Colocation NorthWest,Colocation,1111 39th Avenue SE,Puyallup,98374,Washington,47.1608567,-122.2793217,https://www.datacentermap.com/usa/washington/tacoma/south-hill-dc/
11788,ScaleMatrix Seattle,ScaleMatrix,Colocation,1023 39th Ave SE,Puyallup,98374,Washington,47.1548585,-122.2790184,https://www.datacentermap.com/usa/washington/tacoma/scalematrix-seattle/
1746,Optic Fusion - Perkins Building,"Optic Fusion, Inc.",Colocation,1101 A St.,Tacoma,98402,Washington,47.253329,-122.436741,https://www.datacentermap.com/usa/washington/tacoma/optic-fusion/
6459,Colocation Northwest - Tacoma,Colocation NorthWest,Colocation,1101 A St,Tacoma,98402,Washington,47.2533381,-122.4367086,https://www.datacentermap.com/usa/washington/tacoma/colonorthwest-tacoma/
11198,Centeris South Hill SH1,Centeris Data Centers,Colocation,1111 39th Ave SE,Puyallup,98374,Washington,47.1607846,-122.2794366,https://www.datacentermap.com/usa/washington/tacoma/centeris-south-hill-sh1/
10375,Cogent Data Center - Tacoma,"Cogent Communications, Inc.",Colocation,2210 S 35th St,Tacoma,98409,Washington,47.22774760000001,-122.4666435,https://www.datacentermap.com/usa/washington/tacoma/cogent-data-center-tacoma/
10241,Perkins Building,Unknown Company,Building,1101 A St,Tacoma,98402,Washington,47.25333879999999,-122.436765,https://www.datacentermap.com/usa/washington/tacoma/perkins-building/
11199,Centeris South Hill SH2,Centeris Data Centers,Colocation,1015 39th Ave SE,Puyallup,98374,Washington,47.15879342983055,-122.2798167081964,https://www.datacentermap.com/usa/washington/tacoma/centeris-south-hill-sh2/
11197,Centeris South Hill Campus,Centeris Data Centers,Campus,1015-1023 39th Avenue SE,Puyallup,98374,Washington,47.15992246172314,-122.2794237429955,https://www.datacentermap.com/usa/washington/tacoma/centeris-south-hill-campus/
4954,SDC Quincy,Sabey Data Center Properties LLC,Colocation,2200 M St NE,Quincy,98848,Washington,38.9372434,-76.974159,https://www.datacentermap.com/usa/washington/quincy/intergate-quincy-c/
9423,CyrusOne PNW1 - Quincy,CyrusOne Data Centers,Colocation,1025 D Street NW,Quincy,98848,Washington,47.24281545135931,-119.8711393587792,https://www.datacentermap.com/usa/washington/quincy/cyrusone-pnw1/
10037,Microsoft Quincy Campus,Microsoft,Campus,1515 Port Industrial Way,Quincy,98848,Washington,47.2381244,-119.885198,https://www.datacentermap.com/usa/washington/quincy/microsoft-quincy/
10045,Vantage WA1 - Quincy,Vantage Data Centers,Colocation,"2101 M Street, NE",Quincy,98848,Washington,47.25027799999999,-119.814025,https://www.datacentermap.com/usa/washington/quincy/vantage-wa1-quincy/
13199,Microsoft Columbia Campus,Microsoft,Campus,501-600 Port Industrial Way,Quincy,98848,Washington,47.23904044431441,-119.8631711358407,https://www.datacentermap.com/usa/washington/quincy/microsoft-columbia-campus/
13203,Microsoft Columbia Data Center (CO1),Microsoft,Hyperscaler,501 Port Industrial Way,Quincy,98848,Washington,47.24032237056363,-119.8619867278676,https://www.datacentermap.com/usa/washington/quincy/microsoft-columbia-co1/
13069,Microsoft Quincy (MWH04 North),Microsoft,Hyperscaler,1515 Port Industrial Way,Quincy,98848,Washington,47.23769319897741,-119.8875316564026,https://www.datacentermap.com/usa/washington/quincy/microsoft-quincy-mwh04-north/
13073,Microsoft Quincy (MWH06),Microsoft,Hyperscaler,1515 Port Industrial Way,Quincy,98848,Washington,47.2371499643194,-119.8951592001521,https://www.datacentermap.com/usa/washington/quincy/microsoft-quincy-mwh06/
13072,Microsoft Quincy (MWH05),Microsoft,Hyperscaler,1515 Port Industrial Way,Quincy,98848,Washington,47.23678020651192,-119.8831507872702,https://www.datacentermap.com/usa/washington/quincy/microsoft-quincy-mwh05/
13070,Microsoft Quincy (MWH04 South),Microsoft,Hyperscaler,1515 Port Industrial Way,Quincy,98848,Washington,47.23677753773705,-119.8875853005835,https://www.datacentermap.com/usa/washington/quincy/microsoft-quincy-mwh04-south/
13317,H5 Data Centers Quincy II,H5 Data Centers,Colocation,1500 M St NE,Quincy,98848,Washington,47.2479159,-119.8249245,https://www.datacentermap.com/usa/washington/quincy/h5-data-centers-quincy-ii/
13318,H5 Data Centers Quincy III,H5 Data Centers,Colocation,1500 M St NE,Quincy,98848,Washington,47.24657007065377,-119.8284135187007,https://www.datacentermap.com/usa/washington/quincy/h5-data-centers-quincy-iii/
13068,Microsoft Quincy (MWH02 South),Microsoft,Hyperscaler,1515 Port Industrial Way,Quincy,98848,Washington,47.23860494231988,-119.887402143135,https://www.datacentermap.com/usa/washington/quincy/microsoft-quincy-mwh02-south/
13201,Microsoft Columbia Data Center (CO4),Microsoft,Hyperscaler,600 Port Industrial Way,Quincy,98848,Washington,47.23762264176008,-119.8646861022696,https://www.datacentermap.com/usa/washington/quincy/microsoft-columbia-co4/
13202,Microsoft Columbia Data Center (CO5),Microsoft,Hyperscaler,600 Port Industrial Way,Quincy,98848,Washington,47.2384152743596,-119.8647418921848,https://www.datacentermap.com/usa/washington/quincy/microsoft-columbia-co5/
13066,Microsoft Quincy (MWH01 South),Microsoft,Hyperscaler,1515 Port Industrial Way,Quincy,98848,Washington,47.23855176598144,-119.8829604037112,https://www.datacentermap.com/usa/washington/quincy/microsoft-quincy-mwh01-south/
13200,Microsoft Columbia Data Center (CO3),Microsoft,Hyperscaler,501-600 Port Industrial Way,Quincy,98848,Washington,47.2388456211128,-119.8592988930946,https://www.datacentermap.com/usa/washington/quincy/microsoft-columbia-co3/
13204,Microsoft Columbia Data Center (CO2),Microsoft,Hyperscaler,501 Port Industrial Way,Quincy,98848,Washington,47.24021902777304,-119.8641882851298,https://www.datacentermap.com/usa/washington/quincy/microsoft-columbia-co2/
13065,Microsoft Quincy (MWH01 North),Microsoft,Hyperscaler,1515 Port Industrial Way,Quincy,98848,Washington,47.2394965290917,-119.8830140649344,https://www.datacentermap.com/usa/washington/quincy/microsoft-quincy-mwh01-north/
13067,Microsoft Quincy (MWH02 North),Microsoft,Hyperscaler,1515 Port Industrial Way,Quincy,98848,Washington,47.23950945878266,-119.8873112459304,https://www.datacentermap.com/usa/washington/quincy/microsoft-quincy-mwh02-north/
13071,Microsoft Quincy (MWH03),Microsoft,Hyperscaler,1515 Port Industrial Way,Quincy,98848,Washington,47.23761913961292,-119.8831954405959,https://www.datacentermap.com/usa/washington/quincy/microsoft-quincy-mwh03/
11012,Franklin PUD Data Center,Franklin PUD,Colocation,1411 W Clark Street,Pasco,99301,Washington,46.2292014,-119.1066228,https://www.datacentermap.com/usa/washington/pasco/franklin-pud-data-center/
1812,SDC Columbia,Sabey Data Center Properties LLC,Colocation,4405 Grant Rd,East Wenatchee,98802,Washington,47.407804,-120.188792,https://www.datacentermap.com/usa/washington/wenatchee/sabey-intergate-columbia/
13095,Microsoft Malaga Campus,Microsoft,Campus,5375 Malaga Alcoa Hwy,Malaga,98828,Washington,47.359156,-120.1582317,https://www.datacentermap.com/usa/washington/wenatchee/microsoft-malaga-campus/
13096,Microsoft Malaga (EAT14),Microsoft,Hyperscaler,5375 Malaga Alcoa Hwy,Malaga,98828,Washington,47.35950172688081,-120.1600888376711,https://www.datacentermap.com/usa/washington/wenatchee/microsoft-malaga-eat14/
13092,Microsoft East Wenatchee (EAT02),Microsoft,Hyperscaler,875 Urban Industrial Wy,East Wenatchee,98802 ,Washington,47.41686326441484,-120.2076819203482,https://www.datacentermap.com/usa/washington/wenatchee/microsoft-east-wenatchee-eat02/
10154,Microsoft Malaga (EAT11),Microsoft,Hyperscaler,5375 Malaga Alcoa Hwy,Malaga,98828,Washington,47.35753,-120.1592842,https://www.datacentermap.com/usa/washington/wenatchee/microsoft-malaga-phase-1/
10155,Microsoft Malaga (EAT12),Microsoft,Hyperscaler,5351/5309 Malaga Alcoa Hwy,Malaga,98828,Washington,47.3584632,-120.159804,https://www.datacentermap.com/usa/washington/wenatchee/microsoft-malaga-phase-2/
10153,Microsoft East Wenatchee Campus,Microsoft,Hyperscaler,875 Urban Industrial Wy,East Wenatchee,98802,Washington,47.418578,-120.2105047,https://www.datacentermap.com/usa/washington/wenatchee/microsoft-east-wenatchee/
13093,Microsoft East Wenatchee (EAT03),Microsoft,Hyperscaler,875 Urban Industrial Wy,East Wenatchee,98802 ,Washington,47.41833561519195,-120.2076411507387,https://www.datacentermap.com/usa/washington/wenatchee/microsoft-east-wenatchee-eat03/
13094,Microsoft East Wenatchee (EAT04),Microsoft,Hyperscaler,875 Urban Industrial Wy,East Wenatchee,98802 ,Washington,47.41962454039259,-120.2137312002781,https://www.datacentermap.com/usa/washington/wenatchee/microsoft-east-wenatchee-eat04/
14439,Bitdeer Washington,Bitdeer Technologies Group,Enterprise,624 Urban Industrial Wy,East Wenatchee,98802,Washington,47.41402423123076,-120.2106899118301,https://www.datacentermap.com/usa/washington/wenatchee/bitdeer-wenatchee-washington/
5345,ASICSPACE Bitcoin Data Center,ASICSPACE,Colocation,204 N Delaware Ave,Wenatchee,98801,Washington,47.4264409,-120.3197563,https://www.datacentermap.com/usa/washington/wenatchee/asicspace-bitcoin-dc/
773,2121 S. Price Road (PHX15),Digital Realty,Colocation,2121 S. Price Road,Chandler,85286,Arizona,33.2748503,-111.8869478,https://www.datacentermap.com/usa/arizona/phoenix/2121-s-price/
8060,Centersquare - Phoenix PHX3-A,Centersquare,Colocation,1301 W University Drive,Mesa,85201,Arizona,33.42137091532965,-111.8575754795684,https://www.datacentermap.com/usa/arizona/phoenix/evoque-phx1/
8918,Comarch Mesa,Comarch,Colocation,3223 S Ellsworth Rd,Mesa,85212,Arizona,33.3567065,-111.6352485,https://www.datacentermap.com/usa/arizona/phoenix/comarch-mesa/
993,120 East Van Buren St (PHX10),Digital Realty,Colocation,120 East Van Buren Street,Phoenix,85004,Arizona,33.4519088,-112.0719012,https://www.datacentermap.com/usa/arizona/phoenix/120-east-van-buren-street/
7889,"Stream DC Phoenix I - VI , Goodyear Campus",Stream Data Centers,Colocation,2950 S. Litchfield Road,Goodyear,85338,Arizona,33.4196392,-112.3594873,https://www.datacentermap.com/usa/arizona/phoenix/phoenix-goodyear/
11650,Centersquare - Phoenix PHX2-A,Centersquare,Colocation,2055 E Technology Cir,Tempe,85284,Arizona,33.3446504,-111.8992421,https://www.datacentermap.com/usa/arizona/phoenix/centersquare-phx2-a/
4929,Flexential Phoenix - Deer Valley Data Center,Flexential,Colocation,1850 W. Deer Valley Rd,Phoenix,85027,Arizona,33.6838378,-112.0988757,https://www.datacentermap.com/usa/arizona/phoenix/flexential-phoenix/
4836,H5 Data Centers Phoenix,H5 Data Centers,Colocation,2600 W. Germann Rd.,Chandler,85286,Arizona,33.2761127,-111.8848676,https://www.datacentermap.com/usa/arizona/phoenix/nextfort/
750,Iron Mountain Data Centers AZS-1,Iron Mountain Data Centers,Colocation,8521 E. Princess Drive,Scottsdale,85255,Arizona,33.64465,-111.895495,https://www.datacentermap.com/usa/arizona/phoenix/iron-mountain-azs-1/
5570,US Signal Phoenix AZ01,"US Signal Company, LLC",Colocation,1655 W Sunrise Blvd,Gilbert,85233,Arizona,33.3552874,-111.8268072,https://www.datacentermap.com/usa/arizona/phoenix/oneneck-gilbert/
1941,PhoenixNAP East University,PhoenixNAP,Colocation,3402 E University Dr,Phoenix,85034,Arizona,33.41613,-112.00933,https://www.datacentermap.com/usa/arizona/phoenix/phoenix-nap/
4453,CyrusOne Phoenix Campus,CyrusOne Data Centers,Campus,2335 South Ellis St,Chandler,85286,Arizona,33.2704481,-111.8821049,https://www.datacentermap.com/usa/arizona/phoenix/cyrusone-phoenix-chandler/
7994,Iron Mountain Data Centers AZP-2,Iron Mountain Data Centers,Colocation,4802 East Van Buren Street,Phoenix,85008,Arizona,33.452056,-111.977266,https://www.datacentermap.com/usa/arizona/phoenix/iron-mountain-azp-2/
8566,NTT Phoenix PH1,NTT Global Data Centers,Colocation,10256 E Elliot Rd,Mesa,85212,Arizona,33.3510747,-111.6132999,https://www.datacentermap.com/usa/arizona/phoenix/ntt-phoenix-ph1/
9951,Prime Phoenix Data Center Campus,Prime Data Centers,Campus,11753 W Lower Buckeye Rd,Avondale,85353,Arizona,33.4171171,-112.312169,https://www.datacentermap.com/usa/arizona/phoenix/prime-phoenix/
1650,Iron Mountain Data Centers AZP-1,Iron Mountain Data Centers,Colocation,615 North 48th Street,Phoenix,85008,Arizona,33.454411,-111.976435,https://www.datacentermap.com/usa/arizona/phoenix/iron-mountain-azp-1/
5548,EdgeConneX Phoenix - EDCPHX01,EdgeConneX,Colocation,3011 S. 52nd St,Tempe,85282,Arizona,33.3951106,-111.9700701,https://www.datacentermap.com/usa/arizona/phoenix/edcphx01/
11795,Prime Phoenix - Building 2,Prime Data Centers,Colocation,11753 W. Lower Buckeye #2,Avondale,85323,Arizona,33.4206652,-112.3118101,https://www.datacentermap.com/usa/arizona/phoenix/prime-phoenix-b2/
11794,Prime Phoenix - Building 1,Prime Data Centers,Colocation,11753 W. Lower Buckeye #1,Avondale,85323,Arizona,33.4206652,-112.3118101,https://www.datacentermap.com/usa/arizona/phoenix/prime-phoenix-b1/
11796,Prime Phoenix - Building 3,Prime Data Centers,Colocation,11753 W. Lower Buckeye #3,Avondale,85323,Arizona,33.4206652,-112.3118101,https://www.datacentermap.com/usa/arizona/phoenix/prime-phoenix-b3/
11798,Prime Phoenix - Building 5,Prime Data Centers,Colocation,11753 W. Lower Buckeye #5,Avondale,85323,Arizona,33.4206652,-112.3118101,https://www.datacentermap.com/usa/arizona/phoenix/prime-phoenix-b5/
11797,Prime Phoenix - Building 4,Prime Data Centers,Colocation,11753 W. Lower Buckeye #4,Avondale,85323,Arizona,33.4206652,-112.3118101,https://www.datacentermap.com/usa/arizona/phoenix/prime-phoenix-b4/
2141,LightEdge - Phoenix,LightEdge,Colocation,120 East Van Buren,Phoenix,85004,Arizona,33.4514,-112.072261,https://www.datacentermap.com/usa/arizona/phoenix/american-internet-services-vbdc/
9229,Aligned PHX01,Aligned Data Centers,Colocation,2500 West Union Hills,Phoenix,85027,Arizona,33.6588811,-112.1106061,https://www.datacentermap.com/usa/arizona/phoenix/phoenix-campus/
7477,Centersquare - Phoenix PHX1-A,Centersquare,Colocation,615 N 48th St,Phoenix,85008,Arizona,33.455174,-111.976225,https://www.datacentermap.com/usa/arizona/phoenix/cyxtera-pho/
11595,11:11 Systems Scottsdale,11:11 Systems,Colocation,7499 E Paradise Ln,Scottsdale,85260,Arizona,33.63250552231545,-111.9185758090433,https://www.datacentermap.com/usa/arizona/phoenix/1111-systems-scottsdale/
7082,Evocative PHX1,Evocative Data Centers,Colocation,2500 W Union Hills Drive,Phoenix,85048,Arizona,33.65756691169462,-112.111873626709,https://www.datacentermap.com/usa/arizona/phoenix/px1-evocative-data-center/
9445,CyrusOne PHX3 - Chandler,CyrusOne Data Centers,Colocation,2305 South Ellis St.,Chandler,85286,Arizona,33.27195516766656,-111.8816614587236,https://www.datacentermap.com/usa/arizona/phoenix/cyrusone-phx3/
11127,Edged Phoenix,Edged Energy,Colocation,8811 E Warner Rd,Gilbert,85296,Arizona,33.3357211,-111.6878807,https://www.datacentermap.com/usa/arizona/phoenix/edged-phoenix/
9809,LexisNexis Scottsdale,LexisNexis,Colocation,8521 E Princess Dr,Scottsdale,85255,Arizona,33.6445574,-111.8957976,https://www.datacentermap.com/usa/arizona/phoenix/lexisnexis-scottsdale/
11104,DCX Goodyear,DCX,Colocation,16422 W Commerce Dr,Goodyear,85338,Arizona,33.4114399,-112.4121243,https://www.datacentermap.com/usa/arizona/phoenix/dcx-goodyear/
7011,EdgeCore Phoenix Campus,EdgeCore,Campus,3856 S Everton Terrace,Mesa,85212,Arizona,33.344097,-111.6195007,https://www.datacentermap.com/usa/arizona/phoenix/mesa-data-center-campus/
4808,DataBank PHX1 - Downtown Phoenix,DataBank,Colocation,3110 N Central St,Phoenix,85012,Arizona,33.484149,-112.074924,https://www.datacentermap.com/usa/arizona/phoenix/zcolo-3110n-central/
9443,CyrusOne PHX1 - Chandler,CyrusOne Data Centers,Colocation,2335 South Ellis St.,Chandler,85286,Arizona,33.2708361,-111.881638,https://www.datacentermap.com/usa/arizona/phoenix/cyrusone-phx1/
9170,DataBank PHX2 - Phoenix Sky Harbor,DataBank,Colocation,615 North 48th Street,Phoenix,85008,Arizona,33.45453,-111.9763,https://www.datacentermap.com/usa/arizona/phoenix/databank-phx2/
9446,CyrusOne PHX4 - Chandler,CyrusOne Data Centers,Colocation,2495 South Ellis St.,Chandler,85286,Arizona,33.26873119093797,-111.8824875826938,https://www.datacentermap.com/usa/arizona/phoenix/cyrusone-phx4/
9447,CyrusOne PHX5 - Chandler,CyrusOne Data Centers,Colocation,2405 South Ellis St.,Chandler,85286,Arizona,33.26969635033058,-111.8815649027929,https://www.datacentermap.com/usa/arizona/phoenix/cyrusone-phx5/
9444,CyrusOne PHX2 - Chandler,CyrusOne Data Centers,Colocation,2305 South Ellis St.,Chandler,85286,Arizona,33.27194984165537,-111.8833673436563,https://www.datacentermap.com/usa/arizona/phoenix/cyrusone-phx2/
9448,CyrusOne PHX6 - Chandler,CyrusOne Data Centers,Colocation,2605 South Ellis St.,Chandler,85286,Arizona,33.26753221642161,-111.8825343619918,https://www.datacentermap.com/usa/arizona/phoenix/cyrusone-phx6/
3729,Cogent Data Center - Phoenix,"Cogent Communications, Inc.",Colocation,3410 E. University Drive,Phoenix,85034,Arizona,33.41672,-112.008276,https://www.datacentermap.com/usa/arizona/phoenix/cogent-phoenix/
9449,CyrusOne PHX7 - Chandler,CyrusOne Data Centers,Colocation,2705 South Ellis St.,Chandler,85286,Arizona,33.26633547723519,-111.8820301066969,https://www.datacentermap.com/usa/arizona/phoenix/cyrusone-phx7/
10372,Cogent Data Center - Phoenix 2,"Cogent Communications, Inc.",Colocation,1530 E Roeser Rd,Phoenix,85040,Arizona,33.4002292,-112.0479412,https://www.datacentermap.com/usa/arizona/phoenix/cogent-data-center-phoenix-2/
13015,Southwest Crossing Data Center Campus,"Ryan Companies US, Inc.",Campus,W Houser Rd,Eloy,85131,Arizona,32.776898,-111.604951,https://www.datacentermap.com/usa/arizona/phoenix/southwest-crossing-data-center-campus/
12137,Novva Mesa,Novva,Colocation,S Ellsworth Rd & E Warner Rd,Mesa,85212,Arizona,33.33908510219398,-111.6393690795214,https://www.datacentermap.com/usa/arizona/phoenix/novva-mesa/
4683,Omnis Data Center,Omnis Network,Colocation,1005 W Geneva Dr,Tempe,85282,Arizona,33.394427,-111.952453,https://www.datacentermap.com/usa/arizona/phoenix/omnis-network/
14554,EdgeCore PH02,EdgeCore,Colocation,3856 S Everton Terrace,Mesa,85212,Arizona,33.34507232655329,-111.6196997389686,https://www.datacentermap.com/usa/arizona/phoenix/edgecore-ph02/
14555,EdgeCore PH03,EdgeCore,Colocation,3856 S Everton Terrace,Mesa,85212,Arizona,33.34493991594879,-111.62170333865,https://www.datacentermap.com/usa/arizona/phoenix/edgecore-ph03/
14553,EdgeCore PH01,EdgeCore,Colocation,3856 S Everton Terrace,Mesa,85212,Arizona,33.3441065101828,-111.6195540716901,https://www.datacentermap.com/usa/arizona/phoenix/edgecore-ph01/
12256,Compass Goodyear Campus,Compass Datacenters,Campus,850 S Bullard Ave,Goodyear,85338,Arizona,33.4412199,-112.3770066,https://www.datacentermap.com/usa/arizona/phoenix/compass-goodyear-campus/
14033,5CDC Phoenix - PHX01,5C Group Inc.,Colocation,TBA - To Be Announced,Phoenix,TBA,Arizona,33.4482266,-112.0776781,https://www.datacentermap.com/usa/arizona/phoenix/5cdc-phoenix-phx01/
6901,PhoenixNAP West University,PhoenixNAP,Colocation,2353 W University Dr,Tempe,85281,Arizona,33.4214579,-111.9743414,https://www.datacentermap.com/usa/arizona/phoenix/phoenixnap3/
13415,ColoBarn Phoenix Data Center,ColoBarn,Colocation,8905 S Beck Ave,Tempe,85284,Arizona,33.3322739,-111.9579315,https://www.datacentermap.com/usa/arizona/phoenix/colobarn-phoenix-data-center/
7101,QTS Phoenix-Van Buren,QTS Data Centers,Colocation,120 East Van Buren Street,Phoenix,85004,Arizona,33.4656697,-111.9977764,https://www.datacentermap.com/usa/arizona/phoenix/qts-phoenix-2/
14557,EdgeCore PH05,EdgeCore,Colocation,3856 S Everton Terrace,Mesa,85212,Arizona,33.34358490719114,-111.6250385765678,https://www.datacentermap.com/usa/arizona/phoenix/edgecore-ph05/
12049,Buckeye Tech Corridor,Tract,Campus,W Yuma Rd & S Johnson Rd,Buckeye,85396,Arizona,33.4283365411289,-112.7256728384276,https://www.datacentermap.com/usa/arizona/phoenix/buckeye-tech-corridor/
9450,CyrusOne PHX8 - Chandler,CyrusOne Data Centers,Colocation,2705 South Ellis St.,Chandler,85286,Arizona,33.26628697937595,-111.8832210074993,https://www.datacentermap.com/usa/arizona/phoenix/cyrusone-phx8/
13084,Microsoft Goodyear Campus,Microsoft,Campus,3785 N Citrus Rd,Goodyear,85395,Arizona,33.49216087345456,-112.4386791440974,https://www.datacentermap.com/usa/arizona/phoenix/microsoft-goodyear-campus/
14556,EdgeCore PH04,EdgeCore,Colocation,3856 S Everton Terrace,Mesa,85212,Arizona,33.34408846315323,-111.6235916138192,https://www.datacentermap.com/usa/arizona/phoenix/edgecore-ph04/
10156,Microsoft Goodyear (PHX70),Microsoft,Hyperscaler,3785 N Citrus Rd,Goodyear,85395,Arizona,33.4926119,-112.4384401,https://www.datacentermap.com/usa/arizona/phoenix/microsoft-goodyear-2/
10157,Microsoft GoodyearAirpark (PHX10),Microsoft,Hyperscaler,W Broadway Rd,Goodyear,85338,Arizona,33.4079525,-112.364793,https://www.datacentermap.com/usa/arizona/phoenix/microsoft-goodyear-1/
12487,PhoenixNAP East Elwood,PhoenixNAP,Colocation,3221 E Elwood St,Phoenix,85034,Arizona,33.415384,-112.012343,https://www.datacentermap.com/usa/arizona/phoenix/phoenixnap-phx02/
13078,Microsoft Goodyear Airpark Campus,Microsoft,Campus,W Broadway Rd,Goodyear,85338,Arizona,33.41017715910144,-112.3648359175751,https://www.datacentermap.com/usa/arizona/phoenix/microsoft-goodyear-airpark-campus/
13074,Microsoft El Mirage Campus,Microsoft,Campus,12901 W Olive Ave,El Mirage,85335,Arizona,33.5615855388191,-112.3377024293308,https://www.datacentermap.com/usa/arizona/phoenix/microsoft-el-mirage-campus/
9201,Iron Mountain Data Centers AZP-3,Iron Mountain Data Centers,Colocation,1110 N 52nd St,Phoenix,85008,Arizona,33.4588094,-111.9717848,https://www.datacentermap.com/usa/arizona/phoenix/iron-mountain-azp-3/
9636,Expedient Phoenix,Expedient Data Centers,Colocation,2475 W Townley Ave,Phoenix,85021,Arizona,33.5644469,-112.1120033,https://www.datacentermap.com/usa/arizona/phoenix/expedient-phoenix/
14405,CGI Phoenix Data Center,CGI,Colocation,10007 S 51st St,Phoenix,85044,Arizona,33.3559967,-111.9741183,https://www.datacentermap.com/usa/arizona/phoenix/cgi-phoenix-data-center/
9184,QTS Phoenix Campus,QTS Data Centers,Colocation,1200 40th Street,Phoenix,85008,Arizona,33.4623678,-111.9957938,https://www.datacentermap.com/usa/arizona/phoenix/qts-phoenix-campus/
11635,Liquid Web Phoenix,Liquid Web,Colocation,7025 N Scottsdale Rd,Scottsdale,85253,Arizona,33.540714,-111.9247362,https://www.datacentermap.com/usa/arizona/phoenix/liquid-web-phoenix/
10044,Vantage Phoenix Campus (AZ1),Vantage Data Centers,Campus,45 S Bullard Ave,Goodyear,85338,Arizona,33.4473013,-112.3726849,https://www.datacentermap.com/usa/arizona/phoenix/vantage-az1-phoenix/
13016,Southwest Crossing Data Center 1,"Ryan Companies US, Inc.",Colocation,W Houser Rd,Eloy,85131,Arizona,32.779138,-111.604755,https://www.datacentermap.com/usa/arizona/phoenix/southwest-crossing-data-center-1/
13018,Southwest Crossing Data Center 3,"Ryan Companies US, Inc.",Colocation,W Houser Rd,Eloy,85131,Arizona,32.774609,-111.601674,https://www.datacentermap.com/usa/arizona/phoenix/southwest-crossing-data-center-3/
13017,Southwest Crossing Data Center 2,"Ryan Companies US, Inc.",Colocation,W Houser Rd,Eloy,85131,Arizona,32.774678,-111.608103,https://www.datacentermap.com/usa/arizona/phoenix/southwest-crossing-data-center-2/
2115,ClearData Data Center,Cleardata Networks,Colocation,4250 E Camelback Rd,Phoenix,85018,Arizona,33.5113742,-111.9891172,https://www.datacentermap.com/usa/arizona/phoenix/cleardata/
7684,Hostrunway Phoenix,Hostrunway,Colocation,2600 W Germann Rd Chandler,Phoenix,AZ 85286,Arizona,33.2761127,-111.8848676,https://www.datacentermap.com/usa/arizona/phoenix/hostrunway-phoenix/
520,NexusTek Data Center,NexusTek,Colocation,1919 W Lone Cactus Dr,Phoenix,85027,Arizona,33.6796512,-112.100983,https://www.datacentermap.com/usa/arizona/phoenix/cybertrails/
10911,Apple Mesa Data Center,Apple,Hyperscaler,3740 S Signal Butte Road,Mesa,85212,Arizona,33.3470151,-111.6040335,https://www.datacentermap.com/usa/arizona/phoenix/apple-mesa-data-center/
13079,Microsoft Goodyear Airpark (PHX11),Microsoft,Hyperscaler,W Broadway Rd,Goodyear,85338,Arizona,33.4090243,-112.3648036,https://www.datacentermap.com/usa/arizona/phoenix/microsoft-goodyear-phx11/
12258,Compass Goodyear - Building 2,Compass Datacenters,Colocation,850 S Bullard Ave,Goodyear,85338,Arizona,33.44017403006927,-112.3786651980017,https://www.datacentermap.com/usa/arizona/phoenix/compass-goodyear-building-2/
12257,Compass Goodyear - Building 1,Compass Datacenters,Colocation,850 S Bullard Ave,Goodyear,85338,Arizona,33.4412199,-112.3770066,https://www.datacentermap.com/usa/arizona/phoenix/compass-goodyear-building-1/
14071,Aligned PHX06,Aligned Data Centers,Colocation,2500 S Price Rd,Chandler,85286,Arizona,33.26851069462212,-111.8877239727182,https://www.datacentermap.com/usa/arizona/phoenix/aligned-phx06/
12732,Amazon AWS - Loop 202 & Dobbins Road,Amazon AWS,Hyperscaler,Loop 202 and W Dobbins Road,Laveen,85339,Arizona,33.36300253163908,-112.1919025166041,https://www.datacentermap.com/usa/arizona/phoenix/amazon-aws-loop-202-dobbins-road/
10097,QTS Glendale,QTS Data Centers,Colocation,4001 N 159th Ave,Glendale,85305,Arizona,33.5766588,-112.4024126,https://www.datacentermap.com/usa/arizona/phoenix/qts-glendale/
9990,Meta Mesa Campus,Meta,Campus,3841 S Ellsworth Rd,Mesa,85212,Arizona,33.3435509,-111.6303927,https://www.datacentermap.com/usa/arizona/phoenix/meta-data-center-mesa/
13083,Microsoft Goodyear Airpark (PHX15),Microsoft,Hyperscaler,W Broadway Rd,Goodyear,85338,Arizona,33.41259347478222,-112.3645354925695,https://www.datacentermap.com/usa/arizona/phoenix/microsoft-goodyear-phx15/
14072,Aligned PHX04,Aligned Data Centers,Colocation, S Price Rd & W Innovation St,Chandler,85286,Arizona,33.26613887423284,-111.887687104687,https://www.datacentermap.com/usa/arizona/phoenix/aligned-phx04/
14004,NTT Mesa Campus,NTT Global Data Centers,Campus,E Pecos Rd & S Crismon Rd,Mesa,85212,Arizona,33.29586031025507,-111.613623068493,https://www.datacentermap.com/usa/arizona/phoenix/ntt-mesa-campus/
7044,Phoenix Internet,Phoenix Internet,Colocation,2922 W Clarendon Ave,Phoenix,85017,Arizona,33.49262,-112.122203,https://www.datacentermap.com/usa/arizona/phoenix/phoenix-internet/
12455,Aligned - Peoria Logistics Park,Aligned Data Centers,Colocation,"Peoria Logistics Park, N 75th Ave & W Northern Ave",Peoria,85345,Arizona,33.5536292,-112.218786,https://www.datacentermap.com/usa/arizona/phoenix/aligned-peoria-logistics-park/
13082,Microsoft Goodyear Airpark (PHX14),Microsoft,Hyperscaler,W Broadway Rd,Goodyear,85338,Arizona,33.411250117266,-112.3649861037059,https://www.datacentermap.com/usa/arizona/phoenix/microsoft-goodyear-phx14/
10205,Windstream Phoenix,Windstream,Colocation,1710 E Grant St,Phoenix,85034,Arizona,33.4419876,-112.0440041,https://www.datacentermap.com/usa/arizona/phoenix/windstream-phoenix/
13076,Microsoft El Mirage (PHX82),Microsoft,Hyperscaler,12901 W Olive Ave,El Mirage,85335,Arizona,33.56192910869255,-112.3382674399791,https://www.datacentermap.com/usa/arizona/phoenix/microsoft-el-mirage-phx82/
14069,Aligned PHX07,Aligned Data Centers,Colocation,8785 N Reems Rd,Waddell,85355,Arizona,33.56371397168881,-112.3867484514537,https://www.datacentermap.com/usa/arizona/phoenix/aligned-phx07/
13081,Microsoft Goodyear Airpark (PHX13),Microsoft,Hyperscaler,W Broadway Rd,Goodyear,85338,Arizona,33.41107995716803,-112.3649324595281,https://www.datacentermap.com/usa/arizona/phoenix/microsoft-goodyear-phx13/
14307,Aligned PHX14,Aligned Data Centers,Colocation,8805 N Reems Rd,Waddell,85355,Arizona,33.56486877602454,-112.3867308715361,https://www.datacentermap.com/usa/arizona/phoenix/aligned-phx14/
12316,QTS Avondale,QTS Data Centers,Colocation,S Avondale Blvd & W Lower Buckeye Rd,Avondale,85353,Arizona,33.41812701255943,-112.3121127861912,https://www.datacentermap.com/usa/arizona/phoenix/qts-avondale/
14305,Aligned PHX13,Aligned Data Centers,Colocation,8805 N Reems Rd,Waddell,85355,Arizona,33.56494029530727,-112.3911082367641,https://www.datacentermap.com/usa/arizona/phoenix/aligned-phx13/
13080,Microsoft Goodyear Airpark (PHX12),Microsoft,Hyperscaler,W Broadway Rd,Goodyear,85338,Arizona,33.41029184289314,-112.3649324595281,https://www.datacentermap.com/usa/arizona/phoenix/microsoft-goodyear-phx12/
14608,Hassayampa Ranch,Arizona Land Consulting (ALC),Colocation,"Hassayampa Ranch, Tonopah Salome Hwy",Buckeye,85354,Arizona,33.50085860534102,-112.7420487912697,https://www.datacentermap.com/usa/arizona/phoenix/hassayampa-ranch/
13075,Microsoft El Mirage (PHX81),Microsoft,Hyperscaler,12901 W Olive Ave,El Mirage,85335,Arizona,33.56307433173253,-112.338252169421,https://www.datacentermap.com/usa/arizona/phoenix/microsoft-el-mirage-phx81/
14073,Aligned PHX08,Aligned Data Centers,Colocation,3202 W Behrend Dr,Chandler,85027,Arizona,33.6641057,-112.1279316,https://www.datacentermap.com/usa/arizona/phoenix/aligned-phx08/
1091,Lumen Phoenix 3,Lumen,Colocation,801 South 16th Street,Phoenix,85034,Arizona,33.439188,-112.047717,https://www.datacentermap.com/usa/arizona/phoenix/global-crossing/
14074,Aligned PHX09,Aligned Data Centers,Colocation,3151 W Behrend Dr,Chandler,85027,Arizona,33.6650259,-112.1282816,https://www.datacentermap.com/usa/arizona/phoenix/aligned-phx09/
13077,Microsoft El Mirage (PHX83),Microsoft,Hyperscaler,12901 W Olive Ave,El Mirage,85335,Arizona,33.560515076733,-112.3385624523669,https://www.datacentermap.com/usa/arizona/phoenix/microsoft-el-mirage-phx83/
14306,Aligned PHX12,Aligned Data Centers,Colocation,8805 N Reems Rd,Waddell,85355,Arizona,33.56372445944491,-112.3910867790914,https://www.datacentermap.com/usa/arizona/phoenix/aligned-phx12/
12259,Compass Goodyear - Building 3,Compass Datacenters,Colocation,850 S Bullard Ave,Goodyear,85338,Arizona,33.44019025702322,-112.3801264654407,https://www.datacentermap.com/usa/arizona/phoenix/compass-goodyear-building-3/
10039,Microsoft El Mirage (PHX80),Microsoft,Hyperscaler,12901 W Olive Ave,El Mirage,85335,Arizona,33.5641844,-112.3385558,https://www.datacentermap.com/usa/arizona/phoenix/microsoft-el-mirage/
13085,Microsoft Goodyear (PHX71),Microsoft,Hyperscaler,3785 N Citrus Rd,Goodyear,85395,Arizona,33.49151301163371,-112.4385814834791,https://www.datacentermap.com/usa/arizona/phoenix/microsoft-goodyear-phx71/
11301,Compass PHX II - Building 1,Compass Datacenters,Colocation,W Peoria Ave & N El Mirage Rd,El Mirage,85335,Arizona,33.57928585744993,-112.3262989678531,https://www.datacentermap.com/usa/arizona/phoenix/compass-phx-ii-building-1/
11300,Compass PHX II Campus,Compass Datacenters,Campus,W Peoria Ave & N El Mirage Rd,El Mirage,85335,Arizona,33.57850821130407,-112.3279404796696,https://www.datacentermap.com/usa/arizona/phoenix/compass-phx-ii-campus/
11302,Compass PHX II - Building 2,Compass Datacenters,Colocation,W Peoria Ave & N El Mirage Rd,El Mirage,85335,Arizona,33.57822217877521,-112.3262131371699,https://www.datacentermap.com/usa/arizona/phoenix/compass-phx-ii-building-2/
11303,Compass PHX II - Building 3,Compass Datacenters,Colocation,W Peoria Ave & N El Mirage Rd,El Mirage,85335,Arizona,33.57876742746457,-112.3296463644985,https://www.datacentermap.com/usa/arizona/phoenix/compass-phx-ii-building-3/
13363,HBS Phoenix,Heartland Business System,Colocation,10201 S 51st St,Phoenix,85044,Arizona,33.35308406246629,-111.9722535666365,https://www.datacentermap.com/usa/arizona/phoenix/hbs-phoenix/
8960,ColoHouse Phoenix,ColoHouse,Colocation,2335 South Ellis Street,Chandler,85286,Arizona,33.2708361,-111.881638,https://www.datacentermap.com/usa/arizona/phoenix/colohouse-phoenix/
14030,Vantage AZ14 - Phoenix,Vantage Data Centers,Colocation,45 S Bullard Ave,Goodyear,85338,Arizona,33.44900778644303,-112.3734068060702,https://www.datacentermap.com/usa/arizona/phoenix/vantage-az14-phoenix/
14031,Vantage AZ15 - Phoenix,Vantage Data Centers,Colocation,45 S Bullard Ave,Goodyear,85338,Arizona,33.44897925228655,-112.3725184584119,https://www.datacentermap.com/usa/arizona/phoenix/vantage-az15-phoenix/
14028,Vantage AZ12 - Phoenix,Vantage Data Centers,Colocation,45 S Bullard Ave,Goodyear,85338,Arizona,33.44632720839782,-112.3734873114134,https://www.datacentermap.com/usa/arizona/phoenix/vantage-az12-phoenix/
5431,Lumen Phoenix 2,Lumen,Colocation,17 E. Virginia Ave,Phoenix,85004,Arizona,33.476377,-112.072694,https://www.datacentermap.com/usa/arizona/phoenix/level3-phoenix2/
14029,Vantage AZ13 - Phoenix,Vantage Data Centers,Colocation,45 S Bullard Ave,Goodyear,85338,Arizona,33.44897767598655,-112.3742548590322,https://www.datacentermap.com/usa/arizona/phoenix/vantage-az13-phoenix/
10892,Google Mesa - Phase 1,Google,Hyperscaler,E Elliot Rd & S Sossaman Rd,Mesa,85212,Arizona,33.3531056,-111.6783361,https://www.datacentermap.com/usa/arizona/phoenix/google-mesa-phase-1/
1761,AT&T Mesa,AT&T Inc.,Colocation,1355 W University Drive,Mesa,85201,Arizona,33.4212456,-111.8601955,https://www.datacentermap.com/usa/arizona/phoenix/att-1301-w-univesity/
1467,Lumen Phoenix 1,Lumen,Colocation,811 South 16th Street,Phoenix,85034,Arizona,33.4397687,-112.0469074,https://www.datacentermap.com/usa/arizona/phoenix/level3-phoenix/
13521,Meta Mesa - Building 4,Meta,Hyperscaler,3841 S Ellsworth Rd,Mesa,85212,Arizona,33.34637798294639,-111.628060855373,https://www.datacentermap.com/usa/arizona/phoenix/meta-mesa-building-4/
10891,Google Mesa Campus,Google,Campus,E Elliot Rd & S Sossaman Rd,Mesa,85212,Arizona,33.35362552567516,-111.665878319671,https://www.datacentermap.com/usa/arizona/phoenix/google-mesa-campus/
13519,Meta Mesa - Building 2,Meta,Hyperscaler,3841 S Ellsworth Rd,Mesa,85212,Arizona,33.34725630048721,-111.6316872017901,https://www.datacentermap.com/usa/arizona/phoenix/meta-mesa-building-2/
10893,Google Mesa - Phase 2,Google,Hyperscaler,E Elliot Rd & S Sossaman Rd,Mesa,85212,Arizona,33.35275,-111.6731361,https://www.datacentermap.com/usa/arizona/phoenix/google-mesa-phase-2/
13520,Meta Mesa - Building 3,Meta,Hyperscaler,3841 S Ellsworth Rd,Mesa,85212,Arizona,33.34646760759117,-111.6297345537194,https://www.datacentermap.com/usa/arizona/phoenix/meta-mesa-building-3/
14027,Vantage AZ11 - Phoenix,Vantage Data Centers,Colocation,45 S Bullard Ave,Goodyear,85338,Arizona,33.44628994745583,-112.3743102545626,https://www.datacentermap.com/usa/arizona/phoenix/vantage-az11-phoenix/
10894,Google Mesa - Phase 3,Google,Hyperscaler,E Elliot Rd & S Sossaman Rd,Mesa,85212,Arizona,33.3561028,-111.6729167,https://www.datacentermap.com/usa/arizona/phoenix/google-mesa-phase-3/
13518,Meta Mesa - Building 1,Meta,Hyperscaler,3841 S Ellsworth Rd,Mesa,85212,Arizona,33.34731007474267,-111.6333609001364,https://www.datacentermap.com/usa/arizona/phoenix/meta-mesa-building-1/
13522,Meta Mesa - Building 5,Meta,Hyperscaler,3841 S Ellsworth Rd,Mesa,85212,Arizona,33.34722045096508,-111.6260223766179,https://www.datacentermap.com/usa/arizona/phoenix/meta-mesa-building-5/
1404,Lumen Phoenix 4,Lumen,Colocation,3220 N 3rd St,Phoenix,85012,Arizona,33.485382,-112.069401,https://www.datacentermap.com/usa/arizona/phoenix/twtc-phoenix1/
7486,Login DC2,"Login, LLC",Colocation,1855 N 6th Ave,Tucson,85705,Arizona,32.2449504,-110.9691897,https://www.datacentermap.com/usa/arizona/tucson/login-dc2/
14854,Winsor Colocation ,Winsor Consulting Group,Colocation,3821 E Broadway Blvd,Tucson,85716,Arizona,32.2219202,-110.9108471,https://www.datacentermap.com/usa/arizona/tucson/winsor-colocation/
4645,Ark Data Centers Tucson,Ark Data Centers,Colocation,1215 E Pennsylvania St,Tucson,85706,Arizona,32.171643,-110.925749,https://www.datacentermap.com/usa/arizona/tucson/involta-tucson/
12227,TECfusions Tucson,TECfusions,Colocation,3701 E Columbia St,Tucson,85714,Arizona,32.1736264,-110.9132454,https://www.datacentermap.com/usa/arizona/tucson/tecfusions-tucson/
1607,Simply Bits  Vault,Simply Bits LLLC,Colocation,5225 N Sabino Canyon Rd,Tucson,85750,Arizona,32.3022183,-110.8246997,https://www.datacentermap.com/usa/arizona/tucson/dakotapro-data-vault/
14720,Project Blue,Beale Infrastructure,Colocation,S Harrison Rd / E Brekke Rd / S Houghton Rd,Tucson,85747,Arizona,32.05284523589723,-110.7829703496569,https://www.datacentermap.com/usa/arizona/tucson/project-blue/
1590,Login DC1,"Login, LLC",Colocation,4003 East Speedway Boulevard,Tucson,85712,Arizona,32.237372,-110.906977,https://www.datacentermap.com/usa/arizona/tucson/login-top-tier-data-center/
1370,FirstDigital Tucson,FirstDigital,Colocation,3836 S Evans Blvd,Tucson,85714,Arizona,32.177537,-110.954281,https://www.datacentermap.com/usa/arizona/tucson/twtc-tucson/
5482,Lumen Tucson,Lumen,Colocation,135 N. 6th Avenue,Tucson,85701,Arizona,32.224131,-110.968908,https://www.datacentermap.com/usa/arizona/tucson/level3-tucson/
9804,MDC Nogales - NOG1,MDC Data Centers,Colocation,81 N Sonoita Ave,Nogales,85621,Arizona,31.3348265,-110.943748,https://www.datacentermap.com/usa/arizona/nogales-az/mdc-nogales/
4176,Flexential Las Vegas - North Data Center,Flexential,Colocation,3330 E Lone Mountain Rd,North Las Vegas,89081,Nevada,36.248145,-115.101415,https://www.datacentermap.com/usa/nevada/las-vegas/flexential-lone-mountain/
1084,Flexential Las Vegas - Downtown Data Center,Flexential,Colocation,302 E. Carson Street,Las Vegas,89101,Nevada,36.279528,-115.227019,https://www.datacentermap.com/usa/nevada/las-vegas/flexential-las-vegas-downtown/
3409,DataBank LAS1 - Las Vegas,DataBank,Colocation,7185 Pollock Dr,Las Vegas,89119,Nevada,36.05966,-115.1470449,https://www.datacentermap.com/usa/nevada/las-vegas/7185-pollock/
5549,EdgeConneX Las Vegas - EDCLAS01,EdgeConneX,Colocation,1541 Pama Ln,Las Vegas,89119,Nevada,36.06519,-115.130697,https://www.datacentermap.com/usa/nevada/las-vegas/edclas01/
2524,Fiberhub LAS1,Fiberhub,Colocation,1110 Palms Airport Dr,Las Vegas,89119,Nevada,36.06598,-115.138266,https://www.datacentermap.com/usa/nevada/las-vegas/vegasnap/
10798,Novva Las Vegas,Novva,Colocation,6115 Nicco Way,Las Vegas,89115,Nevada,36.270472,-115.0479209,https://www.datacentermap.com/usa/nevada/las-vegas/novva-las-vegas/
11612,UnitedLayer Las Vegas,"UnitedLayer, Inc.",Colocation,7135 S Decatur Blvd,Las Vegas,89118,Nevada,36.0599212,-115.2102389,https://www.datacentermap.com/usa/nevada/las-vegas/unitedlayer-las-vegas/
7709,Switch LAS VEGAS 7,Switch,Colocation,7135 S Decatur Boulevard,Las Vegas,89118,Nevada,36.0598863,-115.2101748,https://www.datacentermap.com/usa/nevada/las-vegas/switch-las-vegas-7/
10951,TPx Las Vegas Data Center,TPx Communications,Colocation,1181 Grier Dr,Las Vegas,89119,Nevada,36.0676881,-115.1380062,https://www.datacentermap.com/usa/nevada/las-vegas/tpx-las-vegas-data-center/
10948,ColoXchange Las Vegas,ColoXchange,Colocation,3422 Neeham Rd,Las Vegas,89030,Nevada,36.2319774,-115.101894,https://www.datacentermap.com/usa/nevada/las-vegas/coloxchange-las-vegas/
7714,Switch LAS VEGAS 12,Switch,Colocation,5325 W. Capovilla Ave,Las Vegas,89118,Nevada,36.0617172,-115.2133167,https://www.datacentermap.com/usa/nevada/las-vegas/switch-las-vegas-12/
1517,Switch LAS VEGAS 4,Switch,Colocation,4495 E Sahara Avenue,Las Vegas,89104,Nevada,36.1436217,-115.0767654,https://www.datacentermap.com/usa/nevada/las-vegas/nevada-nap/
14374,Switch LAS VEGAS 6,Switch,Colocation,4475 E Sahara Ave,Las Vegas,89104,Nevada,36.1432738,-115.0774815,https://www.datacentermap.com/usa/nevada/las-vegas/switch-las-vegas-6/
14372,Switch LAS VEGAS 2,Switch,Colocation,2475 S Arden St,Las Vegas,89104,Nevada,36.1445741,-115.0749014,https://www.datacentermap.com/usa/nevada/las-vegas/switch-las-vegas-2/
14373,Switch LAS VEGAS 3,Switch,Colocation,4485 E Sahara Ave,Las Vegas,89104,Nevada,36.1427182,-115.0774945,https://www.datacentermap.com/usa/nevada/las-vegas/switch-las-vegas-3/
7710,Switch LAS VEGAS 8,Switch,Colocation,5225 W. Capovilla Ave,Las Vegas,89118,Nevada,36.0578177,-115.2141696,https://www.datacentermap.com/usa/nevada/las-vegas/switch-las-vegas-8/
7712,Switch LAS VEGAS 10,Switch,Colocation,7375 Lindell Rd,Las Vegas,89139,Nevada,36.0556063,-115.2229825,https://www.datacentermap.com/usa/nevada/las-vegas/switch-las-vegas-10/
7711,Switch LAS VEGAS 9,Switch,Colocation,7365 Lindell Rd.,Las Vegas,89139,Nevada,36.055676,-115.2196811,https://www.datacentermap.com/usa/nevada/las-vegas/switch-las-vegas-9/
7713,Switch LAS VEGAS 11,Switch,Colocation,7380 Lindell Road,Las Vegas,89139,Nevada,36.05586,-115.2141839,https://www.datacentermap.com/usa/nevada/las-vegas/switch-las-vegas-101/
7831,ColoVegas,NocRoom Miami Colocation VPS,Colocation,2240 Corporate Cir,Henderson,89074,Nevada,36.0281969,-115.0891776,https://www.datacentermap.com/usa/nevada/las-vegas/colovegas/
11515,Switch LAS VEGAS 15,Switch,Colocation,5660 Badura Ave,Las Vegas,89118,Nevada,36.06407368116263,-115.2209905221777,https://www.datacentermap.com/usa/nevada/las-vegas/switch-las-vegas-15/
14053,Switch LAS VEGAS - The Core Campus,Switch,Campus,S Decatur Blvd / S Lindell Rd / W Capovilla Ave,Las Vegas,89118,Nevada,36.0567204,-115.2164539,https://www.datacentermap.com/usa/nevada/las-vegas/switch-las-vegas-the-core-campus/
7595,NocRoom Las Vegas Colocation,NocRoom Miami Colocation VPS,Colocation,7135 South Decatur Blvd,Las Vegas,89118,Nevada,36.0599672,-115.2102174,https://www.datacentermap.com/usa/nevada/las-vegas/nocroom-las-vegas/
12215,Switch LAS VEGAS 5,Switch,Colocation,4489 E Sahara Ave,Las Vegas,89104,Nevada,36.1427647,-115.0766883,https://www.datacentermap.com/usa/nevada/las-vegas/switch-las-vegas-5/
13490,Google Henderson Campus,Google,Campus,560 W Warm Springs Rd,Henderson,89011,Nevada,36.05742477352241,-115.0084919656768,https://www.datacentermap.com/usa/nevada/las-vegas/google-henderson-campus/
10026,Google Henderson Data Center 1,Google,Hyperscaler,560 W Warm Springs Rd,Henderson,89011,Nevada,36.0546162,-115.0072807,https://www.datacentermap.com/usa/nevada/las-vegas/google-henderson/
1700,isp.net Data Center,isp.net,Colocation,2595 Fremont Street,Las Vegas,89104,Nevada,36.157416,-115.113948,https://www.datacentermap.com/usa/nevada/las-vegas/lasvegasnet/
1399,Lumen Las Vegas 3,Lumen,Colocation,3944 E Silvestri Ln,Las Vegas,89120,Nevada,36.076658,-115.0882,https://www.datacentermap.com/usa/nevada/las-vegas/twtc-las-vegas/
7768,Centersquare - Las Vegas LAS12,Centersquare,Colocation,7365 South Lindell Rd,Las Vegas,89139,Nevada,36.055977,-115.22115,https://www.datacentermap.com/usa/nevada/las-vegas/cyxtera-las12/
5363,Lumen Las Vegas 2,Lumen,Colocation,4485 E Sahara,Las Vegas,89104,Nevada,36.144044,-115.076809,https://www.datacentermap.com/usa/nevada/las-vegas/level3-las-vegas2/
13489,Google Henderson Data Center 2,Google,Hyperscaler,560 W Warm Springs Rd,Henderson,89011,Nevada,36.05877931641855,-115.0088031019226,https://www.datacentermap.com/usa/nevada/las-vegas/google-henderson-data-center-2/
5362,Lumen Las Vegas 1,Lumen,Colocation,1 Aerojet Way North,Las Vegas,89030,Nevada,36.236543,-115.117389,https://www.datacentermap.com/usa/nevada/las-vegas/level3-las-vegas1/
10799,Novva Tahoe Reno,Novva,Colocation,1 Astro Way,McCarran,89434,Nevada,39.5268671,-119.6246269,https://www.datacentermap.com/usa/nevada/reno/novva-tahoe-reno/
7698,EdgeCore Reno Campus,EdgeCore,Colocation,3000 USA Parkway,McCarran,89434,Nevada,39.524533,-119.481825,https://www.datacentermap.com/usa/nevada/reno/reno-campus/
13394,Colovore RN01,Colovore,Colocation,100 Italy Dr,Sparks,89437,Nevada,39.5314283,-119.4809659,https://www.datacentermap.com/usa/nevada/reno/colovore-rn01/
13862,Connect Reno,Connect Data Centers by Oppidan,Colocation,N Virginia St & Stead Blvd,Reno,89506,Nevada,39.6173616179492,-119.883493432038,https://www.datacentermap.com/usa/nevada/reno/connect-reno/
8640,CENTRA Reno (RNO01),CENTRA,Colocation,200 S Virginia St,Reno,89501,Nevada,39.5229986,-119.8113578,https://www.datacentermap.com/usa/nevada/reno/cadc-reno/
6819,Roller Network Data Center,Roller Network LLC,Colocation,3545 Airway Dr,Reno,89511,Nevada,39.4693602,-119.7699757,https://www.datacentermap.com/usa/nevada/reno/roller-network2/
7716,Switch TAHOE RENO,Switch,Colocation,1 SUPERLOOP Circle,McCarran,89434,Nevada,39.51572847368928,-119.4712972640991,https://www.datacentermap.com/usa/nevada/reno/switch-tahoe-reno/
11234,Peru Shelf Technology Park,Tract,Campus,"Peru Dr & Denmark Dr, Tahoe-Reno Industrial Center",Sparks,89437,Nevada,39.53921350411434,-119.4938694745495,https://www.datacentermap.com/usa/nevada/reno/peru-shelf-technology-park/
10035,Google Storey County Data Center,Google,Hyperscaler,7400 USA Pkwy,Sparks,89437,Nevada,39.492107,-119.424771,https://www.datacentermap.com/usa/nevada/reno/google-storey-county/
4279,Xogenous Data Center,Xogenous,Colocation,1175 Fairview Drive,Carson City,89701,Nevada,39.1493425,-119.7552715,https://www.datacentermap.com/usa/nevada/reno/xogenous/
11237,South Valley Technology Park,Tract,Campus,9000 USA Pkwy,Sparks,89434,Nevada,39.5121209,-119.4352238,https://www.datacentermap.com/usa/nevada/reno/south-valley-technology-park/
13426,Apple Sparks - Building 1,Apple,Hyperscaler,21905 Reno Technology Pkwy E,Sparks,89434,Nevada,39.56643042405701,-119.5483928734017,https://www.datacentermap.com/usa/nevada/reno/apple-sparks-building-1/
13428,Apple Sparks - Building 3,Apple,Hyperscaler,21905 Reno Technology Pkwy E,Sparks,89434,Nevada,39.57038613866397,-119.5365210101018,https://www.datacentermap.com/usa/nevada/reno/apple-sparks-building-3/
10916,Apple Sparks Campus,Apple,Campus,21905 Reno Technology Pkwy E,Sparks,89434 ,Nevada,39.5823736,-119.5199846,https://www.datacentermap.com/usa/nevada/reno/apple-sparks-data-center/
5272,CC Communications Data Center,CC Communications,Colocation,50 W Williams Ave,Fallon,89406,Nevada,39.4751939,-118.7778442,https://www.datacentermap.com/usa/nevada/reno/cc-communications/
13427,Apple Sparks - Building 2,Apple,Hyperscaler,21905 Reno Technology Pkwy E,Sparks,89434,Nevada,39.56726435025093,-119.5437328896078,https://www.datacentermap.com/usa/nevada/reno/apple-sparks-building-2/
11205,PowerHouse Reno Campus,PowerHouse Data Centers,Campus,600 Britain Dr,Sparks,89434,Nevada,39.557847,-119.495145,https://www.datacentermap.com/usa/nevada/reno/powerhouse-reno/
12721,Vantage NV12,Vantage Data Centers,Colocation,200 Electric Ave,Sparks,89437,Nevada,39.549726,-119.4874804,https://www.datacentermap.com/usa/nevada/reno/vantage-nv12/
13959,PowerHouse Reno - Building 2,PowerHouse Data Centers,Colocation,600 Britain Dr,Sparks,89434,Nevada,39.5565547773771,-119.500146378006,https://www.datacentermap.com/usa/nevada/reno/powerhouse-reno-building-2/
13960,PowerHouse Reno - Building 3,PowerHouse Data Centers,Colocation,600 Britain Dr,Sparks,89434,Nevada,39.55590405491571,-119.495258006556,https://www.datacentermap.com/usa/nevada/reno/powerhouse-reno-building-3/
12720,Vantage NV11,Vantage Data Centers,Colocation,100 Electric Ave,Sparks,89437,Nevada,39.549726,-119.4874804,https://www.datacentermap.com/usa/nevada/reno/vantage-nv11/
13958,PowerHouse Reno - Building 1,PowerHouse Data Centers,Colocation,600 Britain Dr,Sparks,89434,Nevada,39.55905545015912,-119.4994886662035,https://www.datacentermap.com/usa/nevada/reno/powerhouse-reno-building-1/
12722,Vantage NV1 Campus,Vantage Data Centers,Campus,100-200 Electric Ave,Sparks,89437,Nevada,39.549726,-119.4874804,https://www.datacentermap.com/usa/nevada/reno/vantage-nv1-campus/
5439,Lumen Reno 1,Lumen,Colocation,220 Gardner Street,reno,89503,Nevada,39.525084,-119.827138,https://www.datacentermap.com/usa/nevada/reno/level3-reno1/
8856,Centersquare - New York EWR5-A,Centersquare,Colocation,15 Enterprise Ave North,Secaucus,07094,New Jersey,40.78623,-74.06912009999999,https://www.datacentermap.com/usa/new-jersey/secaucus/evoque-nyc3/
2886,Equinix NY4,Equinix,Colocation,755 Secaucus Road,Secaucus,11209,New Jersey,40.7764996,-74.06985089999999,https://www.datacentermap.com/usa/new-jersey/secaucus/equinix-ny4/
9414,CoreSite Secaucus (NY3),CoreSite,Colocation,2 Emerson Lane,Secaucus,07094,New Jersey,40.78505169854645,-74.06526748830495,https://www.datacentermap.com/usa/new-jersey/secaucus/coresite-ny3/
1053,Equinix NY5,Equinix,Colocation,800 Secaucus Rd,Secaucus,07094,New Jersey,40.7785344,-74.0722373,https://www.datacentermap.com/usa/new-jersey/secaucus/equinix-secaucus/
1046,Equinix NY2,Equinix,Colocation,275 Hartz Way,Secaucus,07094,New Jersey,40.7778177,-74.07590859999999,https://www.datacentermap.com/usa/new-jersey/secaucus/equinix-secaucus-2/
8716,H5 Data Centers New Jersey,H5 Data Centers,Colocation,200B Meadowlands Pkwy,Secaucus,07094,New Jersey,40.7852512,-74.0749908,https://www.datacentermap.com/usa/new-jersey/secaucus/h5-new-jersey/
9981,Colocation America NJDC2,Colocation America,Colocation,275 Hartz Way,Secaucus,07094,New Jersey,40.7778177,-74.07590859999999,https://www.datacentermap.com/usa/new-jersey/secaucus/colocation-america-njdc11/
9641,Evocative EWR1,Evocative Data Centers,Colocation,1 Enterprise Ave N,Secaucus,07094,New Jersey,40.7876619,-74.06801519999999,https://www.datacentermap.com/usa/new-jersey/secaucus/evocative-ewr1/
14365,Equinix NY3,Equinix,Colocation,600 Jefferson Ave,Secaucus,07094,New Jersey,40.77475460479761,-74.06893128829691,https://www.datacentermap.com/usa/new-jersey/secaucus/equinix-ny3/
12381,InterServer TEB4,"InterServer, Inc",Colocation,200 Meadowlands Pkwy,Secaucus,07094,New Jersey,40.7852512,-74.0749908,https://www.datacentermap.com/usa/new-jersey/secaucus/interserver-teb4/
522,InterServer TEB2,"InterServer, Inc",Colocation,110 Meadowlands PKWY,Secaucus,07094,New Jersey,40.787926,-74.074564,https://www.datacentermap.com/usa/new-jersey/secaucus/interserver/
5016,247Rack Secaucus NY2,247rack.com,Colocation,2 Emerson Ln,Secaucus,07094,New Jersey,40.7858982,-74.0672153,https://www.datacentermap.com/usa/new-jersey/secaucus/ny2/
11926,410 Commerce Blvd (EWR14),Digital Realty,Colocation,410 Commerce Blvd,Carlstadt,07072,New Jersey,40.82906491975314,-74.04933986945608,https://www.datacentermap.com/usa/new-jersey/newark/410-commerce-blvd-ewr14/
2578,DataBank EWR1 - Downtown Newark,DataBank,Colocation,165 Halsey St,Newark,07102,New Jersey,40.7367836,-74.17393,https://www.datacentermap.com/usa/new-jersey/newark/zcolo-new-jersey/
1050,Equinix NY1,Equinix,Colocation,165 Halsey St,Newark,07102,New Jersey,40.7368442,-74.17340229999999,https://www.datacentermap.com/usa/new-jersey/newark/equinix-newark/
941,165 Halsey Street,165 Halsey Street,Building,165 Halsey Street,Newark,07102,New Jersey,40.7368442,-74.1734023,https://www.datacentermap.com/usa/new-jersey/newark/165-halsey/
13678,US Liquidity Center (USLC),"Intercontinental Exchange, Inc. (ICE)",Colocation,1700 MacArthur Blvd,Mahwah,07430,New Jersey,41.0783734,-74.1529297,https://www.datacentermap.com/usa/new-jersey/newark/us-liquidity-center-uslc/
12756,Cogent Data Center - Franklin,"Cogent Communications, Inc.",Colocation,254 State Highway 23,Franklin,07416,New Jersey,41.1166798,-74.57588,https://www.datacentermap.com/usa/new-jersey/newark/cogent-data-center-franklin/
13989,Cogent Data Center - Sparta,"Cogent Communications, Inc.",Colocation,500 Weldon Rd,Sparta,07849,New Jersey,41.0189396,-74.5498334,https://www.datacentermap.com/usa/new-jersey/newark/cogent-data-center-sparta/
12480,CoreWeave Kenilworth,CoreWeave,Colocation,"2000 Galloping Hill Rd, 11 Nest Drive",Kenilworth,07033,New Jersey,40.67571702142524,-74.2745658726296,https://www.datacentermap.com/usa/new-jersey/newark/coreweave-kenilworth/
1477,Lumen Newark,Lumen,Colocation,165 Halsey St,Newark,07102,New Jersey,40.736729,-74.173286,https://www.datacentermap.com/usa/new-jersey/newark/level-3-newark/
8724,Crown Castle Newawk (NJ1),CROWN CASTLE,Colocation,165 Halsey St,Newawk,07102,New Jersey,40.7368442,-74.1734023,https://www.datacentermap.com/usa/new-jersey/newark/crown-castle-nj1/
5390,Lumen Newark 1,Lumen,Colocation,504 Interchange Blvd,Newark,19711,New Jersey,39.6602363,-75.7798307,https://www.datacentermap.com/usa/new-jersey/newark/level3-newark1/
1004,3 Corporate Place (EWR11),Digital Realty,Colocation,3 Corporate Place,Piscataway,08854,New Jersey,40.5545366,-74.4568998,https://www.datacentermap.com/usa/new-jersey/piscataway/3-corporate-place/
998,365 S. Randolphville Road (EWR12),Digital Realty,Colocation,365 South Randolphville Road,Piscataway,08854,New Jersey,40.5529182,-74.4592115,https://www.datacentermap.com/usa/new-jersey/piscataway/365-south-randolphville/
8663,1115 Centennial Avenue (EWR19),Digital Realty,Colocation,1115 Centennial Avenue,Piscataway,08854,New Jersey,40.5529182,-74.4592115,https://www.datacentermap.com/usa/new-jersey/piscataway/1115-centennial-avenue/
9422,CyrusOne NYM1 - Somerset,CyrusOne Data Centers,Colocation,800 Cottontail Ln.,Somerset,08873,New Jersey,40.5378291,-74.54596210000001,https://www.datacentermap.com/usa/new-jersey/piscataway/cyrusone-nym1/
8839,Digital Fortress New Jersey,Digital Fortress,Colocation,201 B Centennial Ave.,Piscataway,08854,New Jersey,40.544659,-74.49575,https://www.datacentermap.com/usa/new-jersey/piscataway/digital-fortress-piscataway/
9181,DataBank EWR2 - Piscataway,DataBank,Colocation,25 Corporate Place South,Piscataway,8854,New Jersey,40.5492738,-74.4582426,https://www.datacentermap.com/usa/new-jersey/piscataway/databank-ewr2/
1779,Centersquare - New York EWR3-A,Centersquare,Colocation,3 Corporate Pl,Piscataway,08854,New Jersey,40.553721,-74.457221,https://www.datacentermap.com/usa/new-jersey/piscataway/cyxtera-ewr3a/
4520,Constant Hosting PNJ1,Constant Hosting,Colocation,101 Possumtown Rd,Piscataway,08854,New Jersey,40.5572279,-74.4840422,https://www.datacentermap.com/usa/new-jersey/piscataway/constant-hosting-pnj1/
7612,ColoCrossing NJ1,ColoCrossing,Colocation,101 Possumtown Rd.,Piscataway,08854,New Jersey,40.5571626,-74.4842568,https://www.datacentermap.com/usa/new-jersey/piscataway/colocrossing-nj1/
7084,QTS Piscataway 1 DC1,QTS Data Centers,Colocation,101 Possumtown Rd,Piscataway Township,08854,New Jersey,40.5569046,-74.4847346,https://www.datacentermap.com/usa/new-jersey/piscataway/qts-piscataway/
6702,ReliableSite NYC Metro,ReliableSite,Colocation,101 Possumtown Rd,Piscataway,08854,New Jersey,40.5571597,-74.4841497,https://www.datacentermap.com/usa/new-jersey/piscataway/reliablesite-nyc-metro/
3753,Hammer Piscataway Data Center,Hammer Technology Holdings,Colocation,15 Corporate Place South,Piscataway,08854,New Jersey,40.5495735,-74.4557503,https://www.datacentermap.com/usa/new-jersey/piscataway/open-data-centers/
6070,24Shells NJ1,24Shells Inc,Colocation,101 Possumtown Rd,Piscataway,08854,New Jersey,40.5571382,-74.484171,https://www.datacentermap.com/usa/new-jersey/piscataway/24shells-nj1/
12204,Blue Hill New Jersey,Blue Hill Data Services,Colocation,3434 Us-22,Branchburg,08876,New Jersey,40.6098112,-74.71093599999999,https://www.datacentermap.com/usa/new-jersey/piscataway/blue-hill-new-jersey/
4054,100 Delawanna Ave (EWR20),Digital Realty,Colocation,100 Delawanna Ave,Clifton,07014,New Jersey,40.82998709,-74.12638166,https://www.datacentermap.com/usa/new-jersey/hudson-county/telx-njr2/
7897,2 Peekay Drive (EWR21),Digital Realty,Colocation,2 Peekay Drive,Clifton,07014,New Jersey,40.831523,-74.124375,https://www.datacentermap.com/usa/new-jersey/hudson-county/2-peekay-drive/
9347,DataVerge NJ,DataVerge,Colocation,111 Town Square Place,Jersey City,07310,New Jersey,40.7263044,-74.0337401,https://www.datacentermap.com/usa/new-jersey/hudson-county/dataverge-nj/
1799,365 Data Centers - Carlstadt,365 Data Centers,Colocation,410 Commerce Blvd,Carlstadt,07072,New Jersey,40.828932,-74.049205,https://www.datacentermap.com/usa/new-jersey/hudson-county/sungard-410-commerce/
4764,365 Data Centers - Weehawken,365 Data Centers,Colocation,300 Boulevard East,Weehawken,07086,New Jersey,40.761979,-74.026033,https://www.datacentermap.com/usa/new-jersey/hudson-county/atlantic-metro-ewr1/
1677,Equinix NY7,Equinix,Colocation,5851 Westside Avenue,North Bergen,07047,New Jersey,40.795468,-74.030932,https://www.datacentermap.com/usa/new-jersey/hudson-county/switchdata-new-jersey/
1800,11:11 Systems Carlstadt,11:11 Systems,Colocation,777 Central Blvd,Carlstadt,07072,New Jersey,40.828343,-74.0451928,https://www.datacentermap.com/usa/new-jersey/hudson-county/sungard-777-central/
2565,QTS Jersey City 1 DC1,QTS Data Centers,Colocation,95 Christopher Columbus Dr,Jersey City,07302,New Jersey,40.7189,-74.041929,https://www.datacentermap.com/usa/new-jersey/hudson-county/qts-jersey-city/
1780,Centersquare - New York EWR1,Centersquare,Colocation,210 Hudson Street,Jersey City,07302,New Jersey,40.719595,-74.033245,https://www.datacentermap.com/usa/new-jersey/hudson-county/cyxtera-ewr1/
5372,One Evertrust Plaza,Unknown Company,Building,1 Evertrust Plaza,Jersey City,07302,New Jersey,40.7184768,-74.037586,https://www.datacentermap.com/usa/new-jersey/hudson-county/one-evertrust-plaza/
4001,Newport Financial Center,LeFrak Organization Inc,Building,111 Town Square Place,Jersey City,07310,New Jersey,40.7263945,-74.033621,https://www.datacentermap.com/usa/new-jersey/hudson-county/newport-financial-center/
3664,"Centersquare - New York EWR2-C,D",Centersquare,Colocation,1919 Park Ave,Weehawken,07086,New Jersey,40.760671,-74.026278,https://www.datacentermap.com/usa/new-jersey/hudson-county/cyxtera-ewr2c/
1616,"Centersquare  - New York EWR2-A,B",Centersquare,Colocation,300 JFK Blvd E,Weehawken,07086,New Jersey,40.761929,-74.025163,https://www.datacentermap.com/usa/new-jersey/hudson-county/cyxtera-ewr2/
9055,Equinix NY6,Equinix,Colocation,105 Enterprise Avenue South,Secaucus,7094,New Jersey,40.77750539619046,-74.07271387500744,https://www.datacentermap.com/usa/new-jersey/hudson-county/equinix-ny6/
5356,Lumen Jersey City,Lumen,Colocation,1 Evertrust Plaza,Jersey City,07302,New Jersey,40.7184768,-74.037586,https://www.datacentermap.com/usa/new-jersey/hudson-county/level3-jersey-city/
1480,Lumen Weehawken 1,Lumen,Colocation,300 Boulevard East,Weehawken,07086,New Jersey,40.761979,-74.026033,https://www.datacentermap.com/usa/new-jersey/hudson-county/level-3-hudson-county/
2981,Iron Mountain Data Centers NJE-1,Iron Mountain Data Centers,Colocation,3003 Woodbridge Ave.,Edison,08837,New Jersey,40.520803,-74.347184,https://www.datacentermap.com/usa/new-jersey/edison/iron-mountain-nje-1/
8526,Whitelabel IT Solutions Data Center,Whitelabelitsolutions,Colocation,150 Atlantic Street,Hackensack,07601,New Jersey,40.8832772,-74.0502641,https://www.datacentermap.com/usa/new-jersey/hackensack/whitelabel-itsolutions/
9007,Hackensack HQ,Garden State Backup,Colocation,905 Main St,Hackensack,07601,New Jersey,40.9080868,-74.0420139,https://www.datacentermap.com/usa/new-jersey/hackensack/hackensack-hq/
6552,NJFX Data Center,NJFX,Colocation,1410 Wall Church Rd.,Wall,07719,New Jersey,40.1599326,-74.05284,https://www.datacentermap.com/usa/new-jersey/wall-township/njfx/
4090,Tata Communications Wall NJ,Tata Communications,Colocation,1400 Wall Chirch Road,Wall Township,07719,New Jersey,40.1615808,-74.0531669,https://www.datacentermap.com/usa/new-jersey/wall-township/tata-wall-nj/
4914,NYI - New Jersey,NYI (New York Internet Company),Colocation,999 Frontier Road,Bridgewater,08807,New Jersey,40.5815421,-74.5736396,https://www.datacentermap.com/usa/new-jersey/bridgewater/nj1/
8017,"365 Data Centers - Bridgewater, NJ",365 Data Centers,Colocation,999 Frontier Rd,Bridgewater Township,08807,New Jersey,40.5814398,-74.5738806,https://www.datacentermap.com/usa/new-jersey/bridgewater/365dcs-bridgewater-nj/
9980,Colocation America NJDC1,Colocation America,Colocation,100 Delawanna Ave,Clifton,07014,New Jersey,40.8299598,-74.1266333,https://www.datacentermap.com/usa/new-jersey/clifton/colocation-america-njdc1/
2687,Cologix NNJ3,Cologix,Colocation,200 Webro Road,Parsippany,07054,New Jersey,40.857084,-74.418907,https://www.datacentermap.com/usa/new-jersey/morris-county/net-access-parsippany-ii/
1754,Cologix NNJ2,Cologix,Colocation,9 Wing Drive,Cedar Knolls,07927,New Jersey,40.831772,-74.448799,https://www.datacentermap.com/usa/new-jersey/morris-county/cedar-knolls-datacenter/
2685,Cologix NNJ1,Cologix,Colocation,1719 Route 10,Parsippany,07054,New Jersey,40.840125,-74.459946,https://www.datacentermap.com/usa/new-jersey/morris-county/net-access-parsippany-i/
7143,Cologix NNJ4,Cologix,Colocation,16 Wing Drive,Cedar Knolls,07927,New Jersey,40.8339113,-74.4481389,https://www.datacentermap.com/usa/new-jersey/morris-county/cologix-nnj4/
7057,QTS East Windsor 1 DC1,QTS Data Centers,Colocation,159 Princeton-Hightstown Road,East Windsor,08520,New Jersey,40.2792495,-74.5475512,https://www.datacentermap.com/usa/new-jersey/princeton/qts-princeton/
14117,Princeton Nurseries Data Center,Unknown Company,Colocation,4405 Route-1,Princeton,08540,New Jersey,40.3613988,-74.6025963,https://www.datacentermap.com/usa/new-jersey/princeton/princeton-nurseries-data-center/
6439,Continuity Centers Princeton,"American Business Continuity Centers, LLC.",Colocation,500 College Rd E,Princeton,08540,New Jersey,40.3495746,-74.5947562,https://www.datacentermap.com/usa/new-jersey/princeton/continuity-centers-princeton/
2697,Planet Networks Data Center,Planet Networks,Colocation,172 Spring Street,Newton,07860,New Jersey,41.057037,-74.751059,https://www.datacentermap.com/usa/new-jersey/newton/tellurian-datacenter/
2470,Rackspace New York 1,Rackspace Hosting,Colocation,125 Belmont Dr,Somerset,08873,New Jersey,40.5400359,-74.5385269,https://www.datacentermap.com/usa/new-jersey/new-brunswick/somerset-nj-iii/
1810,Rackspace New York 2,Rackspace Hosting,Colocation,202-216 Campus Drive,Somerset,08873,New Jersey,40.544623,-74.53885,https://www.datacentermap.com/usa/new-jersey/new-brunswick/datapipe-somerset/
9056,Equinix NY11,Equinix,Colocation,1400 Federal Boulevard,Carteret,07008,New Jersey,40.58445,-74.243365,https://www.datacentermap.com/usa/new-jersey/carteret/equinix-ny11/
14154,Earth Station 76,Energy Concepts,Colocation,Logan Township Route 130,Logan,30642,New Jersey,39.7966111,-75.3650127,https://www.datacentermap.com/usa/new-jersey/logan/earth-station-76/
1751,Cogent Data Center - Pennsauken,"Cogent Communications, Inc.",Colocation,4101 Maple Ave,Merchantville,08109,New Jersey,39.949043,-75.065833,https://www.datacentermap.com/usa/new-jersey/pennsauken/sprint-pennsauken/
5470,Lumen South Brunswick 1,Lumen,Colocation,4260 US Route 1 North,South Brunswick,08852,New Jersey,40.4468942,-74.4988382,https://www.datacentermap.com/usa/new-jersey/south-brunswick/level3-south-brunswick1/
3376,CyrusOne NYM2 - Totowa,CyrusOne Data Centers,Colocation,50 Madison Road,Totowa,07512,New Jersey,40.90718821224114,-74.24230098724365,https://www.datacentermap.com/usa/new-jersey/totowa/new-jersey-data-center/
13684,Nebius New Jersey,Nebius,Hyperscaler,TBA - To Be Announced,Vineland,08361,New Jersey,39.48693919999999,-75.0430969,https://www.datacentermap.com/usa/new-jersey/vineland/nebius-new-jersey/
7891,113 North Myers Street (CLT10),Digital Realty,Colocation,113 North Myers Street,Charlotte,28202,North Carolina,35.2218852,-80.8355384,https://www.datacentermap.com/usa/north-carolina/charlotte/113-north-myers-street/
862,Flexential Charlotte - South Data Center,Flexential,Colocation,8910 Lenox Pointe Drive,Charlotte,28273,North Carolina,35.134991,-80.936312,https://www.datacentermap.com/usa/north-carolina/charlotte/flexential-charlotte-south/
991,125 North Myers Street (CTL11),Digital Realty,Colocation,125 North Myers Street,Charlotte,28202,North Carolina,35.2218852,-80.8355384,https://www.datacentermap.com/usa/north-carolina/charlotte/125-north-myers-street/
6937,Flexential Charlotte - North Data Center,Flexential,Colocation,10105 David Taylor Drive,Charlotte,28262,North Carolina,35.3297484,-80.7655889,https://www.datacentermap.com/usa/north-carolina/charlotte/flexential-charlotte/
12775,12899 Moores Chapel Rd,Digital Realty,Colocation,12899 Moores Chapel Rd,Charlotte,28214,North Carolina,35.2511619,-81.0012048,https://www.datacentermap.com/usa/north-carolina/charlotte/12899-moores-chapel-rd/
958,731 East Trade Street (CTL12),Digital Realty,Colocation,731 East Trade Street,Charlotte,28202,North Carolina,35.2218852,-80.8355384,https://www.datacentermap.com/usa/north-carolina/charlotte/731-east-trade-street/
6424,TierPoint Charlotte 4- Center Park,TierPoint,Colocation,1805 Center Park Drive,Charlotte,28217,North Carolina,35.173088,-80.927807,https://www.datacentermap.com/usa/north-carolina/charlotte/charlotte-4/
1100,TierPoint Charlotte 2 - North Myers,TierPoint,Colocation,125 N. Myers St.,Charlotte,28202,North Carolina,35.221431,-80.835792,https://www.datacentermap.com/usa/north-carolina/charlotte/hosted-solutions-charlotte/
5689,Segra Kannapolis,Segra,Colocation,465 Charles Babbage Lane,Kannapolis,28081,North Carolina,35.4873613,-80.6217341,https://www.datacentermap.com/usa/north-carolina/charlotte/datachambers4/
2381,Segra Charlotte 2,Segra,Colocation,3101 International Airport Drive,Charlotte,28208,North Carolina,35.1933055,-80.937884,https://www.datacentermap.com/usa/north-carolina/charlotte/dc74/
11009,ScaleMatrix Charlotte,ScaleMatrix,Colocation,1805 Center Park Drive,Charlotte,28217,North Carolina,35.1731908,-80.9281183,https://www.datacentermap.com/usa/north-carolina/charlotte/scalematrix-charlotte-us-east-01/
3587,T5 Data Centers - T5@Charlotte,T5 Data Centers,Colocation,131 Riverside Ct,Kings Mountain,28086,North Carolina,35.2517446,-81.3968399,https://www.datacentermap.com/usa/north-carolina/charlotte/t5-kingsmountain/
12574,CloudOgre Data Center,CloudOgre,Colocation,156 School Rd,Mill Spring,28756,North Carolina,35.2999002,-82.16081299999999,https://www.datacentermap.com/usa/north-carolina/charlotte/cloudogre-data-center/
10202,Segra Charlotte 1,Segra,Colocation,3100 International Airport Dr,Charlotte,28208,North Carolina,35.1937132,-80.9378231,https://www.datacentermap.com/usa/north-carolina/charlotte/segra-charlotte-1/
12140,Data Journey Catawba County,Data Journey,Colocation,2436 Penny Rd,Claremont,28610,North Carolina,35.7014246,-81.1565612,https://www.datacentermap.com/usa/north-carolina/charlotte/data-journey-claremont/
3977,Charlotte Data Center - Available April 1 2025,"Five 9s Digital, LLC",Colocation,1612 Cross Beam Drive,Charlotte,28217,North Carolina,35.1799482,-80.9262615,https://www.datacentermap.com/usa/north-carolina/charlotte/urp-data-center/
8639,CENTRA Charlotte (CLT01),CENTRA,Colocation,701 E Trade St,Charlotte,28202,North Carolina,35.2221009,-80.836747,https://www.datacentermap.com/usa/north-carolina/charlotte/cadc-charlotte/
3191,Charlotte Gateway Data Center,"Five 9s Digital, LLC",Colocation,120 N Myers Street,Charlotte,28202,North Carolina,35.221643,-80.834887,https://www.datacentermap.com/usa/north-carolina/charlotte/charlotte-gateway/
5808,CentriLogic Lenoir,Centrilogic,Colocation,801 Main Street NW,Lenoir,28645,North Carolina,35.922479,-81.5427402,https://www.datacentermap.com/usa/north-carolina/charlotte/centrilogic-lenoir/
8511,H5 Data Centers Charlotte,H5 Data Centers,Colocation,10105 David Taylor Dr,Charlotte,28262,North Carolina,35.3297395,-80.76586700000001,https://www.datacentermap.com/usa/north-carolina/charlotte/h5-charlotte/
7793,Cogent Data Center - Charlotte,"Cogent Communications, Inc.",Colocation,701 East Trade Street,Charlotte,28202,North Carolina,35.22216623788286,-80.83665799389865,https://www.datacentermap.com/usa/north-carolina/charlotte/cogent-charlotte/
14694,Nexus Core Systems Charlotte,Nexus Core Systems,Colocation,314 Harris Plant Cir,Rutherfordton,28139,North Carolina,35.2094517,-81.88442429999999,https://www.datacentermap.com/usa/north-carolina/charlotte/nexus-core-systems-charlotte/
12758,Cogent Data Center - Charlotte 2,"Cogent Communications, Inc.",Colocation,1310 S Mint St,Charlotte,28203,North Carolina,35.22108663130312,-80.85821348553583,https://www.datacentermap.com/usa/north-carolina/charlotte/cogent-data-center-charlotte-2/
468,Charlotte Colocation Center,"Charlotte Colocation Center, LLC",Colocation,5821 Fairview Rd,Charlotte,28209,North Carolina,35.1522159,-80.841777,https://www.datacentermap.com/usa/north-carolina/charlotte/charlotte-colocation-center/
12334,PowerHouse Charlotte,PowerHouse Data Centers,Campus,10800 University City Blvd,Charlotte,28213,North Carolina,35.3115685,-80.7035758,https://www.datacentermap.com/usa/north-carolina/charlotte/powerhouse-charlotte/
14852,5CDC Charlotte - CLT01,5C Group Inc.,Colocation,TBA - To Be Announced,Charlotte,TBA,North Carolina,35.2215548,-80.840116,https://www.datacentermap.com/usa/north-carolina/charlotte/5cdc-charlotte-clt01/
10217,Windstream Charlotte,Windstream,Colocation,301 S McDowell St,Charlotte,28204,North Carolina,35.2180275,-80.8375626,https://www.datacentermap.com/usa/north-carolina/charlotte/windstream-charlotte/
6593,TierPoint Charlotte 3,TierPoint,Colocation,113 N. Myers St.,Charlotte,28292,North Carolina,35.221913,-80.8355054,https://www.datacentermap.com/usa/north-carolina/charlotte/tierpoint-charlotte-31/
10000,Meta Forest City Campus,Meta,Hyperscaler,404 Social Circle,Forest City,28043,North Carolina,35.3156556,-81.824743,https://www.datacentermap.com/usa/north-carolina/charlotte/meta-forest-city-data-center/
9488,Lumen Charlotte 3,Lumen,Colocation,1027 N Church St,Charlotte,28206,North Carolina,35.2359135,-80.8333326,https://www.datacentermap.com/usa/north-carolina/charlotte/lumen-charlotte-3/
9489,Lumen Charlotte 4,Lumen,Colocation,5001 Airport Center Pkwy,Charlotte,28208,North Carolina,35.2218076,-80.9212504,https://www.datacentermap.com/usa/north-carolina/charlotte/lumen-charlotte-4/
5046,Segra Charlotte 4,Segra,Colocation,1612 Cross Beam Drive,Charlotte,28217,North Carolina,35.180051,-80.9263579,https://www.datacentermap.com/usa/north-carolina/charlotte/dc74-charlotte/
5503,4021 Rose Lake Drive,Unknown Company,Building,4021 Rose Lake Drive,Charlotte,28217,North Carolina,35.1786858,-80.928133,https://www.datacentermap.com/usa/north-carolina/charlotte/4021-rose-lake/
13534,Meta Forest City - Building 2,Meta,Hyperscaler,480 Social Circle,Forest City,28043,North Carolina,35.3165376,-81.8251227,https://www.datacentermap.com/usa/north-carolina/charlotte/meta-forest-city-building-2/
5299,Lumen Charlotte 1,Lumen,Colocation,4021 Rose Lake Drive,Charlotte,28217,North Carolina,35.178956,-80.928133,https://www.datacentermap.com/usa/north-carolina/charlotte/level3-charlotte1/
13535,Meta Forest City - Building 3,Meta,Hyperscaler,284 Social Circle,Forest City,28043,North Carolina,35.31415725658326,-81.82220496323053,https://www.datacentermap.com/usa/north-carolina/charlotte/meta-forest-city-building-3/
13533,Meta Forest City - Building 1,Meta,Hyperscaler,404 Social Circle,Forest City,28043,North Carolina,35.31735174553799,-81.82634120734612,https://www.datacentermap.com/usa/north-carolina/charlotte/meta-forest-city-building-1/
5300,Lumen Charlotte 2,Lumen,Colocation,112 N. Myers Street,Charlotte,28202,North Carolina,35.22146,-80.835388,https://www.datacentermap.com/usa/north-carolina/charlotte/level3-charlotte2/
860,Flexential Raleigh Data Center,Flexential,Colocation,5150 McCrimmon Parkway,Morrisville,27560,North Carolina,35.849056,-78.829509,https://www.datacentermap.com/usa/north-carolina/raleigh/flexential-raleigh/
1098,TierPoint Raleigh - RAL,TierPoint,Colocation,5301 Departure Drive,Raleigh,27615,North Carolina,35.85426,-78.595798,https://www.datacentermap.com/usa/north-carolina/raleigh/hosted-solutions-raleigh/
4015,LightEdge - Raleigh,LightEdge,Colocation,8020 Arco Corporate Drive,Raleigh,27617,North Carolina,35.9073401,-78.7781416,https://www.datacentermap.com/usa/north-carolina/raleigh/onramp/
5688,Segra Raleigh,Segra,Colocation,2100 Garner Station Blvd.,Raleigh,27603,North Carolina,35.725472,-78.662967,https://www.datacentermap.com/usa/north-carolina/raleigh/datachambers3/
11299,American Tower AEDC Raleigh,American Tower Corporation,Colocation,6011 Chapel Hill Rd,Raleigh,27607,North Carolina,35.7879906,-78.7263718,https://www.datacentermap.com/usa/north-carolina/raleigh/american-tower-raleigh/
3759,NetActuate Cary Data Center,NetActuate,Colocation,500 Gregson Dr,Cary,27511,North Carolina,35.7336631,-78.8149545,https://www.datacentermap.com/usa/north-carolina/raleigh/tranquil-hosting/
12178,AceHost Raleigh-Durham Data Center,Acehost,Colocation,4518 S Miami Blvd,Durham,27703,North Carolina,35.8957405,-78.84917279999999,https://www.datacentermap.com/usa/north-carolina/raleigh/acehost-raleigh-durham-data-center/
9509,Lumen Raleigh 4,Lumen,Colocation,5301 Departure Dr,Raleigh,27616,North Carolina,35.854359,-78.5970222,https://www.datacentermap.com/usa/north-carolina/raleigh/lumen-raleigh-4/
12759,Cogent Data Center - Raleigh,"Cogent Communications, Inc.",Colocation,608 W Hargett St,Raleigh,27603,North Carolina,35.7789036,-78.6476706,https://www.datacentermap.com/usa/north-carolina/raleigh/cogent-data-center-raleigh/
6627,Celito Data Center,"Celito Communications, Inc.",Colocation,1400 - 105 Sunday Drive,Raleigh,27606,North Carolina,35.7984144,-78.7311001,https://www.datacentermap.com/usa/north-carolina/raleigh/celito-data-center/
5438,Lumen Raleigh 3,Lumen,Colocation,3440 Tarheel Drive,Raleigh,27609,North Carolina,35.8262613,-78.6095337,https://www.datacentermap.com/usa/north-carolina/raleigh/level3-raleigh3/
1454,Lumen Raleigh 2,Lumen,Colocation,1918 Wake Forest Road,Raleigh,27606,North Carolina,35.805984,-78.624759,https://www.datacentermap.com/usa/north-carolina/raleigh/1918-wake-forest-rd/
3481,"DartPoints Asheville, NC - AVL01",DartPoints,Colocation,100 Technology Drive,Asheville,28803,North Carolina,35.4888818,-82.5582222,https://www.datacentermap.com/usa/north-carolina/asheville/immedion-technology/
3921,Automated Results Data Center,Automated Results,Colocation,,Rosman,28772,North Carolina,,,https://www.datacentermap.com/usa/north-carolina/asheville/automated-results-data-center/
2933,801 Main Street - Lenoir,"Dacentec, Inc",Colocation,801 Main Street NW,Lenoir,28645,North Carolina,35.923481,-81.542542,https://www.datacentermap.com/usa/north-carolina/hickory/801-main-street---lenoir/
13181,Microsoft Lyle Creek - Building 1,Microsoft,Hyperscaler,1521 N NC 16 Hwy,Conover,28613,North Carolina,35.734617,-81.207907,https://www.datacentermap.com/usa/north-carolina/hickory/microsoft-lyle-creek-building-1/
10028,Google Lenoir Data Center,Google,Hyperscaler,708 Lynhaven Dr,Lenoir,28645,North Carolina,35.8983435,-81.5474909,https://www.datacentermap.com/usa/north-carolina/hickory/google-lenoir/
13183,Microsoft Lyle Creek - Building 3,Microsoft,Hyperscaler,1521 N NC 16 Hwy,Conover,28613,North Carolina,35.731768,-81.203299,https://www.datacentermap.com/usa/north-carolina/hickory/microsoft-lyle-creek-building-3/
11090,Microsoft Lyle Creek Campus,Microsoft,Campus,1521 N NC 16 Hwy,Conover,28613,North Carolina,35.733539,-81.202804,https://www.datacentermap.com/usa/north-carolina/hickory/microsoft-lyle-creek/
13185,Microsoft Lyle Creek - Building 5,Microsoft,Hyperscaler,1521 N NC 16 Hwy,Conover,28613,North Carolina,35.733311,-81.199717,https://www.datacentermap.com/usa/north-carolina/hickory/microsoft-lyle-creek-building-5/
13182,Microsoft Lyle Creek - Building 2,Microsoft,Hyperscaler,1521 N NC 16 Hwy,Conover,28613,North Carolina,35.732731,-81.204206,https://www.datacentermap.com/usa/north-carolina/hickory/microsoft-lyle-creek-building-2/
13184,Microsoft Lyle Creek - Building 4,Microsoft,Hyperscaler,1521 N NC 16 Hwy,Conover,28613,North Carolina,35.734204,-81.200722,https://www.datacentermap.com/usa/north-carolina/hickory/microsoft-lyle-creek-building-4/
10075,DC BLOX High Point,DC BLOX Inc.,Colocation,Sheraton Ct,King,27021,North Carolina,36.2631795,-80.3795574,https://www.datacentermap.com/usa/north-carolina/greensboro/dc-blox-high-point/
13767,ImpactData Greensboro Dream Center,ImpactData,Colocation,2901 E Gate City Blvd,Greensboro,27401,North Carolina,36.0575826,-79.745705,https://www.datacentermap.com/usa/north-carolina/greensboro/impactdata-greensboro-dream-center/
14312,Enovum Data Centers - Madison, Enovum Datacenters Corp,Colocation,805 Island Dr,Madison,27025,North Carolina,36.4041401,-79.98905239999999,https://www.datacentermap.com/usa/north-carolina/greensboro/805-island-drive/
4788,GTT Greensboro Data Center,GTT Communications,Colocation,414 N. Church Street,Greensboro,27401,North Carolina,36.078184,-79.786224,https://www.datacentermap.com/usa/north-carolina/greensboro/one-source-greensboro/
1998,Dynamic Quest Data Center,Dynamic Quest,Colocation,4821 Koger Blvd.,Greensboro,27407,North Carolina,36.0497504,-79.8816546,https://www.datacentermap.com/usa/north-carolina/greensboro/dynamic-quest/
5334,Lumen Greensboro 1,Lumen,Colocation,201 E Creekridge Road,Greensboro,27406,North Carolina,36.0291024,-79.7946387,https://www.datacentermap.com/usa/north-carolina/greensboro/level3-greensboro1/
1376,Lumen Greensboro 2,Lumen,Colocation,496 Gallimore Dairy Rd,Greensboro,27409,North Carolina,36.067414,-79.952355,https://www.datacentermap.com/usa/north-carolina/greensboro/twtc-greensboro/
6196,AIT.com Data Center,"Advanced Internet Technologies, Inc.",Colocation,421 Maiden Lane,Fayetteville,28301,North Carolina,35.0546519,-78.882739,https://www.datacentermap.com/usa/north-carolina/fayetteville/ait-fayetteville/
12594,BalsamWest Data Center,BalsamWest Fibernet LLC,Colocation,35 Bonnie Ln,Sylva,28779,North Carolina,35.3501092,-83.2084568,https://www.datacentermap.com/usa/north-carolina/sylva/balsamwest-data-center/
10819,Microsoft Boyd Farms Campus,Microsoft,Campus,Zeb Haynes Rd & Old Maiden Rd,Maiden,28650,North Carolina,35.58873042736371,-81.23112001284136,https://www.datacentermap.com/usa/north-carolina/maiden/microsoft-boyd-farms-campus/
13429,Apple Maiden Campus,Apple,Campus,5977-6028 Startown Rd,Maiden,28650,North Carolina,35.5877634,-81.2569565,https://www.datacentermap.com/usa/north-carolina/maiden/apple-maiden-campus/
10820,Microsoft Boyd Farms Data Center 1,Microsoft,Hyperscaler,1260 Old Maiden Rd,Maiden,28650,North Carolina,35.58952955430274,-81.23068712789212,https://www.datacentermap.com/usa/north-carolina/maiden/microsoft-boyd-farms-data-center-1/
13432,Apple Maiden - Building 3,Apple,Hyperscaler,5987 Startown Rd,Maiden,28650,North Carolina,35.58610890486771,-81.26223876528883,https://www.datacentermap.com/usa/north-carolina/maiden/apple-maiden-building-3/
13434,Apple Maiden - Building 5,Apple,Hyperscaler,2239 Elbow Rd,Maiden,28650,North Carolina,35.59171320110948,-81.26079180673116,https://www.datacentermap.com/usa/north-carolina/maiden/apple-maiden-building-5/
13431,Apple Maiden - Building 2,Apple,Hyperscaler,5987 Startown Rd,Maiden,28650,North Carolina,35.58708568088791,-81.26023048518098,https://www.datacentermap.com/usa/north-carolina/maiden/apple-maiden-building-2/
13433,Apple Maiden - Building 4,Apple,Hyperscaler,2239 Elbow Rd,Maiden,28650,North Carolina,35.59042478984958,-81.26443535847525,https://www.datacentermap.com/usa/north-carolina/maiden/apple-maiden-building-4/
13430,Apple Maiden - Building 1,Apple,Hyperscaler,6028 Startown Rd,Maiden,28650,North Carolina,35.5880358,-81.2626911,https://www.datacentermap.com/usa/north-carolina/maiden/apple-maiden-building-1/
9430,CyrusOne DUR1 - Durham,CyrusOne Data Centers,Colocation,2223 NE Creek Pkwy,Durham,27713,North Carolina,35.9362156,-78.88035649999999,https://www.datacentermap.com/usa/north-carolina/durham-nc/cyrusone-dur1/
6425,TierPoint Raleigh - RTP,TierPoint,Colocation,99 T W. Alexander Drive,Durham,27709,North Carolina,35.8965896,-78.878813,https://www.datacentermap.com/usa/north-carolina/durham-nc/tierpoint-raleigh-rtp/
5687,Segra Winston-Salem,Segra,Colocation,3310 Old Lexington Road,Winston-Salem,27107,North Carolina,36.05595,-80.2274425,https://www.datacentermap.com/usa/north-carolina/winston-salem/datachambers/
6084,SolidSpace,SolidSpace,Colocation,450 W. Hanes Mill Road,Winston-Salem,27105,North Carolina,36.1812299,-80.2823575,https://www.datacentermap.com/usa/north-carolina/winston-salem/solidspace/
3195,NC Data Center Park,"Five 9s Digital, LLC",Colocation,2394 Penny Road,Claremont,28610,North Carolina,35.70149,-81.1571716,https://www.datacentermap.com/usa/north-carolina/catawba/data-shell-nc/
8705,Goldsboro Networks,Goldsboro Networks,Colocation,113 W Edwards St,Princeton,27569,North Carolina,35.46572709215928,-78.16024426370859,https://www.datacentermap.com/usa/north-carolina/goldsboro/goldsboro-networks/
11613,Core Scientific Marble,Core Scientific,Colocation,155 Palmer Ln,Marble,28905,North Carolina,35.18557054286533,-83.91614842883564,https://www.datacentermap.com/usa/north-carolina/marble/core-scientific-marble/
12730,Microsoft - Person County Mega Park,Microsoft,Hyperscaler,State Rd 1333,Roxboro,27574,North Carolina,36.46694780646514,-78.99134554232771,https://www.datacentermap.com/usa/north-carolina/roxboro/microsoft-person-county-mega-park/
8550,Cologix DSM1,Cologix,Colocation,666 Walnut Street,Des Moines,50309,Iowa,41.58516950320468,-93.62476237658234,https://www.datacentermap.com/usa/iowa/des-moines/connect-des-moines/
587,InfoBunker,InfoBunker,Colocation,3101 Ingersoll Ave,Des Moines,50312,Iowa,41.586182,-93.659333,https://www.datacentermap.com/usa/iowa/des-moines/infobunker/
2555,US Signal Des Moines IA01,"US Signal Company, LLC",Colocation,390 NE Alices Road,Des Moines,50263,Iowa,41.6166126,-93.8535056,https://www.datacentermap.com/usa/iowa/des-moines/team-companies-des-moines/
12494,IP Pathways Urbandale,IP Pathways,Colocation,3600 109th St,Urbandale,50322,Iowa,41.6274127,-93.7680364,https://www.datacentermap.com/usa/iowa/des-moines/ip-pathways-urbandale/
14464,Edged Des Moines,Edged Energy,Colocation,9100 SE Four Mile Dr,Ankeny,50021,Iowa,41.72646659999999,-93.56089329999999,https://www.datacentermap.com/usa/iowa/des-moines/edged-des-moines/
7199,LightEdge - Altoona II,LightEdge,Colocation,1401 Northridge Circle NE,Altoona,50009,Iowa,41.666762,-93.455725,https://www.datacentermap.com/usa/iowa/des-moines/lightedge-altoona2/
506,LightEdge - Altoona I,LightEdge,Colocation,1435 Northridge Circle NE,Altoona,50009,Iowa,41.6668,-93.455687,https://www.datacentermap.com/usa/iowa/des-moines/edgebcc/
11137,Consolidated Des Moines,Consolidated Communications,Colocation,400 Locust Street,Des Moines,50309,Iowa,41.5868055,-93.6227464,https://www.datacentermap.com/usa/iowa/des-moines/consolidated-des-moines/
1935,Aureon West Des Moines,Aureon Networks,Colocation,1661 Westown Pkwy,West Des Moines,50265,Iowa,41.5977398,-93.7351379,https://www.datacentermap.com/usa/iowa/des-moines/westown-communications-center/
10134,Microsoft Project Mountain,Microsoft,Campus,8855 Grand Avenue,Des Moines,50266,Iowa,41.540082,-93.8275276,https://www.datacentermap.com/usa/iowa/des-moines/microsoft-project-mountain/
10158,Microsoft Project Alluvion,Microsoft,Campus,550 White Crane Rd,Des Moines,50265,Iowa,41.5171402,-93.7043969,https://www.datacentermap.com/usa/iowa/des-moines/microsoft-project-alluvion/
10159,Microsoft Project Osmium,Microsoft,Campus,5855 SW Kerry St,Cumming,50061,Iowa,41.4968628,-93.7886638,https://www.datacentermap.com/usa/iowa/des-moines/microsoft-project-osmium/
12430,Aureon Downtown,Aureon Networks,Colocation,616 10th St,Des Moines,50309,Iowa,41.5878996,-93.6310422,https://www.datacentermap.com/usa/iowa/des-moines/aureon-downtown/
10917,Apple Waukee Campus,Apple,Campus,2995 W Hickman Rd,Waukee,50263,Iowa,41.62026437506193,-93.9243794615756,https://www.datacentermap.com/usa/iowa/des-moines/apple-waukee-data-center/
13111,Microsoft Project Osmium - Building 3,Microsoft,Hyperscaler,5855 SW Kerry St,Cumming,50061,Iowa,41.496822073728,-93.78698317324299,https://www.datacentermap.com/usa/iowa/des-moines/microsoft-project-osmium-building-3/
13117,Microsoft Project Alluvion - Building 4,Microsoft,Hyperscaler,550 White Crane Rd,West Des Moines,50265,Iowa,41.51762314318057,-93.70244481263714,https://www.datacentermap.com/usa/iowa/des-moines/microsoft-project-alluvion-building-4/
13834,COPT Van Meter DC3,COPT Defense Properties,Colocation,Main St,Van Meter,50261,Iowa,41.537155,-93.93108,https://www.datacentermap.com/usa/iowa/des-moines/copt-van-meter-dc3/
13109,Microsoft Project Osmium - Building 1,Microsoft,Hyperscaler,5855 SW Kerry St,Cumming,50061,Iowa,41.49885746422999,-93.78707531166235,https://www.datacentermap.com/usa/iowa/des-moines/microsoft-project-osmium-building-1/
13103,Microsoft Project Ginger West - Building 4,Microsoft,Hyperscaler,11100 Booneville Rd,West Des Moines,50266,Iowa,41.53198199416954,-93.86340788695294,https://www.datacentermap.com/usa/iowa/des-moines/microsoft-ginger-west-building-4/
13839,COPT Van Meter DC8,COPT Defense Properties,Colocation,Main St,Van Meter,50261,Iowa,41.533473,-93.928328,https://www.datacentermap.com/usa/iowa/des-moines/copt-van-meter-dc8/
13107,Microsoft Project Ginger East - Building 3,Microsoft,Hyperscaler,1475 SE Maffitt Lake Ct,West Des Moines,50265,Iowa,41.51354922618836,-93.71868788957872,https://www.datacentermap.com/usa/iowa/des-moines/microsoft-ginger-east-building-3/
13835,COPT Van Meter DC4,COPT Defense Properties,Colocation,Main St,Van Meter,50261,Iowa,41.536905,-93.92661,https://www.datacentermap.com/usa/iowa/des-moines/copt-van-meter-dc4/
13836,COPT Van Meter DC5,COPT Defense Properties,Colocation,Main St,Van Meter,50261,Iowa,41.535918,-93.931049,https://www.datacentermap.com/usa/iowa/des-moines/copt-van-meter-dc5/
13114,Microsoft Project Alluvion - Building 1,Microsoft,Hyperscaler,550 White Crane Rd,West Des Moines,50265,Iowa,41.51849219947548,-93.70634081007974,https://www.datacentermap.com/usa/iowa/des-moines/microsoft-project-alluvion-building-1/
13102,Microsoft Project Ginger West - Building 3,Microsoft,Hyperscaler,11100 Booneville Rd,West Des Moines,50266,Iowa,41.53301268900665,-93.86353663298502,https://www.datacentermap.com/usa/iowa/des-moines/microsoft-ginger-west-building-3/
13105,Microsoft Project Ginger East - Building 1,Microsoft,Hyperscaler,1475 SE Maffitt Lake Ct,West Des Moines,50265,Iowa,41.51698996672882,-93.71990387216037,https://www.datacentermap.com/usa/iowa/des-moines/microsoft-ginger-east-building-1/
13112,Microsoft Project Osmium - Building 4,Microsoft,Hyperscaler,5855 SW Kerry St,Cumming,50061,Iowa,41.49578665057206,-93.7870353872614,https://www.datacentermap.com/usa/iowa/des-moines/microsoft-project-osmium-building-4/
13104,Microsoft Project Ginger West - Building 5,Microsoft,Hyperscaler,11100 Booneville Rd,West Des Moines,50266,Iowa,41.53080904455166,-93.86358272421123,https://www.datacentermap.com/usa/iowa/des-moines/microsoft-ginger-west-building-5/
13108,Microsoft Project Ginger East - Building 4,Microsoft,Hyperscaler,1475 SE Maffitt Lake Ct,West Des Moines,50265,Iowa,41.51349171922145,-93.7242686096376,https://www.datacentermap.com/usa/iowa/des-moines/microsoft-ginger-east-building-4/
13832,COPT Van Meter DC1,COPT Defense Properties,Colocation,Main St,Van Meter,50261,Iowa,41.538142,-93.931068,https://www.datacentermap.com/usa/iowa/des-moines/copt-van-meter-dc1/
13121,Microsoft Project Alluvion - Building 8,Microsoft,Hyperscaler,550 White Crane Rd,West Des Moines,50265,Iowa,41.51585829276627,-93.70243817428724,https://www.datacentermap.com/usa/iowa/des-moines/microsoft-project-alluvion-building-8/
13101,Microsoft Project Ginger West - Building 2,Microsoft,Hyperscaler,11100 Booneville Rd,West Des Moines,50266,Iowa,41.53376974652715,-93.86346354666964,https://www.datacentermap.com/usa/iowa/des-moines/microsoft-ginger-west-building-2/
13110,Microsoft Project Osmium - Building 2,Microsoft,Hyperscaler,5855 SW Kerry St,Cumming,50061,Iowa,41.49787087330915,-93.78701678991315,https://www.datacentermap.com/usa/iowa/des-moines/microsoft-project-osmium-building-2/
11747,Global Reach Ames,"Global Reach Internet Productions, LLC.",Colocation,2321 N Loop Dr,Ames,50010,Iowa,42.0017665,-93.6346427,https://www.datacentermap.com/usa/iowa/des-moines/global-reach-ames/
13841,COPT Van Meter DC10,COPT Defense Properties,Colocation,Main St,Van Meter,50261,Iowa,41.53339,-93.922872,https://www.datacentermap.com/usa/iowa/des-moines/copt-van-meter-dc10/
13099,Microsoft Project Mountain - Building 2,Microsoft,Hyperscaler,8855 Grand Ave,West Des Moines,50266,Iowa,41.53969478892498,-93.82748097622397,https://www.datacentermap.com/usa/iowa/des-moines/microsoft-project-mountain-building-2/
13846,COPT Van Meter DC15,COPT Defense Properties,Colocation,Main St,Van Meter,50261,Iowa,41.53112,-93.921756,https://www.datacentermap.com/usa/iowa/des-moines/copt-van-meter-dc15/
13838,COPT Van Meter DC7,COPT Defense Properties,Colocation,Main St,Van Meter,50261,Iowa,41.534726,-93.928221,https://www.datacentermap.com/usa/iowa/des-moines/copt-van-meter-dc7/
13116,Microsoft Project Alluvion - Building 3,Microsoft,Hyperscaler,550 White Crane Rd,West Des Moines,50265,Iowa,41.51764068229566,-93.70630862357308,https://www.datacentermap.com/usa/iowa/des-moines/microsoft-project-alluvion-building-3/
13118,Microsoft Project Alluvion - Building 5,Microsoft,Hyperscaler,550 White Crane Rd,West Des Moines,50265,Iowa,41.51668472041501,-93.70628716590198,https://www.datacentermap.com/usa/iowa/des-moines/microsoft-project-alluvion-building-5/
13106,Microsoft Project Ginger East - Building 2,Microsoft,Hyperscaler,1475 SE Maffitt Lake Ct,West Des Moines,50265,Iowa,41.51450766811543,-93.72246383549013,https://www.datacentermap.com/usa/iowa/des-moines/microsoft-ginger-east-building-2/
13100,Microsoft Project Ginger West - Building 1,Microsoft,Hyperscaler,11100 Booneville Rd,West Des Moines,50266,Iowa,41.5350386686595,-93.86331334297189,https://www.datacentermap.com/usa/iowa/des-moines/microsoft-ginger-west-building-1/
13833,COPT Van Meter DC2,COPT Defense Properties,Colocation,Main St,Van Meter,50261,Iowa,41.538135,-93.926538,https://www.datacentermap.com/usa/iowa/des-moines/copt-van-meter-dc2/
13120,Microsoft Project Alluvion - Building 7,Microsoft,Hyperscaler,550 White Crane Rd,West Des Moines,50265,Iowa,41.51587334673273,-93.70617987754643,https://www.datacentermap.com/usa/iowa/des-moines/microsoft-project-alluvion-building-7/
13098,Microsoft Project Mountain - Building 1,Microsoft,Hyperscaler,8855 Grand Ave,West Des Moines,50266,Iowa,41.54067650520255,-93.82781264374537,https://www.datacentermap.com/usa/iowa/des-moines/microsoft-project-mountain-building-1/
13843,COPT Van Meter DC12,COPT Defense Properties,Colocation,Main St,Van Meter,50261,Iowa,41.533306,-93.919994,https://www.datacentermap.com/usa/iowa/des-moines/copt-van-meter-dc12/
13842,COPT Van Meter DC11,COPT Defense Properties,Colocation,Main St,Van Meter,50261,Iowa,41.534684,-93.920054,https://www.datacentermap.com/usa/iowa/des-moines/copt-van-meter-dc11/
10160,Microsoft Project Ginger East,Microsoft,Campus,1475 SE Maffitt Lake Ct,West Des Moines,50265,Iowa,41.5164792,-93.7246289,https://www.datacentermap.com/usa/iowa/des-moines/microsoft-project-ginger-east/
13845,COPT Van Meter DC14,COPT Defense Properties,Colocation,Main St,Van Meter,50261,Iowa,41.53112,-93.926425,https://www.datacentermap.com/usa/iowa/des-moines/copt-van-meter-dc14/
13837,COPT Van Meter DC6,COPT Defense Properties,Colocation,Main St,Van Meter,50261,Iowa,41.535807,-93.926624,https://www.datacentermap.com/usa/iowa/des-moines/copt-van-meter-dc6/
13113,Microsoft Project Osmium - Building 5,Microsoft,Hyperscaler,5855 SW Kerry St,Cumming,50061,Iowa,41.49476192546379,-93.78708760127964,https://www.datacentermap.com/usa/iowa/des-moines/microsoft-project-osmium-building-5/
13119,Microsoft Project Alluvion - Building 6,Microsoft,Hyperscaler,550 White Crane Rd,West Des Moines,50265,Iowa,41.51675702054657,-93.70254280229386,https://www.datacentermap.com/usa/iowa/des-moines/microsoft-project-alluvion-building-6/
10207,Windstream Des Moines,Windstream,Colocation,3540 SW 61st St,Des Moines,50321,Iowa,41.5526383,-93.70038869999999,https://www.datacentermap.com/usa/iowa/des-moines/windstream-des-moines/
13115,Microsoft Project Alluvion - Building 2,Microsoft,Hyperscaler,550 White Crane Rd,West Des Moines,50265,Iowa,41.51855646446836,-93.70254280229386,https://www.datacentermap.com/usa/iowa/des-moines/microsoft-project-alluvion-building-2/
13840,COPT Van Meter DC9,COPT Defense Properties,Colocation,Main St,Van Meter,50261,Iowa,41.532305,-93.928296,https://www.datacentermap.com/usa/iowa/des-moines/copt-van-meter-dc9/
10161,Microsoft Project Ginger West,Microsoft,Campus,11100 Booneville Rd,West Des Moines,50266,Iowa,41.5350032,-93.8653712,https://www.datacentermap.com/usa/iowa/des-moines/microsoft-project-ginger-west/
12453,COPT Van Meter Campus,COPT Defense Properties,Campus,Main St,Van Meter,50261,Iowa,41.53190308894855,-93.92597870332773,https://www.datacentermap.com/usa/iowa/des-moines/copt-van-meter/
13844,COPT Van Meter DC13,COPT Defense Properties,Colocation,Main St,Van Meter,50261,Iowa,41.532265,-93.920064,https://www.datacentermap.com/usa/iowa/des-moines/copt-van-meter-dc13/
9492,Lumen Des Moines,Lumen,Colocation,4550 Carlisle Rd,Pleasant Hill,50327,Iowa,41.5580334,-93.5276346,https://www.datacentermap.com/usa/iowa/des-moines/lumen-des-moines/
13422,Apple Waukee - Building 3,Apple,Hyperscaler,2995 W Hickman Rd,Waukee,50263,Iowa,41.62036,-93.924413,https://www.datacentermap.com/usa/iowa/des-moines/apple-waukee-building-3/
13424,Apple Waukee - Building 5,Apple,Hyperscaler,2995 W Hickman Rd,Waukee,50263,Iowa,41.62322,-93.924413,https://www.datacentermap.com/usa/iowa/des-moines/apple-waukee-building-5/
13425,Apple Waukee - Building 6,Apple,Hyperscaler,2995 W Hickman Rd,Waukee,50263,Iowa,41.624671,-93.924413,https://www.datacentermap.com/usa/iowa/des-moines/apple-waukee-building-6/
13423,Apple Waukee - Building 4,Apple,Hyperscaler,2995 W Hickman Rd,Waukee,50263,Iowa,41.621686,-93.924413,https://www.datacentermap.com/usa/iowa/des-moines/apple-waukee-building-4/
13421,Apple Waukee - Building 2,Apple,Hyperscaler,2995 W Hickman Rd,Waukee,50263,Iowa,41.618966,-93.924369,https://www.datacentermap.com/usa/iowa/des-moines/apple-waukee-building-2/
13420,Apple Waukee - Building 1,Apple,Hyperscaler,2995 W Hickman Rd,Waukee,50263,Iowa,41.616788,-93.924413,https://www.datacentermap.com/usa/iowa/des-moines/apple-waukee-building-1/
13527,Meta Altoona - Building 5,Meta,Hyperscaler,500 Share Way NW,Altoona,50009,Iowa,41.66856371188865,-93.51643381719575,https://www.datacentermap.com/usa/iowa/des-moines/meta-altoona-building-5/
9995,Meta Altoona Campus,Meta,Campus,100-2500 Share Wy NW,Altoona,50009,Iowa,41.6676176,-93.5126216,https://www.datacentermap.com/usa/iowa/des-moines/meta-altoona-data-center/
13529,Meta Altoona - Building 7,Meta,Hyperscaler,1100 Share Way NW,Altoona,50009,Iowa,41.67178932998976,-93.5167342238377,https://www.datacentermap.com/usa/iowa/des-moines/meta-altoona-building-7/
13525,Meta Altoona - Building 3,Meta,Hyperscaler,300 Share Way NW,Altoona,50009,Iowa,41.66709346456577,-93.50650416130524,https://www.datacentermap.com/usa/iowa/des-moines/meta-altoona-building-3/
13523,Meta Altoona - Building 1,Meta,Hyperscaler,100 Share Way NW,Altoona,50009,Iowa,41.66436119999999,-93.51467509999999,https://www.datacentermap.com/usa/iowa/des-moines/meta-altoona-building-1/
13524,Meta Altoona - Building 2,Meta,Hyperscaler,200 Share Way NW,Altoona,50009,Iowa,41.6655283,-93.5081185,https://www.datacentermap.com/usa/iowa/des-moines/meta-altoona-building-2/
13528,Meta Altoona - Building 6,Meta,Hyperscaler,1100 Share Way NW,Altoona,50009,Iowa,41.67068475602409,-93.51678786801827,https://www.datacentermap.com/usa/iowa/des-moines/meta-altoona-building-6/
13531,Meta Altoona - Building 9,Meta,Hyperscaler,2500 Share Wy NW,Altoona,50009,Iowa,41.67598251686337,-93.50689499295596,https://www.datacentermap.com/usa/iowa/des-moines/meta-altoona-building-9/
13530,Meta Altoona - Building 8,Meta,Hyperscaler,2000 Share Wy NW,Altoona,50009,Iowa,41.6758178,-93.5097583,https://www.datacentermap.com/usa/iowa/des-moines/meta-altoona-building-8/
13526,Meta Altoona - Building 4,Meta,Hyperscaler,500 Share Way NW,Altoona,50009,Iowa,41.66690607205112,-93.5161870539668,https://www.datacentermap.com/usa/iowa/des-moines/meta-altoona-building-4/
13532,Meta Altoona - Building 10,Meta,Hyperscaler,2500 Share Wy NW,Altoona,50009,Iowa,41.67595709888096,-93.50526420987494,https://www.datacentermap.com/usa/iowa/des-moines/meta-altoona-building-10/
12499,713 Nebraska St,FiberComm LC,Colocation,713 Nebraska St,Sioux City,51101,Iowa,42.4981043,-96.40395079999999,https://www.datacentermap.com/usa/iowa/sioux-city/713-nebraska-st/
5510,Bluebird Quad Cities Data Center,Bluebird Network,Colocation,2701 Devils Glen Rd,Bettendorf,52722,Iowa,41.550523,-90.482415,https://www.datacentermap.com/usa/iowa/davenport/colohub/
12825,SFN IA-Davenport,South Front Networks,Colocation,2814 N Clark St,Davenport,52804,Iowa,41.5485966,-90.6210919,https://www.datacentermap.com/usa/iowa/davenport/sfn-ia-davenport/
11211,Meta Davenport,Meta,Hyperscaler,Hillandale Rd & Enterprise Way,Davenport,52806,Iowa,41.6164111,-90.62492499999999,https://www.datacentermap.com/usa/iowa/davenport/meta-davenport/
8085,Heartland Technology Data Center,Heartland technology Data Center,Colocation,1151 12th St,Jesup,50648,Iowa,42.4711077,-92.0541501,https://www.datacentermap.com/usa/iowa/waterloo-ia/heartland-technology/
12826,SFN IA-Waterloo,South Front Networks,Colocation,206 W 13th St,Waterloo,50702,Iowa,42.4887751,-92.3307604,https://www.datacentermap.com/usa/iowa/waterloo-ia/sfn-ia-waterloo/
532,US Secure Hosting Center,US Secure Hosting Center (USSHC),Colocation,24253 US Highway 151,Monticello,52310,Iowa,42.2840281,-91.0921393,https://www.datacentermap.com/usa/iowa/monticello/us-secure-hosting-center/
591,ITS Data Center,Infrastructure Technology Solutions,Colocation,22068 Business Hwy 151,Monticello,52310,Iowa,42.25526,-91.160461,https://www.datacentermap.com/usa/iowa/monticello/infrastructure-technology-solutions/
3760,Enseva Hiawatha Datacenter,Enseva,Colocation,755 Metzger Dr,Hiawatha,52233,Iowa,42.0563033,-91.6795893,https://www.datacentermap.com/usa/iowa/cedar-rapids/enseva-hiawatha/
590,Ark Data Centers Marion,Ark Data Centers,Colocation,5055 Rec Dr,Marion,52302,Iowa,42.05294137401164,-91.55424356460571,https://www.datacentermap.com/usa/iowa/cedar-rapids/involta-marion/
14628,Google Cedar Rapids,Google,Hyperscaler,Edgewood Rd SW & 76th Ave SW,Cedar Rapids,52404,Iowa,41.905736,-91.715249,https://www.datacentermap.com/usa/iowa/cedar-rapids/google-cedar-rapids/
13217,QTS Cedar Rapids I,QTS Data Centers,Campus,"Big Cedar Industrial Park, Edgewood Rd SW & 76th Ave SW",Cedar Rapids,52404,Iowa,41.91283461314715,-91.72999199642034,https://www.datacentermap.com/usa/iowa/cedar-rapids/qts-cedar-rapids-i/
14492,Applied Digital Adair,Applied Digital Corporation,Campus,1247 Fallow Ave,Adair,50002,Iowa,41.4675363,-94.6062917,https://www.datacentermap.com/usa/iowa/greenfield/applied-digital-adair/
9425,CyrusOne OCB1 - Council Bluffs,CyrusOne Data Centers,Colocation,4700 Gifford Rd.,Council Bluffs,51501,Iowa,41.2123485,-95.8792872,https://www.datacentermap.com/usa/iowa/council-bluffs/cyrusone-ocb1/
13443,Google Southlands Campus,Google,Campus,10420 Bunge Ave,Council Bluffs,51503,Iowa,41.17429456160303,-95.8004200105083,https://www.datacentermap.com/usa/iowa/council-bluffs/google-southlands-campus/
10023,Google Council Bluffs Data Center,Google,Hyperscaler,1430 Veterans Memorial Hwy,Council Bluffs,51501,Iowa,41.2204117,-95.8646491,https://www.datacentermap.com/usa/iowa/council-bluffs/google-council-bluffs/
13446,Google Southlands - Building 3,Google,Hyperscaler,10420 Bunge Ave,Council Bluffs,51503,Iowa,41.17315547345282,-95.80603867666895,https://www.datacentermap.com/usa/iowa/council-bluffs/google-southlands-building-3/
13448,Google Southlands - Building 5,Google,Hyperscaler,10420 Bunge Ave,Council Bluffs,51503,Iowa,41.17354940349617,-95.79215389543656,https://www.datacentermap.com/usa/iowa/council-bluffs/google-southlands-building-5/
13449,Google Southlands - Building 6,Google,Hyperscaler,10420 Bunge Ave,Council Bluffs,51503,Iowa,41.17357224279527,-95.78859192249908,https://www.datacentermap.com/usa/iowa/council-bluffs/google-southlands-building-6/
13445,Google Southlands - Building 2,Google,Hyperscaler,10420 Bunge Ave,Council Bluffs,51503,Iowa,41.17556149295325,-95.80314266009394,https://www.datacentermap.com/usa/iowa/council-bluffs/google-southlands-building-2/
13450,Google Southlands - Building 7,Google,Hyperscaler,10420 Bunge Ave,Council Bluffs,51503,Iowa,41.17202739929405,-95.79041849353314,https://www.datacentermap.com/usa/iowa/council-bluffs/google-southlands-building-7/
13444,Google Southlands - Building 1,Google,Hyperscaler,10420 Bunge Ave,Council Bluffs,51503,Iowa,41.17745250801102,-95.80318142536564,https://www.datacentermap.com/usa/iowa/council-bluffs/google-southlands-building-1/
13447,Google Southlands - Building 4,Google,Hyperscaler,10420 Bunge Ave,Council Bluffs,51503,Iowa,41.17264867493301,-95.80263273385727,https://www.datacentermap.com/usa/iowa/council-bluffs/google-southlands-building-4/
14709,Edged Council Bluffs - Building 1,Edged Energy,Colocation,College Rd and E Kanesville Blvd,Council Bluffs,51503,Iowa,41.27808611097593,-95.78967171478445,https://www.datacentermap.com/usa/iowa/council-bluffs/edged-council-bluffs-building-1/
14708,Edged Council Bluffs Campus,Edged Energy,Campus,College Rd and E Kanesville Blvd,Council Bluffs,51503,Iowa,41.27629027069217,-95.79108538325143,https://www.datacentermap.com/usa/iowa/council-bluffs/edged-council-bluffs/
14710,Edged Council Bluffs - Building 2,Edged Energy,Colocation,College Rd and E Kanesville Blvd,Council Bluffs,51503,Iowa,41.27498988499039,-95.79211788947066,https://www.datacentermap.com/usa/iowa/council-bluffs/edged-council-bluffs-building-2/
8887,Cologix DSM2,Cologix,Colocation,1205 Technology Parkway,Cedar Falls,50613,Iowa,42.47367639128999,-92.4586615210694,https://www.datacentermap.com/usa/iowa/cedar-falls/connect-cedar-valley/
6413,Great Lakes Colocation Data Center,Great Lakes Colocation ,Colocation,1455 Hwy 9,Lake Park,51347,Iowa,43.4297871,-95.2983882,https://www.datacentermap.com/usa/iowa/lake-park/glcc/
3697,Cologix MIN1,Cologix,Colocation,511 11th Ave South,Minneapolis,55415,Minnesota,44.9723876,-93.2556845,https://www.datacentermap.com/usa/minnesota/minneapolis/the-minnesota-gateway/
4930,Flexential Minneapolis - Chaska Data Center,Flexential,Colocation,3500 Lyman Blvd,Chaska,55318,Minnesota,44.8495473,-93.5996093,https://www.datacentermap.com/usa/minnesota/minneapolis/flexential-chaska/
9394,Cologix MIN2,Cologix,Colocation,511 11th Ave S,Minneapolis,55415,Minnesota,44.9714084,-93.2545804,https://www.datacentermap.com/usa/minnesota/minneapolis/cologix-min2/
9395,Cologix MIN3,Cologix,Colocation,511 11th Ave S,Minneapolis,55415,Minnesota,44.9714084,-93.2545804,https://www.datacentermap.com/usa/minnesota/minneapolis/cologix-min3/
9396,Cologix MIN4,Cologix,Colocation,511 11th Ave S,Minneapolis,55415,Minnesota,44.9714084,-93.2545804,https://www.datacentermap.com/usa/minnesota/minneapolis/cologix-min4/
9397,Cologix MIN5,Cologix,Colocation,511 11th Ave S,Minneapolis,55415,Minnesota,44.9714084,-93.2545804,https://www.datacentermap.com/usa/minnesota/minneapolis/cologix-min5/
2255,US Signal Minneapolis MN01,"US Signal Company, LLC",Colocation,10290 W 70th St,Eden Prairie,55344,Minnesota,44.8766698,-93.4083877,https://www.datacentermap.com/usa/minnesota/minneapolis/visi/
6609,LightEdge - Minneapolis I,LightEdge,Colocation,1708 West Creek Lane,Chaska,55318,Minnesota,44.8079198,-93.6373531,https://www.datacentermap.com/usa/minnesota/minneapolis/minneapolis/
5873,EdgeConneX Minneapolis - EDCMSP01,EdgeConneX,Colocation,6875 Shady Oak Rd,Eden Prairie,55344,Minnesota,44.878806,-93.404212,https://www.datacentermap.com/usa/minnesota/minneapolis/edgeconnex-edcmsp01/
4969,DataBank MSP1 - West Twin Cities,DataBank,Colocation,7700 France Ave S,Edina,55435,Minnesota,44.8626944,-93.3305488,https://www.datacentermap.com/usa/minnesota/minneapolis/databank-minneapolis/
9663,DataBank MSP3 - Brooklyn Park,DataBank,Colocation,8111 Oxbow Creek Dr N,Brooklyn Park,55445,Minnesota,45.1437611,-93.3871665,https://www.datacentermap.com/usa/minnesota/minneapolis/databank-msp3-brooklyn-park/
3662,Centersquare - Minneapolis MSP1-A,Centersquare,Colocation,4450 Dean Lakes Blvd,Shakopee,55413,Minnesota,44.77887,-93.461586,https://www.datacentermap.com/usa/minnesota/minneapolis/cyxtera-msp2/
9175,DataBank MSP4 - Downtown,DataBank,Colocation,511 11th Avenue S,Minneapolis,55145,Minnesota,44.9713931,-93.2545912,https://www.datacentermap.com/usa/minnesota/minneapolis/databank-msp4/
5079,DataBank MSP2 - East Twin Cities,DataBank,Colocation,3255 Neil Armstrong Boulevard,Eagan,55121,Minnesota,44.838426,-93.1458016,https://www.datacentermap.com/usa/minnesota/minneapolis/databank-se-minneapolis/
8347,T5 Data Centers - T5@Minneapolis,T5 Data Centers,Colocation,1001 3rd Ave S,Minneapolis,55404,Minnesota,44.9715259,-93.27033879999999,https://www.datacentermap.com/usa/minnesota/minneapolis/t5-minneapolis/
3293,IronGate Twin Cities West Data Center,IronGate Data Centers,Colocation,Not publicly available,St. Paul,55402,Minnesota,,,https://www.datacentermap.com/usa/minnesota/minneapolis/twin-cities-northwest/
3909,Unisys Eagan DC,Jones Lang LaSalle,Colocation,3199 Pilot Knob Rd.,Eagan,55121,Minnesota,44.842515,-93.169726,https://www.datacentermap.com/usa/minnesota/minneapolis/unisys-eagan-dc/
3291,IronGate Twin Cities East Data Center,IronGate Data Centers,Colocation,401 Bielenberg Dr,Woodbury,55125,Minnesota,,,https://www.datacentermap.com/usa/minnesota/minneapolis/twin-cities-east/
1690,511 Building,Unknown Company,Building,511 11th Avenue South,Minneapolis,55415,Minnesota,44.9714274,-93.2545911,https://www.datacentermap.com/usa/minnesota/minneapolis/511-building/
10365,Cogent Data Center - Minneapolis,"Cogent Communications, Inc.",Colocation,1001 3rd Ave S,Minneapolis,55404,Minnesota,44.989431,-93.28242,https://www.datacentermap.com/usa/minnesota/minneapolis/cogent-data-center-minneapolis/
10364,Cogent Data Center - St. Paul,"Cogent Communications, Inc.",Colocation,847 Earl St,St Paul,55106,Minnesota,44.9672735,-93.05632519999999,https://www.datacentermap.com/usa/minnesota/minneapolis/cogent-data-center-st-paul/
12959,Connect Eagan,Connect Data Centers by Oppidan,Colocation,550 Opperman Dr,Eagan,55123,Minnesota,44.8272589,-93.1083697,https://www.datacentermap.com/usa/minnesota/minneapolis/connect-eagan/
10282,CloudHQ MSP1,CloudHQ,Colocation,2007 Schoolmaster Dr,Chaska,55318,Minnesota,44.8108654,-93.6371125,https://www.datacentermap.com/usa/minnesota/minneapolis/cloudhq-msp1/
2969,US Internet Data Center,US Internet,Colocation,12450 Wayzata Blvd,Minnetonka,55305,Minnesota,44.9719507,-93.4368082,https://www.datacentermap.com/usa/minnesota/minneapolis/us-internet/
11139,Consolidated Mankato,Consolidated Communications,Colocation,221 E Hickory Street,Mankato,56001,Minnesota,44.16420660000001,-94.0025582,https://www.datacentermap.com/usa/minnesota/minneapolis/consolidated-mankato/
11138,Consolidated Edina,Consolidated Communications,Colocation,7700 France Avenue,Edina,55435,Minnesota,44.862749,-93.33054949999999,https://www.datacentermap.com/usa/minnesota/minneapolis/consolidated-edina/
3083,DataBank - 10300 6th Ave,DataBank,Colocation,10300 6th Ave,Plymouth,55441,Minnesota,44.986437,-93.411558,https://www.datacentermap.com/usa/minnesota/minneapolis/zcolo-10300-6th-ave/
3768,250 Marquette Avenue,"KBS Capital Markets Group, LLC",Building,250 Marquette Avenue,Minneapolis,55401,Minnesota,44.9808041,-93.2675631,https://www.datacentermap.com/usa/minnesota/minneapolis/250-marquette/
12429,Aureon Minneapolis,Aureon Networks,Colocation,511 11th Ave S,Minneapolis,55415,Minnesota,44.9714084,-93.2545804,https://www.datacentermap.com/usa/minnesota/minneapolis/aureon-minneapolis/
12281,Farmington Technology Park - Building 10,Tract,Colocation,2806 225th St W,Farmington,55024,Minnesota,44.620712,-93.123168,https://www.datacentermap.com/usa/minnesota/minneapolis/farmington-technology-park-building-10/
12277,Farmington Technology Park - Building 6,Tract,Colocation,2830 220th St W,Farmington,55024,Minnesota,44.626676,-93.117833,https://www.datacentermap.com/usa/minnesota/minneapolis/farmington-technology-park-building-6/
12273,Farmington Technology Park - Building 2,Tract,Colocation,2830 220th St W,Farmington,55024,Minnesota,44.626857,-93.123093,https://www.datacentermap.com/usa/minnesota/minneapolis/farmington-technology-park-building-2/
12283,Farmington Technology Park - Building 12,Tract,Colocation,2806 225th St W,Farmington,55024,Minnesota,44.61983,-93.118868,https://www.datacentermap.com/usa/minnesota/minneapolis/farmington-technology-park-building-12/
12274,Farmington Technology Park - Building 3,Tract,Colocation,2830 220th St W,Farmington,55024,Minnesota,44.625537,-93.123166,https://www.datacentermap.com/usa/minnesota/minneapolis/farmington-technology-park-building-3/
12280,Farmington Technology Park - Building 9,Tract,Colocation,2806 225th St W,Farmington,55024,Minnesota,44.620684,-93.126266,https://www.datacentermap.com/usa/minnesota/minneapolis/farmington-technology-park-building-9/
12271,Farmington Technology Park,Tract,Campus,2830 220th St W / 2806 225th St W,Farmington,55024,Minnesota,44.626951,-93.121551,https://www.datacentermap.com/usa/minnesota/minneapolis/farmington-technology-park/
12279,Farmington Technology Park - Building 8,Tract,Colocation,2806 225th St W,Farmington,55024,Minnesota,44.62185,-93.119955,https://www.datacentermap.com/usa/minnesota/minneapolis/farmington-technology-park-building-8/
12275,Farmington Technology Park - Building 4,Tract,Colocation,2830 220th St W,Farmington,55024,Minnesota,44.624413,-93.123215,https://www.datacentermap.com/usa/minnesota/minneapolis/farmington-technology-park-building-4/
12276,Farmington Technology Park - Building 5,Tract,Colocation,2830 220th St W,Farmington,55024,Minnesota,44.626633,-93.119562,https://www.datacentermap.com/usa/minnesota/minneapolis/farmington-technology-park-building-5/
12282,Farmington Technology Park - Building 11,Tract,Colocation,2806 225th St W,Farmington,55024,Minnesota,44.620746,-93.119997,https://www.datacentermap.com/usa/minnesota/minneapolis/farmington-technology-park-building-11/
10212,Windstream Minneapolis,Windstream,Colocation,401 2nd Ave S,Minneapolis,55401,Minnesota,44.9781697,-93.266903,https://www.datacentermap.com/usa/minnesota/minneapolis/windstream-minneapolis/
12278,Farmington Technology Park - Building 7,Tract,Colocation,2806 225th St W,Farmington,55024,Minnesota,44.621788,-93.123156,https://www.datacentermap.com/usa/minnesota/minneapolis/farmington-technology-park-building-7/
12272,Farmington Technology Park - Building 1,Tract,Colocation,2830 220th St W,Farmington,55024,Minnesota,44.62804,-93.123245,https://www.datacentermap.com/usa/minnesota/minneapolis/farmington-technology-park-building-1/
9504,Lumen Minnetonka 1,Lumen,Colocation,5500 Feltl Rd,Minnetonka,55343,Minnesota,44.9042457,-93.4201796,https://www.datacentermap.com/usa/minnesota/minneapolis/lumen-minnetonka-1/
5974,ABcom,ABcom,Colocation,213 Old Highway 8 SW,New Brighton,55112,Minnesota,45.0463323,-93.1973562,https://www.datacentermap.com/usa/minnesota/minneapolis/abcom/
477,Trustwave NOC,"Trustwave Holdings, Inc.",Colocation,7599 Corporate Way,Eden Prairie,55344,Minnesota,44.865395,-93.467952,https://www.datacentermap.com/usa/minnesota/minneapolis/bhi-noc/
9996,Meta Rosemount Data Center,Meta,Hyperscaler,County Road 42,Rosemount,55068,Minnesota,44.73875954117625,-93.06981746492148,https://www.datacentermap.com/usa/minnesota/minneapolis/meta-rosemount-data-center/
12733,Amazon AWS - Sherco Power Plant,Amazon AWS,Hyperscaler,Industrial Blvd,Becker,55308,Minnesota,45.37804230458389,-93.89141702398528,https://www.datacentermap.com/usa/minnesota/minneapolis/amazon-aws-sherco-power-plant/
5382,Lumen Minneapolis 1,Lumen,Colocation,222 S 9th Street,Minneapolis,55402,Minnesota,44.9737732,-93.269895,https://www.datacentermap.com/usa/minnesota/minneapolis/level3-minneapolis1/
5383,Lumen Minneapolis 2,Lumen,Colocation,511 11th Avenue South,Minneapolis,55415,Minnesota,44.9712826,-93.2547123,https://www.datacentermap.com/usa/minnesota/minneapolis/level3-minneapolis2/
5384,Lumen Minneapolis 3,Lumen,Colocation,715 N 2nd Street,Minneapolis,55401,Minnesota,44.9889698,-93.2764395,https://www.datacentermap.com/usa/minnesota/minneapolis/level3-minneapolis3/
1413,Lumen Minnetonka 2,Lumen,Colocation,5480 Feltl Rd,Minnetonka,55343,Minnesota,44.904749,-93.420538,https://www.datacentermap.com/usa/minnesota/minneapolis/twtc-minnetonka/
4644,Ark Data Centers Duluth 1,Ark Data Centers,Colocation,3401 Technology Drive,Duluth,55811,Minnesota,46.826096,-92.133674,https://www.datacentermap.com/usa/minnesota/duluth/involta-duluth/
7655,Ark Data Centers Duluth 2,Ark Data Centers,Colocation,421 N. 6th Ave. East,Duluth,55805,Minnesota,46.795675,-92.09562,https://www.datacentermap.com/usa/minnesota/duluth/involta-duluth2/
3914,"RevNet Cambridge - Revelation Network Management, Inc.","Revelation Network Management, Inc.",Colocation,1100 16th Ave SE,Cambridge,55008,Minnesota,45.5583716,-93.2115788,https://www.datacentermap.com/usa/minnesota/cambridge-mn/revnet2/
4399,PBC Bemidji Data Center,Paul Bunyan Communications,Colocation,1831 Anne St NW,Bemidji,56601,Minnesota,47.5058685,-94.9079481,https://www.datacentermap.com/usa/minnesota/bemidji/pbc-bemidji-data-center/
3308,Vaultas Alexandria,Vaultas,Colocation,720 Hawthorne St,Alexandria,56308,Minnesota,45.883797,-95.3765341,https://www.datacentermap.com/usa/minnesota/alexandria-mn/vaultas-alexandria/
3913,Integris Braham,Integris,Colocation,205 2nd Street SW,Braham,55006,Minnesota,45.723962,-93.1724843,https://www.datacentermap.com/usa/minnesota/braham/revnet1/
8712,H5 Data Centers Minneapolis,H5 Data Centers,Colocation,1125 Energy Park Dr,Saint Paul,55108,Minnesota,44.9722744,-93.147436,https://www.datacentermap.com/usa/minnesota/saint-paul/h5-minneapolis/
3309,Vaultas St. Cloud,Vaultas,Colocation,3701 18th St S,St. Cloud,56303,Minnesota,45.5410997,-94.203965,https://www.datacentermap.com/usa/minnesota/st-cloud/vaultas-st-cloud/
8857,Centersquare - Boston BOS4-A,Centersquare,Colocation,486 Arsenal Way,Watertown,02472,Massachusetts,42.36506,-71.15973,https://www.datacentermap.com/usa/massachusetts/boston/evoque-bos1/
6120,105 Cabot Street (BOS16),Digital Realty,Colocation,105 Cabot Street,Needham,02494,Massachusetts,42.3028621,-71.2210018,https://www.datacentermap.com/usa/massachusetts/boston/digital-realty-105-cabot/
7810,128 First Avenue (BOS14),Digital Realty,Colocation,128 First Avenue,Needham,02494,Massachusetts,42.3013161,-71.2190293,https://www.datacentermap.com/usa/massachusetts/boston/128-first-avenue/
3227,55 Middlesex Turnpike (BOS13),Digital Realty,Colocation,55 Middlesex Turnpike,Bedford,01730,Massachusetts,42.5087368,-71.2339647,https://www.datacentermap.com/usa/massachusetts/boston/55-middlesex/
8786,OPTISE DATA CENTER,OPTISE DATA CENTER ,Colocation,50 Inner Belt Rd,Somerville,02143,Massachusetts,42.103976,-71.0705814,https://www.datacentermap.com/usa/massachusetts/boston/jeancomputech-corporation/
5275,Iron Mountain Data Centers BOS-1,Iron Mountain Data Centers,Colocation,171 Bearfoot Rd.,Northborough,01532,Massachusetts,42.337868,-71.640216,https://www.datacentermap.com/usa/massachusetts/boston/iron-mountain-bos-1/
5674,EdgeConneX Boston - EDCBOS01,EdgeConneX,Colocation,22 Linnell Circle,Billerica,01821,Massachusetts,42.528273,-71.249413,https://www.datacentermap.com/usa/massachusetts/boston/edgeconnex-edcbos01/
2955,Evocative BOS1,Evocative Data Centers,Colocation,50 Inner Belt Road,Somerville,02143,Massachusetts,42.3780069,-71.080328,https://www.datacentermap.com/usa/massachusetts/boston/internap-boston/
1030,CoreSite Boston (BO1),CoreSite,Colocation,70 Innerbelt Road,Boston,02143,Massachusetts,42.375718,-71.080777,https://www.datacentermap.com/usa/massachusetts/boston/70-innerbelt/
9038,Equinix BO2,Equinix,Colocation,41 Alexander Road,Billerica,01821,Massachusetts,42.55075,-71.21532,https://www.datacentermap.com/usa/massachusetts/boston/equinix-bo2/
6431,TierPoint Boston-Andover,TierPoint,Colocation,15 Shattuck Road,Andover,01810,Massachusetts,42.685693,-71.208694,https://www.datacentermap.com/usa/massachusetts/boston/tierpoint-boston-andover/
6597,FirstLight Somerville,FirstLight Fiber,Colocation,70 Inner Belt Road,Somerville,02143,Massachusetts,42.3767025,-71.0797634,https://www.datacentermap.com/usa/massachusetts/boston/colospace-bostonsomerville/
1777,Centersquare - Boston BOS1-A,Centersquare,Colocation,580 Winter St,Waltham,02451,Massachusetts,42.396583,-71.267667,https://www.datacentermap.com/usa/massachusetts/boston/cyxtera-bos1a/
945,One Summer St.,Markley Group LLC.,Colocation,1 Summer Street,Boston,02110,Massachusetts,42.35548,-71.060451,https://www.datacentermap.com/usa/massachusetts/boston/one-summer-st/
1756,FirstLight Waltham,FirstLight Fiber,Colocation,265 Winter Street,Waltham,02451,Massachusetts,42.3988661,-71.253781,https://www.datacentermap.com/usa/massachusetts/boston/colospace-waltham/
6171,FirstLight Rockland,FirstLight Fiber,Colocation,1050 Hingham Street,Rockland,02370,Massachusetts,42.1662641,-70.8983473,https://www.datacentermap.com/usa/massachusetts/boston/rockland-data-center/
1788,Centersquare - Boston BOS1-B,Centersquare,Colocation,115 2nd Ave,Waltham,02452,Massachusetts,42.396444,-71.267667,https://www.datacentermap.com/usa/massachusetts/boston/cyxtera-bos1b/
1314,Expedient Data Centers - Boston,Expedient Data Centers,Colocation,1 Cabot Road,Medford,02155,Massachusetts,42.405969,-71.074712,https://www.datacentermap.com/usa/massachusetts/boston/expedient-boston/
9180,DataBank BOS1 - Downtown Boston,DataBank,Colocation,1 Summer Street,Boston,2110,Massachusetts,42.35517,-71.06046,https://www.datacentermap.com/usa/massachusetts/boston/databank-bos1/
11646,Markley Lowell,Markley Group LLC.,Colocation,1 Markley Way,Lowell,01852,Massachusetts,42.62903590000001,-71.3066075,https://www.datacentermap.com/usa/massachusetts/boston/markley-lowell/
10354,Cogent Data Center - Boston,"Cogent Communications, Inc.",Colocation,300 5th Ave,Waltham,02451,Massachusetts,42.3899412,-71.2575841,https://www.datacentermap.com/usa/massachusetts/boston/cogent-data-center-boston/
1843,SNS Norwood,"Secured Network Services, Inc.",Colocation,1500 Providence Hwy,Norwood,02062,Massachusetts,42.1610759,-71.1996107,https://www.datacentermap.com/usa/massachusetts/boston/norwood/
4867,Windstream Boston,Windstream,Colocation,500 E Rutherford,Boston,02129,Massachusetts,42.3811262,-71.0724657,https://www.datacentermap.com/usa/massachusetts/boston/500e-rutherford/
1097,TierPoint Boston-Charleston,TierPoint,Colocation,500 Rutherford Avenue,Boston,Charlestown,Massachusetts,42.3808507,-71.0725386,https://www.datacentermap.com/usa/massachusetts/boston/hosted-solutions-boston/
1498,Equinix BO1,Equinix,Colocation,74 West Street,Waltham,02451,Massachusetts,42.3549386,-71.0630431,https://www.datacentermap.com/usa/massachusetts/boston/switchdata-boston/
6493,Prov.net Boston North,"Provdotnet, LLC",Colocation,187 Billerica RD,Chelmsford,01824,Massachusetts,42.5970854,-71.3313828,https://www.datacentermap.com/usa/massachusetts/boston/boston-north/
1462,Lumen Cambridge 1,Lumen,Colocation,300 Bent Street,Cambridge,02141,Massachusetts,42.3676978,-71.0868327,https://www.datacentermap.com/usa/massachusetts/boston/level3-boston/
1696,Crown Castle Boston,CROWN CASTLE,Colocation,56 Roland St,Boston,2129,Massachusetts,42.3815725,-71.0802949,https://www.datacentermap.com/usa/massachusetts/boston/rcn-metro-56-roland/
1195,Verizon Boston #2,Verizon Communications Inc.,Colocation,89 Fulkerson St,Cambridge,02141,Massachusetts,42.3694763,-71.0879818,https://www.datacentermap.com/usa/massachusetts/boston/xo-boston2/
1194,Verizon Boston,Verizon Communications Inc.,Colocation,451 D Street,Boston,02210,Massachusetts,42.3452065,-71.0419891,https://www.datacentermap.com/usa/massachusetts/boston/xo-boston/
5298,Lumen Cambridge 2,Lumen,Colocation,1 Main Street,Cambridge,02142,Massachusetts,42.3621656,-71.0799907,https://www.datacentermap.com/usa/massachusetts/boston/level3-cambridge2/
1789,Centersquare - Boston BOS1-C,Centersquare,Colocation,600 Winter Street,Waltham,02451,Massachusetts,42.39695377497947,-71.26821398735046,https://www.datacentermap.com/usa/massachusetts/boston/cyxtera-bos1c/
7265,Lightpath Data Center,Lightpath,Colocation,300 Bent St,Cambridge,02141,Massachusetts,42.3673581,-71.0867568,https://www.datacentermap.com/usa/massachusetts/cambridge-ma/cambridge-network-solutions/
2941,Congruity360 Data Center,Congruity360,Colocation,456 Bedford Street,Fall River,02720,Massachusetts,41.702821,-71.146725,https://www.datacentermap.com/usa/massachusetts/fall-river/granite-block-data/
5011,MegaNet Massachusetts Datacenter,MegaNet Communications,Colocation,315 Pleasant St,Fall River,02721,Massachusetts,41.6986693,-71.1505242,https://www.datacentermap.com/usa/massachusetts/fall-river/meganet-ma-datacenter/
1320,NaviSite Andover,"NaviSite, Inc.",Colocation,400 Minuteman Road,Andover,01810,Massachusetts,42.6959879,-71.2109422,https://www.datacentermap.com/usa/massachusetts/andover/navisite-andover/
8810,Fitchburg Fiber 166 Boulder,Fitchburg Fiber,Colocation,166 Boulder Drive,Fitchburg,01420,Massachusetts,42.58219197767967,-71.80123688217682,https://www.datacentermap.com/usa/massachusetts/fitchburg/fitchburg-166-boulder/
2311,TierPoint Boston-Marlborough,TierPoint,Colocation,34 St Martin Dr.,Marlborough,01752,Massachusetts,42.7167588,-70.9731097,https://www.datacentermap.com/usa/massachusetts/marlborough/access-northeast/
1797,365 Data Centers - Marlboro,365 Data Centers,Colocation,250 Locke Drive,Marlboro,01752,Massachusetts,42.352693,-71.584186,https://www.datacentermap.com/usa/massachusetts/marlborough/sungard-250-locke/
1820,Crown Castle Marlborough (MA2),CROWN CASTLE,Colocation,34 St. Martin,Marlborough,01752,Massachusetts,42.3445317,-71.5655622,https://www.datacentermap.com/usa/massachusetts/marlborough/lightower-marlborough/
9978,Colocation America BOSTONDC1,Colocation America,Colocation,34 St Martin Dr,Marlborough,01752,Massachusetts,42.3129021,-71.57925709999999,https://www.datacentermap.com/usa/massachusetts/marlborough/colocation-america-bostondc1/
4296,Synoptek - Boston Data Center,Synoptek,Colocation,313 Boston Post Road West,Marlborough,01752,Massachusetts,42.3367942,-71.5942634,https://www.datacentermap.com/usa/massachusetts/marlborough/earthlink-boston/
2312,34 St. Martin Drive,Menlo Equities,Building,34 St. Martin Drive,Marlborough,01752,Massachusetts,42.7167588,-70.9731097,https://www.datacentermap.com/usa/massachusetts/marlborough/34-st-martin-drive/
12754,Cogent Data Center - Worcester,"Cogent Communications, Inc.",Colocation,52 Lagrange St,Worcester,01610,Massachusetts,42.2537905,-71.8080499,https://www.datacentermap.com/usa/massachusetts/worcester/cogent-data-center-worcester/
1694,Crown Castle Worcester (MA3),CROWN CASTLE,Colocation,474 Main Street,Worcester,1608,Massachusetts,42.2624699,-71.8026113,https://www.datacentermap.com/usa/massachusetts/worcester/lightower-worcester/
9517,Lumen Worcester 1,Lumen,Colocation,474 Main St,Worcester,01608,Massachusetts,42.2624592,-71.8027476,https://www.datacentermap.com/usa/massachusetts/worcester/lumen-worcester-1/
8723,Crown Castle Springfield (MA1),CROWN CASTLE,Colocation,1 Federal St,Springfield,01105,Massachusetts,42.1097286,-72.5764861,https://www.datacentermap.com/usa/massachusetts/springfield-ma/crown-castle-ma1/
10373,Cogent Data Center - Springfield,"Cogent Communications, Inc.",Colocation,400 Taylor St,Springfield,01105,Massachusetts,42.113001,-72.5836369,https://www.datacentermap.com/usa/massachusetts/springfield-ma/cogent-data-center-springfield/
9513,Lumen Springfield 1,Lumen,Colocation,1 Federal St,Springfield,01105,Massachusetts,42.1102873,-72.5770324,https://www.datacentermap.com/usa/massachusetts/springfield-ma/lumen-springfield-1/
8744,Codman Hill Rd,Stubblebine Company,Colocation,60 Codman Hill Rd,Boxborough,01719,Massachusetts,42.4849864,-71.5481925,https://www.datacentermap.com/usa/massachusetts/acton-boxborough/codman-hill-rd/
1685,"Cogent Data Center - Washington, DC 1","Cogent Communications, Inc.",Colocation,1120 Vermont Ave NW,Washington D.C.,20005,District of Columbia,38.904414,-77.032651,https://www.datacentermap.com/usa/district-of-columbia/washington-dc/cogent-washington/
7221,CoreSite D.C. (DC2),CoreSite,Colocation,1099 14th St NW,Washington DC,20005,District of Columbia,38.9034043,-77.0311687,https://www.datacentermap.com/usa/district-of-columbia/washington-dc/coresite-dc2/
1034,CoreSite D.C. (DC1),CoreSite,Colocation,"1275 K Street, NW,",Washington D.C.,20005,District of Columbia,38.902456,-77.030168,https://www.datacentermap.com/usa/district-of-columbia/washington-dc/1275k-street/
10377,"Cogent Data Center - Washington, DC 2","Cogent Communications, Inc.",Colocation,1050 Connecticut Ave NW,Washington D.C.,20036,District of Columbia,38.9034439,-77.0407946,https://www.datacentermap.com/usa/district-of-columbia/washington-dc/cogent-data-center-washington-dc/
1684,1120 Vermont Avenue NW,"S.C. Herman & Associates, Inc.",Building,1120 Vermont Avenue NW,Washington D.C.,20005,District of Columbia,38.9048448,-77.0330587,https://www.datacentermap.com/usa/district-of-columbia/washington-dc/1120-vermont-avenue-nw/
3787,DataBank - 2100 M St,DataBank,Colocation,2100 M St,Washington DC,20037,District of Columbia,38.9050344,-77.0468412,https://www.datacentermap.com/usa/district-of-columbia/washington-dc/zcolo-2100-m-street/
5396,Lumen Washington DC 2,Lumen,Colocation,1220 L Street NW,Washington,20005,District of Columbia,38.9033549,-77.0290561,https://www.datacentermap.com/usa/district-of-columbia/washington-dc/level3-washington-dc2/
676,123Net Southfield NW DC2,123Net,Colocation,24275 Northwestern Hwy.,Southfield,48075,Michigan,42.46665207659503,-83.23506116867065,https://www.datacentermap.com/usa/michigan/detroit/internet-123/
5738,EdgeConneX Detroit - EDCDET01,EdgeConneX,Colocation,"21005 Lahser Rd, Bldg 4",Southfield,48033,Michigan,42.448537,-83.2612259,https://www.datacentermap.com/usa/michigan/detroit/edgeconnex-edcdet01/
11107,US Signal Detroit MI03,"US Signal Company, LLC",Colocation,9275 Haggerty Rd,Belleville,48111,Michigan,42.2353124,-83.4441197,https://www.datacentermap.com/usa/michigan/detroit/us-signal-detroit-metro/
1567,ManagedWay Data Center #1,ManagedWay Company,Colocation,319 Executive Dr,Troy,48083,Michigan,42.537172,-83.0998681,https://www.datacentermap.com/usa/michigan/detroit/waveform-troy-datacenter/
8923,TelNet Worldwide - SFLFMI72W00,TelNet Worldwide,Colocation,21005 Lasher Road Bldg 4,Southfield,48033,Michigan,42.448537,-83.2612259,https://www.datacentermap.com/usa/michigan/detroit/sflfmi72w00/
3463,ManagedWay Data Center #2,ManagedWay Company,Colocation,600 Executive Dr,Troy,48083,Michigan,42.5406275,-83.0984188,https://www.datacentermap.com/usa/michigan/detroit/waveform-dc-2/
3630,123Net Detroit DC1,123Net,Colocation,24700 Northwestern Hwy.,Southfield,48075,Michigan,42.471539,-83.237771,https://www.datacentermap.com/usa/michigan/detroit/123net-inc-dc1/
3631,123Net Southfield W DC3,123Net,Colocation,24245 Northwestern Hwy.,Southfield,48075,Michigan,42.46593978148631,-83.23431015014648,https://www.datacentermap.com/usa/michigan/detroit/123net-inc-dc3/
525,Liberty Center One,Liberty Center One Data Center,Colocation,4815 Delemere Ave,Royal Oak,48073,Michigan,42.533334,-83.177469,https://www.datacentermap.com/usa/michigan/detroit/liberty-center-one/
4964,OTAVA Metro Detroit,OTAVA,Colocation,6435 North Hix Rd.,Westland,48185,Michigan,42.331051,-83.419518,https://www.datacentermap.com/usa/michigan/detroit/metro-detroit-1-data-center/
1168,Cogent Data Center - Troy,"Cogent Communications, Inc.",Colocation,3331 W Big Beaver Rd,Troy,48084,Michigan,42.56101,-83.192587,https://www.datacentermap.com/usa/michigan/detroit/cogent-troy/
1149,US Signal Detroit MI04,"US Signal Company, LLC",Colocation,21648 Melrose Ave,Southfield,48075,Michigan,42.446815,-83.256198,https://www.datacentermap.com/usa/michigan/detroit/us-signal-southfield/
1495,365 Data Centers - Detroit,365 Data Centers,Colocation,24660 Lahser Road,Southfield,48034,Michigan,42.469712,-83.260611,https://www.datacentermap.com/usa/michigan/detroit/switchdata-detroit/
3283,OTAVA Ann Arbor 2,OTAVA,Colocation,5430 Data Court,Ann Arbor,48108,Michigan,42.211021,-83.745217,https://www.datacentermap.com/usa/michigan/detroit/ann-arbor-2-data-center/
8286,Clear Rate Troy Datacenter,Clear Rate Communications,Colocation,2600 W Big Beaver Rd,Troy,48034,Michigan,42.56279,-83.1799,https://www.datacentermap.com/usa/michigan/detroit/clear-rate-troy-datacenter/
10359,Cogent Data Center - Detroit,"Cogent Communications, Inc.",Colocation,1320 3rd Ave,Detroit,48226,Michigan,42.330743,-83.05577339999999,https://www.datacentermap.com/usa/michigan/detroit/cogent-data-center-detroit/
12031,US Signal Detroit MI05,"US Signal Company, LLC",Colocation,1035 W Entrance Dr,Auburn Hills,48326,Michigan,42.6540236,-83.2139184,https://www.datacentermap.com/usa/michigan/detroit/us-signal-detroit-north/
5995,21005 Lahser Road,EdgeConneX,Building,"21005 Lahser Road, Building 4",Southfield,48033,Michigan,42.448537,-83.2612259,https://www.datacentermap.com/usa/michigan/detroit/21005-lahser-road/
705,Nexcess Southfield Data Center,NEXCESS.NET L.L.C.,Colocation,21700 Melrose Ave,Southfield,48075,Michigan,42.446356,-83.256776,https://www.datacentermap.com/usa/michigan/detroit/eliterax/
704,Nexcess Dearborn Data Center,NEXCESS.NET L.L.C.,Colocation,22015 W. Outer Drive,Dearborn,48124,Michigan,42.334328,-83.261488,https://www.datacentermap.com/usa/michigan/detroit/nexcess-net-dc1/
1953,RT Software Systems,RT Software Hosting,Colocation,3811 West 12 Mile Road,Berkley,48072,Michigan,42.5027567,-83.1985716,https://www.datacentermap.com/usa/michigan/detroit/rt-3811/
10211,Windstream Farmington Hills,Windstream,Colocation,23629 Industrial Park Dr,Farmington Hills,48335,Michigan,42.46193210000001,-83.421101,https://www.datacentermap.com/usa/michigan/detroit/windstream-farmington-hills/
643,Awecomm Technologies Data Center,Awecomm Technologies,Colocation,165 Kirts Blvd #400,Troy,48084,Michigan,42.5554917,-83.1495198,https://www.datacentermap.com/usa/michigan/detroit/awecomm-technologies/
1211,Verizon Detroit #2,Verizon Communications Inc.,Colocation,21555 Melrose Ave.,Southfield,48075,Michigan,42.4472794,-83.2554361,https://www.datacentermap.com/usa/michigan/detroit/xo-detroit2/
1466,Lumen Detroit,Lumen,Colocation,19675 West Ten Mile Road,Southfield,48075,Michigan,42.472908,-83.240117,https://www.datacentermap.com/usa/michigan/detroit/level3-detroit/
5323,Lumen Detroit 3,Lumen,Colocation,1965 Porter,Detroit,48216,Michigan,42.325094,-83.069586,https://www.datacentermap.com/usa/michigan/detroit/level3-detroit3/
4680,US Signal Grand Rapids MI01,"US Signal Company, LLC",Colocation,4765 Barden Ct. SE,Kentwood,49512,Michigan,42.87684861556736,-85.56395351886749,https://www.datacentermap.com/usa/michigan/grand-rapids/us-signal-barden-ct/
1148,US Signal Grand Rapids MI02,"US Signal Company, LLC",Colocation,400 76th St SW,Grand Rapids,49509,Michigan,42.826211,-85.654089,https://www.datacentermap.com/usa/michigan/grand-rapids/us-signal-grand-rapids/
3633,123Net Grand Rapids DC4,123Net,Colocation,400 S. 76th Street,Byron Center,49315,Michigan,42.825306,-85.672738,https://www.datacentermap.com/usa/michigan/grand-rapids/123net-inc-dc4/
7715,Switch GRAND RAPIDS,Switch,Colocation,6100 E Paris Ave,Caledonia,49316,Michigan,42.85182182679113,-85.56049346923828,https://www.datacentermap.com/usa/michigan/grand-rapids/switch-grand-rapids/
3065,Iserv Data Center,382 Communications,Colocation,5222 33rd St,Grand Rapids,49512,Michigan,42.902887,-85.538644,https://www.datacentermap.com/usa/michigan/grand-rapids/iserv-company/
4213,Everstream Grand Rapids Data Center,Everstream,Colocation,3950 Sparks Ave SE,Grand Rapids,49546,Michigan,42.914982,-85.56987,https://www.datacentermap.com/usa/michigan/grand-rapids/comlink-grand-rapids/
3638,400 South 76th Street,"76th Business Complex, LLC",Building,400 S 76 Street,Byron Center,49315,Michigan,42.825306,-85.672738,https://www.datacentermap.com/usa/michigan/grand-rapids/400-south-76th/
474,Altafiber Grand Rapids,Altafiber,Colocation,333 Bridge St. NW,Grand Rapids,49503,Michigan,42.97052,-85.67682,https://www.datacentermap.com/usa/michigan/grand-rapids/gramtel-grand-rapids/
2329,CBTS Grand Rapids Data Center,CBTS,Colocation,5832 Rivers Edge Rd,Grand Rapids,49503,Michigan,42.9633599,-85.6680863,https://www.datacentermap.com/usa/michigan/grand-rapids/cbts-grand-rapids-data-center/
12815,CMS Internet Mount Pleasant,CMS Internet,Colocation,131 S Main St,Mount Pleasant,48858,Michigan,42.5121735,-84.655422,https://www.datacentermap.com/usa/michigan/mount-pleasant/cms-internet-mount-pleasant-data-center/
14794,Deep Green Lansing (DG06),Deep Green,Colocation,313 S Capitol Ave,Lansing,48933,Michigan,42.73042,-84.553451,https://www.datacentermap.com/usa/michigan/lansing/deep-green-lansing-dg06/
462,ACD.net MetroIX,ACD.net,Colocation,1800 N Grand River Ave,Lansing,48906,Michigan,42.754157,-84.556996,https://www.datacentermap.com/usa/michigan/lansing/acd-metroix/
622,Liquid Web Lansing B,Liquid Web,Colocation,4210 Creyts,Lansing,48917,Michigan,42.70539812149829,-84.66609477996826,https://www.datacentermap.com/usa/michigan/lansing/liquid-web-dc1/
621,Liquid Web Lansing A,Liquid Web,Colocation,4428 Creyts Rd,Lansing,48917,Michigan,42.6879568,-84.6429951,https://www.datacentermap.com/usa/michigan/lansing/liquid-web-idc2/
4212,Everstream East Lansing Data Center,Everstream,Colocation,1515 Turf Lane,East Lansing,48823,Michigan,42.769774,-84.504974,https://www.datacentermap.com/usa/michigan/lansing/comlink/
5360,Lumen Communications,Lumen,Colocation,1206 May Street,Lansing,48906,Michigan,42.741976,-84.534342,https://www.datacentermap.com/usa/michigan/lansing/level3-communications/
662,OTAVA Ann Arbor,OTAVA,Colocation,640 Avis Drive,Ann Arbor,48104,Michigan,42.21174,-83.74028,https://www.datacentermap.com/usa/michigan/ann-arbor/onlinetech-avis-drive/
2779,Synergy Broadband State Street,Synergy Broadband,Colocation,3131 S. State,Ann Arbor,48108,Michigan,42.2415737,-83.7375684,https://www.datacentermap.com/usa/michigan/ann-arbor/synergy-broadband-state-street/
11654,Velocity Data Center,Velocity Data Centers,Colocation,6163 Jackson Road,Ann Arbor,48103,Michigan,42.2896388,-83.8520746,https://www.datacentermap.com/usa/michigan/ann-arbor/velocity-data-center/
2431,Clear Rate Battle Creek POP,Clear Rate Communications,Colocation,62 Michigan Ave E,Battle Creek,49017,Michigan,42.3173,-85.1810469,https://www.datacentermap.com/usa/michigan/battle-creek/battle-creek-pop/
7804,Metronet Galesburg,Metronet,Colocation,13800 E Michigan Ave,Galesburg,49053,Michigan,42.2804706,-85.3588204,https://www.datacentermap.com/usa/michigan/battle-creek/cts-telecom/
4642,"1010 Technology Center, Inc","1010 Technology Center, Inc",Colocation,1010 US 23 North,Alpena,49707,Michigan,45.0616794,-83.4327528,https://www.datacentermap.com/usa/michigan/alpena/1010-technology-center-inc/
7582,MEC Data Center,Midwest Energy & Communications,Colocation,60590 Decatur Road,Cassopolis,49031,Michigan,41.9189882,-85.9736128,https://www.datacentermap.com/usa/michigan/cassopolis/mec-data-center/
5660,Aunalytics Kalamazoo Data Center,Aunalytics,Colocation,6395 Technology Ave,Kalamazoo,49009,Michigan,42.2464108,-85.6752039,https://www.datacentermap.com/usa/michigan/kalamazoo/secant-tier-3-dc/
13957,Hyperscale Data Michigan,"Hyperscale Data, Inc.",Colocation,415 E Prairie Ronde St,Dowagiac,49047,Michigan,41.992413,-86.098981,https://www.datacentermap.com/usa/michigan/kalamazoo/hyperscale-data-michigan/
663,OTAVA Mid-Michigan,OTAVA,Colocation,5225 Exchange Drive,Flint,48507,Michigan,42.968757,-83.77964,https://www.datacentermap.com/usa/michigan/flint/onlinetech-exchange-drive/
6168,Telesystem DC-2,"Buckeye Telesystem, Inc",Colocation,1240 Huber Drive,Monroe,48162,Michigan,41.9362994,-83.4050433,https://www.datacentermap.com/usa/michigan/monroe-mi/telesystem-data-center-2/
2220,Flexential Salt Lake City - Downtown Data Center,Flexential,Colocation,572 South Delong Street,Salt Lake City,84104,Utah,40.756304,-111.955177,https://www.datacentermap.com/usa/utah/salt-lake-city/flexential-slc-downtown/
5044,Flexential Salt Lake City - South Valley Data Center,Flexential,Colocation,7202 South Campus View Drive,West Jordan,84084,Utah,40.6205656,-111.9846578,https://www.datacentermap.com/usa/utah/salt-lake-city/flexential-slc-south-valley/
5042,Flexential Salt Lake City - Fair Park Data Center,Flexential,Colocation,118 South 10th West,Salt Lake City,84104,Utah,40.7669083,-111.9200092,https://www.datacentermap.com/usa/utah/salt-lake-city/flexential-slc-west/
5045,Flexential Salt Lake City - Millcreek Data Center,Flexential,Colocation,3949 South 200 East,Salt Lake City,84107,Utah,40.685503,-111.885238,https://www.datacentermap.com/usa/utah/salt-lake-city/flexential-slc-east/
2221,Flexential Salt Lake City - Lindon Data Center,Flexential,Colocation,333 South 520 West,Lindon,84042,Utah,40.332424,-111.727994,https://www.datacentermap.com/usa/utah/salt-lake-city/flexential-slc-lindon/
5541,EdgeConneX Salt Lake City-EDCSLC01,EdgeConneX,Colocation,2302 South Presidents Drive,West Valley City,84120,Utah,40.7208733,-111.9849271,https://www.datacentermap.com/usa/utah/salt-lake-city/edcslc01/
8274,Novva Salt Lake City,Novva,Colocation,6477 Wells Park Rd,West Jordan,84081,Utah,40.5770363,-112.0477105,https://www.datacentermap.com/usa/utah/salt-lake-city/novva-flagship/
12285,FiberState SLC1,FIBERSTATE,Colocation,106 East 13200 South,Draper,84020,Utah,40.5116607,-111.888122,https://www.datacentermap.com/usa/utah/salt-lake-city/fiberstate/
9671,DataBank SLC5 - Granite Point,DataBank,Colocation,14850 S Pony Express Rd,Bluffdale,84065,Utah,40.4813963,-111.903902,https://www.datacentermap.com/usa/utah/salt-lake-city/databank-slc5-granite-point/
9670,DataBank SLC4 - Granite Point,DataBank,Colocation,14860 S Pony Express Rd,Bluffdale,84065,Utah,40.481315,-111.90496,https://www.datacentermap.com/usa/utah/salt-lake-city/databank-slc4-granite-point/
6398,XMission Data Center,XMission,Colocation,51 East 400 South,Salt Lake City,84111,Utah,40.7609528,-111.8893002,https://www.datacentermap.com/usa/utah/salt-lake-city/xmission-data-center/
9228,Aligned SLC-02,Aligned Data Centers,Colocation,3333 West 9000 South,West Jordan,84088,Utah,40.58593218248742,-111.9697279641991,https://www.datacentermap.com/usa/utah/salt-lake-city/aligned-slc-02/
9227,Aligned SLC-01,Aligned Data Centers,Colocation,3333 West 9000 South,West Jordan,84088,Utah,40.58593218248742,-111.9697279641991,https://www.datacentermap.com/usa/utah/salt-lake-city/aligned-slc-01/
6636,DataBank SLC1 - Downtown Salt Lake City,DataBank,Colocation,179 E Social Hall Ave,Salt Lake City,84111,Utah,40.7685379,-111.8858299,https://www.datacentermap.com/usa/utah/salt-lake-city/databank-slc1/
9672,DataBank SLC6 - Granite Point,DataBank,Colocation,14870 S Pony Express Road,Bluffdale,84065,Utah,40.480689,-111.9062692,https://www.datacentermap.com/usa/utah/salt-lake-city/databank-slc6-granite-point/
6637,DataBank SLC2 - Granite Point East,DataBank,Colocation,14944 S Pony Express Rd,Bluffdale,84065,Utah,40.4797807,-111.9048641,https://www.datacentermap.com/usa/utah/salt-lake-city/databank-slc2/
7195,CirrusDS View 78 Campus,Cirrus Data Services,Campus,983 W Center Street,Midvale,84047,Utah,40.600571,-111.91708,https://www.datacentermap.com/usa/utah/salt-lake-city/cirrusds-view78/
6638,DataBank SLC3 - Granite Point West,DataBank,Colocation,14926 S Pony Express Rd,Bluffdale,84065,Utah,40.4798908,-111.9057813,https://www.datacentermap.com/usa/utah/salt-lake-city/databank-granite-point-west/
14144,Syringa Networks West Valley,Syringa Networks,Colocation,1385 West 2200 South,West Valley City,84119,Utah,40.7232557,-111.9317079,https://www.datacentermap.com/usa/utah/salt-lake-city/syringa-networks-west-valley/
13881,Oracle West Jordan,Oracle,Hyperscaler,6136 West 10120 South,West Jordan,84081,Utah,40.56798416639711,-112.036467565352,https://www.datacentermap.com/usa/utah/salt-lake-city/oracle-west-jordan/
11763,QTS Eagle Mountain II,QTS Data Centers,Colocation,542 E Hyperscale Wy,Fairfield,84013,Utah,40.26531629999999,-112.0330611,https://www.datacentermap.com/usa/utah/salt-lake-city/qts-eagle-mountain-ii/
9226,Salt Lake City Campus,Aligned Data Centers,Campus,3333 W 9000 S,West Jordan,84088,Utah,40.585936,-111.969762,https://www.datacentermap.com/usa/utah/salt-lake-city/salt-lake-city-campus/
13882,Oracle Salt Lake City,Oracle,Hyperscaler,1499-1521 S 4800 W,Salt Lake City,84104,Utah,40.7372623,-112.0051048,https://www.datacentermap.com/usa/utah/salt-lake-city/oracle-salt-lake-city/
3088,Voonami Salt Lake City Data Center,Voonami Inc,Colocation,2302 South Presidents Drive,West Valley City,84120,Utah,40.721177,-111.98508,https://www.datacentermap.com/usa/utah/salt-lake-city/salt-lake-city-data-center/
5605,2302 South Presidents Drive,Unknown Company,Building,2302 S Presidents Dr,West Valley City,84120,Utah,40.7211197,-111.9849593,https://www.datacentermap.com/usa/utah/salt-lake-city/2302-s-presidents-dr/
5446,Lumen Salt Lake City 2,Lumen,Colocation,5035 Harold Gatty Drive,Salt Lake City,84116,Utah,40.780741,-112.011435,https://www.datacentermap.com/usa/utah/salt-lake-city/level3-salt-lake-city2/
13336,CirrusDS View 78 - Building 2,Cirrus Data Services,Colocation,983 W Center Street,Midvale,84047,Utah,40.600571,-111.91708,https://www.datacentermap.com/usa/utah/salt-lake-city/cirrusds-view-78-building-2/
13335,CirrusDS View 78 - Building 1,Cirrus Data Services,Colocation,983 W Center Street,Midvale,84047,Utah,40.601913,-111.917703,https://www.datacentermap.com/usa/utah/salt-lake-city/cirrusds-view-78-building-1/
13337,CirrusDS View 78 - Building 3,Cirrus Data Services,Colocation,983 W Center Street,Midvale,84047,Utah,40.599227,-111.916298,https://www.datacentermap.com/usa/utah/salt-lake-city/cirrusds-view-78-building-3/
604,Fibernet Utah Data Center,Fibernet Corp,Colocation,1145 South 800 East,Orem,84097,Utah,40.2759778,-111.6761087,https://www.datacentermap.com/usa/utah/orem/fibernet-corporation/
3087,Voonami Orem Data Center,Voonami Inc,Colocation,"510 E Technology Avenue, Building C",Orem,84097,Utah,40.32621,-111.681677,https://www.datacentermap.com/usa/utah/orem/orem-data-center/
13542,Meta Eagle Mountain - Building 7,Meta,Hyperscaler,1500 N Community Cir,Eagle Mountain,84005,Utah,40.27113464451193,-112.0195984925382,https://www.datacentermap.com/usa/utah/orem/meta-eagle-mountain-building-7/
13539,Meta Eagle Mountain - Building 4,Meta,Hyperscaler,1725 N Community Cir,Eagle Mountain,84005,Utah,40.27152073586876,-112.0150045729511,https://www.datacentermap.com/usa/utah/orem/meta-eagle-mountain-building-4/
13536,Meta Eagle Mountain - Building 1,Meta,Hyperscaler,1275 N Community Cir,Eagle Mountain,84005,Utah,40.2647660955497,-112.0151128671689,https://www.datacentermap.com/usa/utah/orem/meta-eagle-mountain-building-1/
10006,Meta Eagle Mountain Campus,Meta,Campus,1275-1725 N Community Cir,Eagle Mountain,84005,Utah,40.2681115,-112.0177754,https://www.datacentermap.com/usa/utah/orem/meta-eagle-mountain-data-center/
13541,Meta Eagle Mountain - Building 6,Meta,Hyperscaler,1275 N Community Cir,Eagle Mountain,84005,Utah,40.26561617572415,-112.0188986911717,https://www.datacentermap.com/usa/utah/orem/meta-eagle-mountain-building-6/
13538,Meta Eagle Mountain - Building 3,Meta,Hyperscaler,1500 N Community Cir,Eagle Mountain,84005,Utah,40.26824961701448,-112.015085169139,https://www.datacentermap.com/usa/utah/orem/meta-eagle-mountain-building-3/
13540,Meta Eagle Mountain - Building 5,Meta,Hyperscaler,1725 N Community Cir,Eagle Mountain,84005,Utah,40.27310255859982,-112.0150371578191,https://www.datacentermap.com/usa/utah/orem/meta-eagle-mountain-building-5/
13537,Meta Eagle Mountain - Building 2,Meta,Hyperscaler,1275 N Community Cir,Eagle Mountain,84005,Utah,40.2663692840546,-112.015048494153,https://www.datacentermap.com/usa/utah/orem/meta-eagle-mountain-building-2/
14273,Summit Ridge Data Center,Data Center Power Company,Colocation,15372 S. Ridge Farms Rd.,Santaquin,84655,Utah,39.9466116,-111.8070813,https://www.datacentermap.com/usa/utah/santaquin/summit-ridge-data-center/
8932,ValorC3 Saint George Data Center,ValorC3 Data Centers,Colocation,"1108 West 1600 South, Bldg D",St George,84770,Utah,37.0815164,-113.6071645,https://www.datacentermap.com/usa/utah/st-george/tonaquint-stg/
13331,WebNX Ogden,WebNX Internet Services,Colocation," 119 North 600 West, Bldg 3B",Ogden,84404,Utah,41.2624402,-111.9930285,https://www.datacentermap.com/usa/utah/ogden/webnx-ogden/
5415,Lumen Ogden 1,Lumen,Colocation,526 W 17th Street,Ogden,84404,Utah,41.2368077,-111.9914906,https://www.datacentermap.com/usa/utah/ogden/level3-ogden-1/
11618,MSA Evergreen Heights,Management Science Associates,Colocation,115 Evergreen Heights Dr,Pittsburgh,15229,Pennsylvania,40.5186006,-80.01519189999999,https://www.datacentermap.com/usa/pennsylvania/pittsburgh/msa-evergreen-heights/
4775,MSA Rockpointe,Management Science Associates,Colocation,400 MSA Dr,Tarentum,15084,Pennsylvania,,,https://www.datacentermap.com/usa/pennsylvania/pittsburgh/management-science-associates/
5276,Iron Mountain Data Centers WPA-1,Iron Mountain Data Centers,Colocation,1137 Branchton Road,Boyers,16020,Pennsylvania,41.0907645,-79.9146917,https://www.datacentermap.com/usa/pennsylvania/pittsburgh/iron-mountain-wpa-1/
5545,EdgeConneX Pittsburgh - EDCPIT01,EdgeConneX,Colocation,282 Corliss St,Pittsburgh,15220,Pennsylvania,40.452221,-80.041515,https://www.datacentermap.com/usa/pennsylvania/pittsburgh/edcpit01/
7651,Ark Data Centers Pittsburgh,Ark Data Centers,Colocation,161 Armstrong Drive,Freeport,16229,Pennsylvania,40.759719,-79.636588,https://www.datacentermap.com/usa/pennsylvania/pittsburgh/involta-pittsburgh/
8714,H5 Data Centers Pittsburgh,H5 Data Centers,Colocation,2202 Liberty Ave,Pittsburgh,15222,Pennsylvania,40.4516548,-79.98092220000001,https://www.datacentermap.com/usa/pennsylvania/pittsburgh/h5-pittsburgh/
11214,Ardent Pittsburgh,Ardent Data Centers,Colocation,615 McMichael Rd,McKees Rocks,15136,Pennsylvania,40.43957436734448,-80.14201806425895,https://www.datacentermap.com/usa/pennsylvania/pittsburgh/ardent-pittsburgh/
9673,DataBank PIT2 - Summit Park,DataBank,Colocation,35 Summit Park Dr,Pittsburgh,15275,Pennsylvania,40.4513337,-80.1901013,https://www.datacentermap.com/usa/pennsylvania/pittsburgh/databank-pit2-summit-park/
1313,Expedient  Pittsburgh South,Expedient Data Centers,Colocation,810 Parish St,Pittsburgh,15220,Pennsylvania,40.4273688,-80.0425116,https://www.datacentermap.com/usa/pennsylvania/pittsburgh/expedient-pittsburgh/
11661,DQE Pittsburgh,DQE Communications,Colocation,322 Fourth Ave,Pittsburgh,15222,Pennsylvania,40.4389026,-80.0005467,https://www.datacentermap.com/usa/pennsylvania/pittsburgh/dqe-pittsburgh/
1940,TeraSwitch Networks Pittsburgh,TeraSwitch Networks Inc.,Colocation,100 S Commons,Pittsburgh,15212,Pennsylvania,40.4509125,-80.0051218,https://www.datacentermap.com/usa/pennsylvania/pittsburgh/teraswitch-networks---dc1/
11662,DQE Butler,DQE Communications,Colocation,238 Pillow St,Butler,16001,Pennsylvania,40.8605536,-79.907493,https://www.datacentermap.com/usa/pennsylvania/pittsburgh/dqe-butler/
1999,Ascent Data,Ascent Data,Colocation,90 Beta Drive,Pittsburgh,15238,Pennsylvania,40.4959821,-79.8665983,https://www.datacentermap.com/usa/pennsylvania/pittsburgh/ascent-data/
6635,DataBank PIT1 - Downtown Pittsburgh,DataBank,Colocation,100 S Commons,Pittsburgh,15212,Pennsylvania,40.451298,-80.0056592,https://www.datacentermap.com/usa/pennsylvania/pittsburgh/databank-pittsburgh/
14066,182 Northpointe Blvd,Chirisa,Colocation,182 Northpointe Blvd,Freeport,16229,Pennsylvania,40.7559041,-79.6367597,https://www.datacentermap.com/usa/pennsylvania/pittsburgh/182-northpointe-blvd/
3270,Expedient Pittsburgh ACM,Expedient Data Centers,Colocation,1 Allegheny Center Mall,Pittsburgh,15212,Pennsylvania,40.4519978,-80.0046535,https://www.datacentermap.com/usa/pennsylvania/pittsburgh/expedient-pittsburgh-acm/
9633,Expedient Pittsburgh North Shore,Expedient Data Centers,Colocation,100 S Commons,Pittsburgh,15212,Pennsylvania,40.4515505,-80.0046619,https://www.datacentermap.com/usa/pennsylvania/pittsburgh/expedient-pittsburgh-north-shore/
12229,TECfusions New Kensington,TECfusions,Colocation,100 Technical Drive,New Kensington,15068,Pennsylvania,40.54475736471054,-79.64300366232152,https://www.datacentermap.com/usa/pennsylvania/pittsburgh/tecfusions-new-kensington/
5692,aspStation Data Center,"aspStation, Inc",Colocation,4736 Penn Ave,Pittsburgh,15224,Pennsylvania,40.4652826,-79.946724,https://www.datacentermap.com/usa/pennsylvania/pittsburgh/aspstation/
11143,Consolidated Pittsburgh,Consolidated Communications,Colocation,115 Evergreen Heights Dr,Pittsburgh,15229,Pennsylvania,40.5186006,-80.01519189999999,https://www.datacentermap.com/usa/pennsylvania/pittsburgh/consolidated-pittsburgh/
10201,iM Critical Pittsburgh,iM Critical,Colocation,900 Brinton Rd,Pittsburgh,15221,Pennsylvania,40.43405629999999,-79.8728691,https://www.datacentermap.com/usa/pennsylvania/pittsburgh/im-critical-pittsburgh/
3176,DataBank - 2500 Allegheny Center Mall,DataBank,Colocation,2500 Allegheny Center Mall,Pittsburgh,15212,Pennsylvania,40.4519978,-80.0046535,https://www.datacentermap.com/usa/pennsylvania/pittsburgh/zcolo-allegheny-center-mall/
5982,viLogics Pittsburgh,viLogics Data Centers,Colocation,322 4th Ave,Pittsburgh,15222,Pennsylvania,40.4387509,-80.0008304,https://www.datacentermap.com/usa/pennsylvania/pittsburgh/vilogics-pittsburgh/
11144,Consolidated Tarentum,Consolidated Communications,Colocation,400 MSA Dr,Tarentum,15084,Pennsylvania,40.6015299,-79.81950479999999,https://www.datacentermap.com/usa/pennsylvania/pittsburgh/consolidated-tarentum/
2961,Sierra Data Center,Sierra Data Centers,Colocation,322 Fourth Ave,Pittsburgh,15222,Pennsylvania,40.4389111,-80.0005541,https://www.datacentermap.com/usa/pennsylvania/pittsburgh/sierra-data-center/
13987,Cogent Data Center - Pittsburgh,"Cogent Communications, Inc.",Colocation,3126 Liberty Ave,Pittsburgh,15201,Pennsylvania,40.4595629,-79.96937659999999,https://www.datacentermap.com/usa/pennsylvania/pittsburgh/cogent-data-center-pittsburgh/
9508,Lumen Pittsburgh 2,Lumen,Colocation,200 Technology Dr,Pittsburgh,15219,Pennsylvania,40.4300449,-79.9597071,https://www.datacentermap.com/usa/pennsylvania/pittsburgh/lumen-pittsburgh-2/
14552,151 Porter St,Unknown Company,Colocation,151 Porter St,Springdale,15144,Pennsylvania,40.53948750953155,-79.79030595209623,https://www.datacentermap.com/usa/pennsylvania/pittsburgh/151-porter-st/
12958,TECfusions Keystone Connect,TECfusions,Campus,Technical Ln,Upper Burrell,15068,Pennsylvania,40.54621337910504,-79.64519513164295,https://www.datacentermap.com/usa/pennsylvania/pittsburgh/tecfusions-keystone-connect/
12536,Bitfarms Sharon,Bitfarms Ltd.,Colocation,Not Publicly Available,Sharon,16146,Pennsylvania,41.23298037280916,-80.49363317268894,https://www.datacentermap.com/usa/pennsylvania/pittsburgh/bitfarms-sharon/
14136,The Homer City Energy Campus,Homer City Redevelopment LLC,Campus,1750 Power Plant Rd,Homer City,15748,Pennsylvania,40.51373735901925,-79.19593245632844,https://www.datacentermap.com/usa/pennsylvania/pittsburgh/the-homer-city-energy-campus/
1516,Citynet Pittsburgh,"Citynet, LLC",Colocation,Allegheny Center Mall,Pittsburgh,15212,Pennsylvania,40.451323,-80.003136,https://www.datacentermap.com/usa/pennsylvania/pittsburgh/citynet-pittsburgh/
932,Allegheny Center Mall,Allegheny Center Associates,Building,127 S Commons,Pittsburgh,15212,Pennsylvania,40.4505869,-80.0042927,https://www.datacentermap.com/usa/pennsylvania/pittsburgh/allegheny-center-mall/
5432,Lumen Pittsburgh 1,Lumen,Colocation,143 25th Street,Pittsburgh,15023,Pennsylvania,40.4544534,-79.9804247,https://www.datacentermap.com/usa/pennsylvania/pittsburgh/level3-pittsburgh1/
8389,American Tower EDC Pittsburg,American Tower Corporation,Colocation,1000 Agnew Rd,Pittsburgh,15227,Pennsylvania,40.396889,-79.958972,https://www.datacentermap.com/usa/pennsylvania/pittsburgh/edge-dc-pittsburg/
6781,Flexential Phiadelphia - Collegeville Data Center,Flexential,Colocation,101 Troutman Rd,Collegeville,19426,Pennsylvania,40.1521924,-75.4777223,https://www.datacentermap.com/usa/pennsylvania/philadelphia/flexential-philadelphia-collegeville/
2554,TierPoint Philadelphia- Navy Yard,TierPoint,Colocation,4775 League Island Boulevard,Pennsylvania,Philadelphia,Pennsylvania,39.8959827,-75.1694518,https://www.datacentermap.com/usa/pennsylvania/philadelphia/philadelphia-technology-park/
6433,TierPoint Lehigh Valley,TierPoint,Colocation,3949 Schelden Circle,Bethlehem,18017,Pennsylvania,40.6750136,-75.3781072,https://www.datacentermap.com/usa/pennsylvania/philadelphia/tierpoint-lehigh-valley/
5505,Keystone NAP,Keystone NAP,Colocation,150 Solar Dr,Fairless Hills,19030,Pennsylvania,40.1535174,-74.7426452,https://www.datacentermap.com/usa/pennsylvania/philadelphia/keystone-nap-1/
6218,Netrality - 401 N Broad,Netrality,Colocation,401 N Broad,Philadelphia,19106,Pennsylvania,39.95956,-75.160838,https://www.datacentermap.com/usa/pennsylvania/philadelphia/terminal-commerce-building/
3783,DataBank PHL1 - Downtown Philadelphia,DataBank,Colocation,401 N Broad St,Philadelphia,19108,Pennsylvania,39.9598593,-75.1608918,https://www.datacentermap.com/usa/pennsylvania/philadelphia/zcolo-401-n-broad/
4725,Colocation America PHILLYDC2,Colocation America,Colocation,1000 Adams Ave,Eagleville,19403,Pennsylvania,41.874523,-87.6296894,https://www.datacentermap.com/usa/pennsylvania/philadelphia/colocation-america-600-s-federal/
1487,365 Data Centers - Philadelphia (University City),365 Data Centers,Colocation,3701 Market St,Philadelphia,19104,Pennsylvania,39.95644,-75.196171,https://www.datacentermap.com/usa/pennsylvania/philadelphia/switchdata-philadelphia1/
1511,Equinix PH1,Equinix,Colocation,401 North Broad Street,Philadelphia,19123,Pennsylvania,39.959604,-75.16199,https://www.datacentermap.com/usa/pennsylvania/philadelphia/switch-data-philadelphia2/
8715,H5 Data Centers Philadelphia,H5 Data Centers,Colocation,1500 Spring Garden St,Philadelphia,19130,Pennsylvania,39.9623477,-75.1639321,https://www.datacentermap.com/usa/pennsylvania/philadelphia/h5-philadelphia/
5021,TrueNet,TrueNet,Colocation,24 Hagerty Blvd,West Chester,19382,Pennsylvania,39.94657855735757,-75.57975769042969,https://www.datacentermap.com/usa/pennsylvania/philadelphia/truenet/
11596,11:11 Systems Philadelphia,11:11 Systems,Colocation,401 N Broad Street,Philadelphia,19108,Pennsylvania,39.9596208,-75.16102049999999,https://www.datacentermap.com/usa/pennsylvania/philadelphia/1111-systems-philadelphia/
8035,DaSTOR King of Prussia II,"DaSTOR, LLC",Colocation,3400 Horizon Dr.,King of Prussia,19406,Pennsylvania,40.0880512,-75.33907239999999,https://www.datacentermap.com/usa/pennsylvania/philadelphia/agile-prussia-philadelphia/
9941,365 Data Centers - Philadelphia (Downtown),365 Data Centers,Colocation,1500 Spring Garden St,Philadelphia,19130,Pennsylvania,39.9623509,-75.1637363,https://www.datacentermap.com/usa/pennsylvania/philadelphia/365-data-centers-philadelphia/
10335,DaSTOR King of Prussia I,"DaSTOR, LLC",Colocation,411 Swedeland Rd,King of Prussia,19406,Pennsylvania,40.0755149,-75.3330189,https://www.datacentermap.com/usa/pennsylvania/philadelphia/dastor-king-of-prussia/
13330,Unisecure Philadelphia DC,Unisecure Data Centers,Colocation,2401 Locust St,Philadelphia,19103,Pennsylvania,39.9503525,-75.1800289,https://www.datacentermap.com/usa/pennsylvania/philadelphia/unisecure-philadelphia-dc/
7503,Crown Castle Philadelphia (PA1),CROWN CASTLE,Colocation,401 N. Broad Street,Philadelphia,19108,Pennsylvania,45.21300330334665,-94.74609399999997,https://www.datacentermap.com/usa/pennsylvania/philadelphia/crown-castle-philadelphia2/
4866,Windstream New York,Windstream,Colocation,401 N Broad Street,New York,19123,Pennsylvania,41.3236745,-74.801224,https://www.datacentermap.com/usa/pennsylvania/philadelphia/401-n-broad-st/
13329,Unisecure Conshohocken DC,Unisecure Data Centers,Colocation,555 E North Ln,Conshohocken,19428,Pennsylvania,40.0768302,-75.28713080000001,https://www.datacentermap.com/usa/pennsylvania/philadelphia/unisecure-conshohocken-dc/
12940,1547 Chester County PA,1547 Critical Systems Realty,Colocation,N Malvern Hunt Way & Swedesford Rd,Malvern,19355,Pennsylvania,40.03706225700031,-75.58937363781276,https://www.datacentermap.com/usa/pennsylvania/philadelphia/1547-chester-county-pa/
8961,ColoHouse Philadelphia,ColoHouse,Colocation,2401 Locust Street,Philadelphia,19103,Pennsylvania,39.9503063,-75.1799827,https://www.datacentermap.com/usa/pennsylvania/philadelphia/colohouse-philadelphia/
2464,Digital Edge Philly,Digital Edge,Colocation,401 N Broad Street,Philadelphia,19123,Pennsylvania,39.9598387,-75.1608381,https://www.datacentermap.com/usa/pennsylvania/philadelphia/de-philly/
13876,Comcast West Chester,Comcast,Colocation,1354 E Boot Rd,West Chester,19380,Pennsylvania,39.9986964,-75.57366309999999,https://www.datacentermap.com/usa/pennsylvania/philadelphia/comcast-west-chester/
14090,Keystone Trade Center,NorthPoint Development,Campus,700 S Port Rd,Fairless Hills,19030,Pennsylvania,40.14962636371349,-74.74974999967482,https://www.datacentermap.com/usa/pennsylvania/philadelphia/keystone-trade-center/
9975,Colocation America PHILLYDC1,Colocation America,Colocation,9999 Hamilton Blvd,Breinigsville,18031,Pennsylvania,40.5437738,-75.65453149999999,https://www.datacentermap.com/usa/pennsylvania/philadelphia/colocation-america-phillydc1/
9976,Colocation America PHILLYDC3,Colocation America,Colocation,3949 Schelden Cir,Bethlehem,18017,Pennsylvania,40.6749288,-75.3781221,https://www.datacentermap.com/usa/pennsylvania/philadelphia/colocation-america-phillydc3/
8216,LightWave Networks,"LightWave Networks, Inc",Colocation,401 North Broad St,Philadelphia,19108,Pennsylvania,39.9596414,-75.1610312,https://www.datacentermap.com/usa/pennsylvania/philadelphia/lightwave-networks/
1476,Lumen Philadelphia 1,Lumen,Colocation,401 N Broad Street,Philadelphia,19123,Pennsylvania,39.95956,-75.160838,https://www.datacentermap.com/usa/pennsylvania/philadelphia/level-3-philadelphia/
5427,Lumen Philadelphia 2,Lumen,Colocation,701 Market Street,Philadelphia,19106,Pennsylvania,39.9517188,-75.1525596,https://www.datacentermap.com/usa/pennsylvania/philadelphia/level3-philadelphia2/
5428,Lumen Philadelphia 3,Lumen,Colocation,3020 Market Street,Philadelphia,19104,Pennsylvania,39.9545805,-75.184596,https://www.datacentermap.com/usa/pennsylvania/philadelphia/level3-philadelphia3/
7502,Crown Castle Philadelphia (PA2),CROWN CASTLE,Colocation,1309 Noble Street,Philadelphia,19123,Pennsylvania,39.35441916784984,-77.08904138125968,https://www.datacentermap.com/usa/pennsylvania/philadelphia/crown-castle-philadelphia1/
492,Contegix Wyomissing,Contegix,Colocation,One Meridian Blvd,Wyomissing,19610,Pennsylvania,40.355377,-75.984699,https://www.datacentermap.com/usa/pennsylvania/reading/dss-data-center/
7229,Direct LTx Data Center,Direct LTx,Colocation,2561 Bernville Road,Reading,19605,Pennsylvania,40.3813197,-75.9820247,https://www.datacentermap.com/usa/pennsylvania/reading/directlink-technologies/
2199,DaSTOR Reading BCC,"DaSTOR, LLC",Colocation,2561 Bernville Rd,Reading,19605,Pennsylvania,40.3809603,-75.9822741,https://www.datacentermap.com/usa/pennsylvania/reading/ipr-reading-bcc/
5498,viLogics Ebensburg,viLogics Data Centers,Colocation,378 Industrial Park Drive,Ebensburg,15931,Pennsylvania,40.458574,-78.7587762,https://www.datacentermap.com/usa/pennsylvania/ebensburg/vilogics/
5712,viLogics South Park Building,viLogics Data Centers,Colocation,Not publicly available,Ebensburg,15931,Pennsylvania,,,https://www.datacentermap.com/usa/pennsylvania/ebensburg/south-park-building/
4362,"Alerify, Inc.",Alerify,Colocation,2330 Vartan Way,Harrisburg,17110,Pennsylvania,40.317403,-76.855071,https://www.datacentermap.com/usa/pennsylvania/harrisburg/netrepid/
14330,Project Gravity,Unknown Company,Campus,Scranton Carbondale Hwy /  Eynon Jermyn Rd,Archbald,18403,Pennsylvania,41.522419,-75.55832,https://www.datacentermap.com/usa/pennsylvania/scranton/project-gravity/
14336,Project Gravity - Building 6,Unknown Company,Colocation,Scranton Carbondale Hwy /  Eynon Jermyn Rd,Archbald,18403,Pennsylvania,41.51962,-75.556503,https://www.datacentermap.com/usa/pennsylvania/scranton/project-gravity-building-6/
14331,Project Gravity - Building 1,Unknown Company,Colocation,Scranton Carbondale Hwy /  Eynon Jermyn Rd,Archbald,18403,Pennsylvania,41.527122,-75.559811,https://www.datacentermap.com/usa/pennsylvania/scranton/project-gravity-building-1/
14334,Project Gravity - Building 4,Unknown Company,Colocation,Scranton Carbondale Hwy /  Eynon Jermyn Rd,Archbald,18403,Pennsylvania,41.523078,-75.562929,https://www.datacentermap.com/usa/pennsylvania/scranton/project-gravity-building-4/
14333,Project Gravity - Building 3,Unknown Company,Colocation,Scranton Carbondale Hwy /  Eynon Jermyn Rd,Archbald,18403,Pennsylvania,41.523975,-75.56182,https://www.datacentermap.com/usa/pennsylvania/scranton/project-gravity-building-3/
14332,Project Gravity - Building 2,Unknown Company,Colocation,Scranton Carbondale Hwy /  Eynon Jermyn Rd,Archbald,18403,Pennsylvania,41.526407,-75.558651,https://www.datacentermap.com/usa/pennsylvania/scranton/project-gravity-building-2/
14335,Project Gravity - Building 5,Unknown Company,Colocation,Scranton Carbondale Hwy /  Eynon Jermyn Rd,Archbald,18403,Pennsylvania,41.521386,-75.560213,https://www.datacentermap.com/usa/pennsylvania/scranton/project-gravity-building-5/
3144,"TierPoint Allentown-TekPark, PA",TierPoint,Colocation,9999 Hamilton Boulevard,Allentown,18031,Pennsylvania,40.544691,-75.655748,https://www.datacentermap.com/usa/pennsylvania/allentown/tek-park/
14118,Wildcat Ridge AI Data Center Campus,Unknown Company,Campus,Wildcat Rd & US-6 BUS,Archbald,18403,Pennsylvania,41.4992705504684,-75.58517928386553,https://www.datacentermap.com/usa/pennsylvania/allentown/wildcat-ridge-ai-data-center-campus/
13300,Project Hazelnut,NorthPoint Development,Campus,"Humboldt North Industrial Park, N Park Dr",Hazle Township,18202,Pennsylvania,40.94884417268824,-76.04377091926054,https://www.datacentermap.com/usa/pennsylvania/allentown/project-hazelnut/
8144,Loop Internet DC2,Loop Internet,Colocation,46 E Liberty St,Hanover,18706,Pennsylvania,41.2213752,-75.8944717,https://www.datacentermap.com/usa/pennsylvania/wilkes-barre/loopinternet-dc2/
10644,Amazon AWS PHL - 1125 Electron,Amazon AWS,Hyperscaler,1125 Electron Ave,Berwick,18603,Pennsylvania,41.08368479072449,-76.14385817529238,https://www.datacentermap.com/usa/pennsylvania/wilkes-barre/amazon-aws-phl-1125-electron/
8589,Centre WISP SCDC1,"Centre WISP Venture Company, LLC",Colocation,2038 Sandy Dr,State College,16803,Pennsylvania,40.7857414,-77.9006986,https://www.datacentermap.com/usa/pennsylvania/state-college/scdc1/
3143,TierPoint Bethlehem,TierPoint,Colocation,3864 Courtney Street,Bethlehem,18017,Pennsylvania,40.6703361,-75.3749518,https://www.datacentermap.com/usa/pennsylvania/bethlehem/lehigh-valley/
9499,Lumen Lancaster 1,Lumen,Colocation,1720 Hempstead Rd,Lancaster,17601,Pennsylvania,40.0491834,-76.2519853,https://www.datacentermap.com/usa/pennsylvania/lancaster/lumen-lancaster-1/
3142,TierPoint Valley Forge,TierPoint,Colocation,1000 Adams Avenue,Valley Forge,19403,Pennsylvania,40.121728,-75.421088,https://www.datacentermap.com/usa/pennsylvania/valley-forge/valley-forge/
12947,Cloverleaf Ozaukee County,Cloverleaf Infrastructure,Colocation,Lake Dr / Dixie Dr,Port Washington,53074,Wisconsin,43.44892260298585,-87.85552525165673,https://www.datacentermap.com/usa/wisconsin/milwaukee/cloverleaf-ozaukee-county/
4059,Data Holdings Milwaukee,Data Holdings Data Center,Colocation,3135 W Highland Ave,Milwaukee,53208,Wisconsin,43.0443788,-87.9476045,https://www.datacentermap.com/usa/wisconsin/milwaukee/data-holdings/
2192,TierPoint Milwaukee,TierPoint,Colocation,3701 W. Burnham St.,Milwaukee,53215,Wisconsin,43.009952,-87.96099,https://www.datacentermap.com/usa/wisconsin/milwaukee/burnham-data-center/
8832,The Wells Building,1547 Critical Systems Realty,Colocation,324 E Wisconsin Ave,Milwaukee,53202,Wisconsin,43.0390402,-87.90704629999999,https://www.datacentermap.com/usa/wisconsin/milwaukee/wells-building/
2991,TSR Solutions Data Center,TSR Solutions,Colocation,324 E Wisconsin Ave,Milwaukee,53202,Wisconsin,43.039034,-87.906925,https://www.datacentermap.com/usa/wisconsin/milwaukee/i-site-data-center/
5664,ISCorp South MQN,ISCorp,Colocation,10235 N Port Washington Rd,Mequon,53092,Wisconsin,43.2042212,-87.9254131,https://www.datacentermap.com/usa/wisconsin/milwaukee/iscorp-south-mqn/
8892,Aventus Lakes,Aventus Data Centers,Colocation,7901 W Clinton Ave,Milwaukee,53223,Wisconsin,43.1513596,-88.0096055,https://www.datacentermap.com/usa/wisconsin/milwaukee/aventus-data-centers/
1632,Cogent Data Center - Milwaukee,"Cogent Communications, Inc.",Colocation,324 East Wisconsin Avenue,Milwaukee,53202,Wisconsin,43.039025,-87.906922,https://www.datacentermap.com/usa/wisconsin/milwaukee/cogent-milwaukee/
2657,Franklin Datacenter,CyberLynk Network Inc,Colocation,10125 S. 52nd Street,Franklin,53132,Wisconsin,42.8621528,-87.9821569,https://www.datacentermap.com/usa/wisconsin/milwaukee/franklin-datacenter/
627,Ethoplex Data Center,Ethoplex,Colocation,N115W19150 Edison Dr,Germantown,53022,Wisconsin,43.2279311,-88.1468237,https://www.datacentermap.com/usa/wisconsin/milwaukee/techware-milwaukee/
12762,Cogent Data Center - Milwaukee 2,"Cogent Communications, Inc.",Colocation,2915 S 5th Ct,Milwaukee,53207,Wisconsin,42.991127,-87.91654319999999,https://www.datacentermap.com/usa/wisconsin/milwaukee/cogent-data-center-milwaukee-2/
9634,Expedient Franklin,Expedient Data Centers,Colocation,4777 Ironwood Dr,Franklin,53132,Wisconsin,42.8631194,-87.9778082,https://www.datacentermap.com/usa/wisconsin/milwaukee/expedient-franklin/
2128,Netwurx Milwaukee,Netwurx,Colocation,324 E Wisconsin Ave,Milwaukee,53202,Wisconsin,43.039025,-87.906922,https://www.datacentermap.com/usa/wisconsin/milwaukee/netwurx-milwaukee/
4856,Vaultas Milwaukee,Vaultas,Colocation,3135 W Highland Blvd,Milwaukee,53208,Wisconsin,43.0437194,-87.9540104,https://www.datacentermap.com/usa/wisconsin/milwaukee/vaultas-milwaukee/
5663,ISCorp North MQN,ISCorp,Colocation,10325 N Port Washington Rd,Mequon,53092,Wisconsin,43.2054428,-87.9251573,https://www.datacentermap.com/usa/wisconsin/milwaukee/iscorp-north-mqn/
4330,Airiam Hartland,Airiam,Colocation,1040 Cottonwood Ave,Hartland,53029,Wisconsin,43.0839897,-88.3507355,https://www.datacentermap.com/usa/wisconsin/milwaukee/hartland-wi/
2302,Windstream Brookfield,Windstream,Colocation,13935 Bishops Drive,Brookfield,53005,Wisconsin,43.027694,-88.08604,https://www.datacentermap.com/usa/wisconsin/milwaukee/ngenx-milwaukee/
6027,Veolia Data Center,Veolia North America,Colocation,8450 W Forest Home Ave,Greenfield,53228,Wisconsin,42.9578319,-88.0197071,https://www.datacentermap.com/usa/wisconsin/milwaukee/veolia-data-center/
3477,New Era Technology - Milwaukee,New Era Technology,Colocation,10400 W Innovation Drive,Milwaukee,53226,Wisconsin,43.0426517,-88.0420574,https://www.datacentermap.com/usa/wisconsin/milwaukee/tushaus-milwaukee/
1374,Lumen Milwaukee,Lumen,Colocation,3235 Intertech Dr,Brookfield,53045,Wisconsin,43.077887,-88.183931,https://www.datacentermap.com/usa/wisconsin/milwaukee/twtc-milwaukee/
2557,US Signal Madison WI02,"US Signal Company, LLC",Colocation,5515 Nobel Drive,Madison,53711,Wisconsin,42.9953993,-89.4235792,https://www.datacentermap.com/usa/wisconsin/madison/team-companies-madison-data-center/
5872,EdgeConneX Madison - EDCMAD01,EdgeConneX,Colocation,4916 E Broadway,Madison,53716,Wisconsin,43.049075,-89.297295,https://www.datacentermap.com/usa/wisconsin/madison/edgeconnex-edcmad01/
4678,US Signal Madison WI01,"US Signal Company, LLC",Colocation,222 W Washington,Madison,53703,Wisconsin,43.0731888,-89.3871697,https://www.datacentermap.com/usa/wisconsin/madison/us-signal-madison/
6123,Dane County Data Exchange,Dane County Data Exchange,Colocation,4916 E Broadway,Madison,53716,Wisconsin,43.0491799,-89.2972543,https://www.datacentermap.com/usa/wisconsin/madison/dane-county-data-exchange/
11651,SupraNet Madison,SupraNet Communications,Colocation,8000 Excelsior Drive,Madison,53717,Wisconsin,43.0755646,-89.5242655,https://www.datacentermap.com/usa/wisconsin/madison/supranet-madison/
8677,5NINES Data Center,5NINES,Colocation,222 W Washington Ave,Madison,53703,Wisconsin,43.073099,-89.386426,https://www.datacentermap.com/usa/wisconsin/madison/5nines-data-center/
3558,HC Colo #1,Hoyos Consulting LLC,Colocation,612 W Main St,Madison,53703,Wisconsin,43.0677816,-89.3923918,https://www.datacentermap.com/usa/wisconsin/madison/hc-colo-1/
9501,Lumen Madison,Lumen,Colocation,612 W Main St,Madison,53703,Wisconsin,43.0677901,-89.3921355,https://www.datacentermap.com/usa/wisconsin/madison/lumen-madison/
14115,Beaver Dam Data Center Campus,Unknown Company,Campus,N8853 Co Rd A,Beaver Dam,53916,Wisconsin,43.5151233,-88.819341,https://www.datacentermap.com/usa/wisconsin/madison/beaver-dam-data-center-campus/
6993,CyberOne Data,CyberOne Data,Colocation,141 Market Ave,Port Edwards,54469,Wisconsin,44.3425602,-89.859748,https://www.datacentermap.com/usa/wisconsin/wisconsin-rapids/cyberone-data1/
4189,OFFSITE,OFFSITE LLC,Colocation,3618 7th Avenue,Kenosha,53140,Wisconsin,42.6038114,-87.8222072,https://www.datacentermap.com/usa/wisconsin/kenosha/offsite/
2747,ExcalTech Kenosha,ExcalTech,Colocation,3618 8th Ave.,Kenosha,53140,Wisconsin,42.60372225241379,-87.82186842023884,https://www.datacentermap.com/usa/wisconsin/kenosha/etc-lith/
12314,Microsoft - 12123-12827 Louis Sorenson,Microsoft,Hyperscaler,12123/12800/12827 Louis Sorenson Rd,Sturtevant,53177,Wisconsin,42.71057769999999,-87.9332311,https://www.datacentermap.com/usa/wisconsin/kenosha/microsoft-12123-12827-louis-sorenson/
12032,Microsoft - 12734 Louis Sorenson Rd,Microsoft,Hyperscaler,12734 Louis Sorenson Rd,Mt Pleasant,53177,Wisconsin,42.706503,-87.944761,https://www.datacentermap.com/usa/wisconsin/kenosha/microsoft-12734-louis-sorenson-rd/
11772,Microsoft Mount Pleasant,Microsoft,Hyperscaler,County Rd KR & 90th St,Mt Pleasant,53177,Wisconsin,42.67276505385838,-87.89942742880767,https://www.datacentermap.com/usa/wisconsin/kenosha/microsoft-mount-pleasant/
4306,HBS Little Chute,Heartland Business System,Colocation,1700 Stephen St,Little Chute,54311,Wisconsin,44.2970176,-88.2955018,https://www.datacentermap.com/usa/wisconsin/appleton/heartlands/
3478,New Era Technology - Appleton,New Era Technology,Colocation,2201 E Enterprise Avenue,Appleton,54913,Wisconsin,44.2988892,-88.3707498,https://www.datacentermap.com/usa/wisconsin/appleton/tushaus-appleton/
11597,Ark Data Centers Green Bay,Ark Data Centers,Colocation,Fire Ln 11,Harrison,54952,Wisconsin,44.20466692804084,-88.34481431552892,https://www.datacentermap.com/usa/wisconsin/green-bay/ark-data-centers-green-bay/
8947,WIN - Green Bay Data Center,WIN Technology,Colocation,417 Pine St,Green Bay,54301,Wisconsin,44.51529,-88.01125,https://www.datacentermap.com/usa/wisconsin/green-bay/win-green-bay-dc/
5138,Netsonic Wisconsin Datacenter,Netsonic,Colocation,1263 Main Street,Green Bay,54302,Wisconsin,44.5114496,-87.9968171,https://www.datacentermap.com/usa/wisconsin/green-bay/netsonic/
7539,Wildcard One Data Center,Wildcard Corp,Colocation,Indianhead Drive,Mosinee,54455,Wisconsin,44.7932402,-89.6647719,https://www.datacentermap.com/usa/wisconsin/wausau/wildcard-one/
1884,WIN - Eau Claire Data Center,WIN Technology,Colocation,800 Wisconsin Street,Eau Claire,54703,Wisconsin,44.8158887,-91.4954639,https://www.datacentermap.com/usa/wisconsin/eau-claire/win-eau-claire-data-center/
9603,Aventus 715,Aventus Data Centers,Colocation,901 Commerce Dr,Marshfield ,54449,Wisconsin,44.6326109,-90.168593,https://www.datacentermap.com/usa/wisconsin/marshfield/aventus-715/
7314,DataBank IND2 - Downtown Indianapolis,DataBank,Colocation,650 W Henry St,Indianapolis,46225,Indiana,39.7601501,-86.1704701,https://www.datacentermap.com/usa/indiana/indianapolis/lightbound-650/
2661,DataBank IND1 - Downtown Indianapolis,DataBank,Colocation,731 W Henry St,Indianapolis,46225,Indiana,39.7594553,-86.1722373,https://www.datacentermap.com/usa/indiana/indianapolis/lightbound-731-henry-street/
9593,Netrality - Indy Telcom Center,Netrality,Colocation,733 W Henry St,Indianapolis,46225,Indiana,39.7597009,-86.1723943,https://www.datacentermap.com/usa/indiana/indianapolis/netrality-indy-telcom-center/
11108,US Signal Indianapolis IN02,"US Signal Company, LLC",Colocation,6325 Morenci Trail,Indianapolis,46268,Indiana,39.8703703,-86.2369444,https://www.datacentermap.com/usa/indiana/indianapolis/us-signal-indianapolis-north/
10949,Wintek Data Center,Wintek Business Solutions,Colocation,3921 David Howarth Dr,Lafayette,47905,Indiana,40.3607999,-86.8304082,https://www.datacentermap.com/usa/indiana/indianapolis/wintek-data-center/
2433,Expedient Indianapolis,Expedient Data Centers,Colocation,701 Congressional Blvd,Indianapolis,46032,Indiana,39.963455,-86.145515,https://www.datacentermap.com/usa/indiana/indianapolis/expedient-indianapolis/
4891,701 West Henry Street,Netrality,Building,701 West Henry Street,Indianapolis,46225,Indiana,39.759719,-86.170956,https://www.datacentermap.com/usa/indiana/indianapolis/701-west-henry/
3156,Lifeline Data Centers Eastgate,"Lifeline Data Centers, LLC",Colocation,401 North Shadeland Avenue,Indianapolis,46219,Indiana,39.775998,-86.04275,https://www.datacentermap.com/usa/indiana/indianapolis/eastgate-in/
4965,OTAVA Indianapolis,OTAVA,Colocation,505 West Merrill Street,Indianapolis,46225,Indiana,39.758763,-86.16774,https://www.datacentermap.com/usa/indiana/indianapolis/indianapolis-1-data-center/
12763,Cogent Data Center - Indianapolis,"Cogent Communications, Inc.",Colocation,13 S Davidson St,Indianapolis,46202,Indiana,39.7656489,-86.14384179999999,https://www.datacentermap.com/usa/indiana/indianapolis/cogent-data-center-indianapolis/
4887,Netrality - Indy Telcom Suite 101,Netrality,Colocation,701 West Henry Street,Indianapolis,46225,Indiana,39.759537,-86.170956,https://www.datacentermap.com/usa/indiana/indianapolis/365main-indianapolis/
2321,Windstream Indianapolis,Windstream,Colocation,701 W Henry Street,Indianapolis,46225,Indiana,39.759719,-86.170956,https://www.datacentermap.com/usa/indiana/indianapolis/ngenx-indianapolis/
3321,"Oliver Street, LLC","Oliver Street, LLC/Paragon Realty",Building,800 Oliver Ave,Indianapolis,46225,Indiana,39.7587984,-86.1722574,https://www.datacentermap.com/usa/indiana/indianapolis/oliver-street/
2379,Windstream Lafayette,Windstream,Colocation,2304 Brothers Drive,Lafayette,47909,Indiana,40.3987596,-86.8686813,https://www.datacentermap.com/usa/indiana/indianapolis/ngenx---lafayette/
3925,LGI Broad Ripple,LifeGrid Interent,Colocation,1810 Broad Ripple Ave,Indianapolis,46220,Indiana,39.8690448,-86.1290975,https://www.datacentermap.com/usa/indiana/indianapolis/lgi-broad-ripple/
14114,Project Flo,Unknown Company,Campus,I-74 & S Post Road,Indianapolis ,46239,Indiana,39.71838432620218,-85.99906731789227,https://www.datacentermap.com/usa/indiana/indianapolis/project-flo/
1396,Lumen Indianapolis 2,Lumen,Colocation,4625 W 86th St,Indianapolis,46268,Indiana,39.911438,-86.237694,https://www.datacentermap.com/usa/indiana/indianapolis/twtc-indianapolis/
13732,Vantage - Pittsboro DC3,Vantage Data Centers,Colocation,North County Rd 500 Eeast & County Road 1000 North,Pittsboro,46167,Indiana,39.89945,-86.448548,https://www.datacentermap.com/usa/indiana/indianapolis/vantage-pittsboro-dc3/
13731,Vantage - Pittsboro DC2,Vantage Data Centers,Colocation,North County Rd 500 Eeast & County Road 1000 North,Pittsboro,46167,Indiana,39.901172,-86.452353,https://www.datacentermap.com/usa/indiana/indianapolis/vantage-pittsboro-dc2/
13730,Vantage - Pittsboro DC1,Vantage Data Centers,Colocation,North County Rd 500 Eeast & County Road 1000 North,Pittsboro,46167,Indiana,39.904046,-86.445111,https://www.datacentermap.com/usa/indiana/indianapolis/vantage-pittsboro-dc1/
5351,Lumen Indianapolis 1,Lumen,Colocation,1902 S. East Street,Indianapolis,46225,Indiana,39.7415,-86.150753,https://www.datacentermap.com/usa/indiana/indianapolis/level3-indianapolis1/
14355,Hancock County MegaSite - Building 1,Surge Development,Colocation,3400 West 500 North,McCordsville,46055,Indiana,39.86861,-85.875999,https://www.datacentermap.com/usa/indiana/indianapolis/hancock-county-megasite-building-1/
14356,Hancock County MegaSite - Building 2,Surge Development,Colocation,3400 West 500 North,McCordsville,46055,Indiana,39.865053,-85.876224,https://www.datacentermap.com/usa/indiana/indianapolis/hancock-county-megasite-building-2/
14354,Hancock County MegaSite,Surge Development,Campus,3400 West 500 North,McCordsville,46055,Indiana,39.86366,-85.873752,https://www.datacentermap.com/usa/indiana/indianapolis/hancock-county-megasite/
14359,Hancock County MegaSite - Building 5,Surge Development,Colocation,3400 West 500 North,McCordsville,46055,Indiana,39.858561,-85.876016,https://www.datacentermap.com/usa/indiana/indianapolis/hancock-county-megasite-building-5/
465,GAP Indy Data Center,Global Access Point,Colocation,800 Henry Street,Indianapolis,46225,Indiana,39.7596097,-86.1708309,https://www.datacentermap.com/usa/indiana/indianapolis/gap-indy-data-center/
14357,Hancock County MegaSite - Building 3,Surge Development,Colocation,3400 West 500 North,McCordsville,46055,Indiana,39.862072,-85.871635,https://www.datacentermap.com/usa/indiana/indianapolis/hancock-county-megasite-building-3/
14358,Hancock County MegaSite - Building 4,Surge Development,Colocation,3400 West 500 North,McCordsville,46055,Indiana,39.861086,-85.875918,https://www.datacentermap.com/usa/indiana/indianapolis/hancock-county-megasite-building-4/
13729,Vantage - Pittsboro Campus,Vantage Data Centers,Campus,North County Rd 500 Eeast & County Road 1000 North,Pittsboro,46167,Indiana,39.900971,-86.448764,https://www.datacentermap.com/usa/indiana/indianapolis/vantage-pittsboro-campus/
3879,Aunalytics South Bend Data Center,Aunalytics,Colocation,1440 Ignition Dr S,South Bend,46601,Indiana,41.659842,-86.2581782,https://www.datacentermap.com/usa/indiana/south-bend/data-realty/
466,GAP Union Station,1547 Critical Systems Realty,Colocation,506 W. South Street,South Bend,46601,Indiana,41.66953,-86.255944,https://www.datacentermap.com/usa/indiana/south-bend/gap-union-station/
2126,Colostore Data Center,Colostore Data Center,Colocation,1805 S Michigan St,South Bend,46613,Indiana,41.6555804,-86.2501764,https://www.datacentermap.com/usa/indiana/south-bend/colostorecom/
13358,GAP Studebaker 84,Global Access Point,Colocation,635 S Lafayette Blvd,South Bend,46601,Indiana,41.66837,-86.25426929999999,https://www.datacentermap.com/usa/indiana/south-bend/gap-studebaker-84/
7734,South Bend Data Center,"Five 9s Digital, LLC",Colocation,3919 Crescent Circle,South Bend,46628,Indiana,41.7293621,-86.3311677,https://www.datacentermap.com/usa/indiana/south-bend/south-bend-data-center/
11381,Microsoft Mishawaka,Microsoft,Hyperscaler,Cleveland Rd & Bittersweet Rd,Granger,46530,Indiana,41.72851270767718,-86.12048835579816,https://www.datacentermap.com/usa/indiana/south-bend/microsoft-mishawaka/
5469,Lumen SouthBend 1,Lumen,Colocation,1140 Franklin Street,South Bend,46601,Indiana,39.7021177,-86.0919439,https://www.datacentermap.com/usa/indiana/south-bend/level3-southbend1/
2331,CBTS South Bend Data Center II,CBTS,Colocation,22 Maple Hill Run,South Bend,46601,Indiana,41.6833813,-86.2500066,https://www.datacentermap.com/usa/indiana/south-bend/cbts-south-bend-data-center-ii/
472,Altafiber Blactkhorn,Altafiber,Colocation,3919 Crescent Circle,South Bend,46628,Indiana,41.728167,-86.330921,https://www.datacentermap.com/usa/indiana/south-bend/gramtel-blactkhorn/
467,Digital Enterprise Center,Global Access Point,Colocation,4001 Technology Drive,South Bend,46628,Indiana,41.7312678,-86.3432113,https://www.datacentermap.com/usa/indiana/south-bend/digital-enterprise-center/
2330,CBTS South Bend Data Center I,CBTS,Colocation,123 Sycamore St,South Bend,46617,Indiana,41.6777607,-86.2472603,https://www.datacentermap.com/usa/indiana/south-bend/cbts-south-bend-data-center-i/
566,"DartPoints Columbus, IN - CLU01",DartPoints,Colocation,2425 Technology Blvd,Columbus,47201,Indiana,39.17949,-85.896024,https://www.datacentermap.com/usa/indiana/columbus-in/data-cave/
4249,ORI.NET Noblesville,"On-Ramp Indiana, Inc.",Colocation,859 Conner St,Noblesville,46060,Indiana,40.0454131,-86.0139424,https://www.datacentermap.com/usa/indiana/noblesville/orinet-noblesville/
2303,Windstream Evansville,Windstream,Colocation,3701 Communications Way,Evansville,47715,Indiana,37.997414,-87.489495,https://www.datacentermap.com/usa/indiana/evansville/ngenx-evansville/
10638,Google Fort Wayne Campus,Google,Campus,6015 Adams Center Road,Fort Wayne,46816,Indiana,41.0307544,-85.0534431,https://www.datacentermap.com/usa/indiana/fort-wayne/google-fort-wayne-data-center/
2734,Indiana Data center,"Indiana Data Center, LLC.",Colocation,620 Coliseum Blvd W #1298,Fort Wayne,46808,Indiana,41.1186245,-85.151882,https://www.datacentermap.com/usa/indiana/fort-wayne/indiana-data-center/
11021,Lifeline Data Centers Fort Wayne,"Lifeline Data Centers, LLC",Colocation,7601 S Anthony Blvd,Fort Wayne,46816,Indiana,41.0140283,-85.1099756,https://www.datacentermap.com/usa/indiana/fort-wayne/lifeline-data-centers-fort-wayne/
3111,SafeHouse Datacenter,safehosue datacenter,Colocation,9813 Dawson Creek Blvd,Fort Wayne,46825,Indiana,41.1733209,-85.1469275,https://www.datacentermap.com/usa/indiana/fort-wayne/safehouse-datacenter/
13466,Google Fort Wayne - Building 4,Google,Hyperscaler,6015 Adams Center Road,Fort Wayne,46816,Indiana,41.020737,-85.060851,https://www.datacentermap.com/usa/indiana/fort-wayne/google-fort-wayne-building-4/
13465,Google Fort Wayne - Building 3,Google,Hyperscaler,6015 Adams Center Road,Fort Wayne,46816,Indiana,41.015837,-85.059868,https://www.datacentermap.com/usa/indiana/fort-wayne/google-fort-wayne-building-3/
13471,Google Fort Wayne - Building 9,Google,Hyperscaler,6015 Adams Center Road,Fort Wayne,46816,Indiana,41.027118,-85.071557,https://www.datacentermap.com/usa/indiana/fort-wayne/google-fort-wayne-building-9/
13470,Google Fort Wayne - Building 8,Google,Hyperscaler,6015 Adams Center Road,Fort Wayne,46816,Indiana,41.022827,-85.07169,https://www.datacentermap.com/usa/indiana/fort-wayne/google-fort-wayne-building-8/
13473,Google Fort Wayne - Building 11,Google,Hyperscaler,6015 Adams Center Road,Fort Wayne,46816,Indiana,41.0274,-85.065552,https://www.datacentermap.com/usa/indiana/fort-wayne/google-fort-wayne-building-11/
13472,Google Fort Wayne - Building 10,Google,Hyperscaler,6015 Adams Center Road,Fort Wayne,46816,Indiana,41.027252,-85.06849,https://www.datacentermap.com/usa/indiana/fort-wayne/google-fort-wayne-building-10/
13474,Google Fort Wayne - Building 12,Google,Hyperscaler,6015 Adams Center Road,Fort Wayne,46816,Indiana,41.027596,-85.062533,https://www.datacentermap.com/usa/indiana/fort-wayne/google-fort-wayne-building-12/
13467,Google Fort Wayne - Building 5,Google,Hyperscaler,6015 Adams Center Road,Fort Wayne,46816,Indiana,41.020586,-85.063884,https://www.datacentermap.com/usa/indiana/fort-wayne/google-fort-wayne-building-5/
13463,Google Fort Wayne - Building 1,Google,Hyperscaler,6015 Adams Center Road,Fort Wayne,46816,Indiana,41.01572,-85.065873,https://www.datacentermap.com/usa/indiana/fort-wayne/google-fort-wayne-building-1/
13468,Google Fort Wayne - Building 6,Google,Hyperscaler,6015 Adams Center Road,Fort Wayne,46816,Indiana,41.022767,-85.063926,https://www.datacentermap.com/usa/indiana/fort-wayne/google-fort-wayne-building-6/
13469,Google Fort Wayne - Building 7,Google,Hyperscaler,6015 Adams Center Road,Fort Wayne,46816,Indiana,41.020647,-85.07153,https://www.datacentermap.com/usa/indiana/fort-wayne/google-fort-wayne-building-7/
13464,Google Fort Wayne - Building 2,Google,Hyperscaler,6015 Adams Center Road,Fort Wayne,46816,Indiana,41.015759,-85.062886,https://www.datacentermap.com/usa/indiana/fort-wayne/google-fort-wayne-building-2/
8126,Digital Crossroad DX-1,Digital Crossroad,Colocation,100 Digital Crossroads Drive,Hammond,46320,Indiana,41.7074123,-87.5201463,https://www.datacentermap.com/usa/indiana/hammond/dx-1/
14100,Hobart Devco LLC - Building 4,Unknown Company,Colocation,E 61st Ave & Arizona St,Hobart,46342,Indiana,41.504345,-87.280672,https://www.datacentermap.com/usa/indiana/gary/hobart-devco-llc-building-4/
14099,Hobart Devco LLC - Building 3,Unknown Company,Colocation,E 61st Ave & Arizona St,Hobart,46342,Indiana,41.504287,-87.282517,https://www.datacentermap.com/usa/indiana/gary/hobart-devco-llc-building-3/
14097,Hobart Devco LLC - Building 1,Unknown Company,Colocation,E 61st Ave & Arizona St,Hobart,46342,Indiana,41.504361,-87.285525,https://www.datacentermap.com/usa/indiana/gary/hobart-devco-llc-building-1/
14101,Hobart Devco LLC - Building 5,Unknown Company,Colocation,E 61st Ave & Arizona St,Hobart,46342,Indiana,41.502781,-87.285185,https://www.datacentermap.com/usa/indiana/gary/hobart-devco-llc-building-5/
14102,Hobart Devco LLC - Building 6,Unknown Company,Colocation,E 61st Ave & Arizona St,Hobart,46342,Indiana,41.502725,-87.28101,https://www.datacentermap.com/usa/indiana/gary/hobart-devco-llc-building-6/
14098,Hobart Devco LLC - Building 2,Unknown Company,Colocation,E 61st Ave & Arizona St,Hobart,46342,Indiana,41.504271,-87.284035,https://www.datacentermap.com/usa/indiana/gary/hobart-devco-llc-building-2/
14096,Hobart Devco LLC Campus,Unknown Company,Campus,E 61st Ave & Arizona St,Hobart,46342,Indiana,41.50335,-87.283036,https://www.datacentermap.com/usa/indiana/gary/hobart-devco-llc-campus/
9994,Meta Jeffersonville Data Center,Meta,Hyperscaler,TBA - To be announced,Jeffersonville,47130,Indiana,38.35725403904745,-85.66352714275618,https://www.datacentermap.com/usa/indiana/jeffersonville/meta-jeffersonville-data-center/
11382,Microsoft La Porte,Microsoft,Hyperscaler,300 E Boyd Blvd,La Porte,46350,Indiana,41.5835592,-86.6959201,https://www.datacentermap.com/usa/indiana/la-porte/microsoft-la-porte/
8143,"Sparrow Technology Solutions, LLC.","Sparrow Technology Solutions, LLC.",Colocation,3015 McGehee Rd,Montgomery,36111,Alabama,32.3381325,-86.2585214,https://www.datacentermap.com/usa/alabama/montgomery/sparrow-technology/
10804,Meta Montgomery Data Center,Meta,Hyperscaler,TBA - To be announced,Montgomery,36105,Alabama,32.2834317,-86.347131,https://www.datacentermap.com/usa/alabama/montgomery/meta-montgomery-data-center/
10801,AUBix Data Center,AUBix,Colocation,1571 W Samford Ave,Auburn,36832,Alabama,32.60107187686658,-85.51372879987984,https://www.datacentermap.com/usa/alabama/auburn/aubix-data-center/
13848,Core Scientific Auburn,Core Scientific,Colocation,1571 W Samford Ave,Auburn,36832,Alabama,32.60092892087178,-85.512853246259,https://www.datacentermap.com/usa/alabama/auburn/core-scientific-auburn/
7586,DC BLOX Birmingham,DC BLOX Inc.,Colocation,433 6th Street South,Birmingham,35233,Alabama,33.49978457763124,-86.82074571813962,https://www.datacentermap.com/usa/alabama/birmingham/dc-blox-bhm-1/
13801,USDC Columbiana,"US Data Centers, Inc.",Colocation,130 Industrial Pkwy,Columbiana,35051,Alabama,33.1812427,-86.6228062,https://www.datacentermap.com/usa/alabama/birmingham/usdc-columbiana/
9487,Lumen Birmingham 2,Lumen,Colocation,401 6th Ave S,Birmingham,35205,Alabama,33.495892,-86.823344,https://www.datacentermap.com/usa/alabama/birmingham/lumen-birmingham-2/
14103,Logistic Land Investments LLC,Unknown Company,Campus,Rock Mountain Lake Rd,Bessemer,35022,Alabama,33.34365458220975,-87.03864563455572,https://www.datacentermap.com/usa/alabama/birmingham/logistic-land-investments-llc/
5292,Lumen Birmingham 1,Lumen,Colocation,2001 Park Place North,Birmingham,35203,Alabama,33.5194657,-86.8097904,https://www.datacentermap.com/usa/alabama/birmingham/level3-birmingham1/
10955,Southern Telecom Birmingham,Southern Telecom,Colocation,600 18th St N,Birmingham,35203,Alabama,33.5180081,-86.8128941,https://www.datacentermap.com/usa/alabama/birmingham/southern-telecom-birmingham/
7219,DC BLOX Huntsville,DC BLOX Inc.,Colocation,333 Diamond Drive NW,Huntsville,35806,Alabama,34.7118221,-86.6921541,https://www.datacentermap.com/usa/alabama/huntsville/dc-blox-hsv-1/
11659,Simple Helix Data Center,Simple Helix,Colocation,165 West Park Loop NW,Huntsville,35806,Alabama,34.7454409,-86.691892,https://www.datacentermap.com/usa/alabama/huntsville/simple-helix-data-center/
12466,Scipio Technologies Huntsville,Scipio Technologies,Colocation,2104 West Ferry Way,Huntsville,35801,Alabama,34.6998152,-86.5934619,https://www.datacentermap.com/usa/alabama/huntsville/peacecom-huntsville/
9989,Meta Huntsville Campus,Meta,Campus,5400 Prosperity Dr NW,Huntsville,35810,Alabama,34.8441336,-86.628414,https://www.datacentermap.com/usa/alabama/huntsville/meta-data-center-hunstville/
13566,Meta Huntsville - Building 3,Meta,Hyperscaler,5400 Prosperity Dr NW,Huntsville,35810,Alabama,34.84304021471823,-86.628905149773,https://www.datacentermap.com/usa/alabama/huntsville/meta-huntsville-building-3/
13564,Meta Huntsville - Building 1,Meta,Hyperscaler,5400 Prosperity Dr NW,Huntsville,35810,Alabama,34.83952105717249,-86.62886223993209,https://www.datacentermap.com/usa/alabama/huntsville/meta-huntsville-building-1/
13567,Meta Huntsville - Building 4,Meta,Hyperscaler,5400 Prosperity Dr NW,Huntsville,35810,Alabama,34.84676168620688,-86.62693735401233,https://www.datacentermap.com/usa/alabama/huntsville/meta-huntsville-building-4/
13565,Meta Huntsville - Building 2,Meta,Hyperscaler,5400 Prosperity Dr NW,Huntsville,35810,Alabama,34.84142156365949,-86.62888369760407,https://www.datacentermap.com/usa/alabama/huntsville/meta-huntsville-building-2/
13568,Meta Huntsville - Building 5,Meta,Hyperscaler,5400 Prosperity Dr NW,Huntsville,35810,Alabama,34.8479316562665,-86.62699324122481,https://www.datacentermap.com/usa/alabama/huntsville/meta-huntsville-building-5/
11642,Citynet Bridgeport,"Citynet, LLC",Colocation,100 Platinum Dr,Bridgeport,26330,West Virginia,39.27672167681085,-80.27020733241208,https://www.datacentermap.com/usa/west-virginia/bridgeport/citynet-bridgeport/
10027,Google Jackson County Campus,Google,Campus,48809 Al Highway 277,Bridgeport,35740,Alabama,34.9143029,-85.7482741,https://www.datacentermap.com/usa/alabama/bridgeport/google-jackson-county/
13486,Google Jackson County - Building 2,Google,Hyperscaler,48809 Al Highway 277,Bridgeport,35740,Alabama,34.91367415072072,-85.74587123942749,https://www.datacentermap.com/usa/alabama/bridgeport/google-jackson-county-building-2/
13485,Google Jackson County - Building 1,Google,Hyperscaler,48809 Al Highway 277,Bridgeport,35740,Alabama,34.91371193702152,-85.74736214893456,https://www.datacentermap.com/usa/alabama/bridgeport/google-jackson-county-building-1/
7474,"Assurance Technology, LLp","Assurance Technology, LLP",Colocation,316 Bel Air Blvd,Mobile,36606,Alabama,30.6747733,-88.118332,https://www.datacentermap.com/usa/alabama/mobile/assurance-technology/
2193,Uniti Fiber Alabama Data Center,Uniti Fiber,Colocation,650 Clinic Dr,Mobile,36688,Alabama,30.702264,-88.180899,https://www.datacentermap.com/usa/alabama/mobile/server-corps/
5385,Lumen Mobile 1,Lumen,Colocation,50 N. Lawrence St.,Mobile,36602,Alabama,30.6907856,-88.0483795,https://www.datacentermap.com/usa/alabama/mobile/level3-mobile1/
14377,SEC Data Center,Southern Edge Connect Data Centers,Colocation,1809 Hillyer Robinson Industrial Pkwy,Anniston,36207,Alabama,33.6196169,-85.8085962,https://www.datacentermap.com/usa/alabama/anniston/sec-data-center/
516,"DRFortress - Honolulu, Hawaii","DR Fortress, LLC",Colocation,3375 Koapaka Street,Honolulu,96819,Hawaii,21.336172,-157.917156,https://www.datacentermap.com/usa/hawaii/honolulu/the-fort-honolulu/
7952,MTP Data Center,Servpac Inc.,Colocation,200 Kahelu Ave,Mililani,96789,Hawaii,21.4809474,-158.0192693,https://www.datacentermap.com/usa/hawaii/honolulu/mtp-data-center/
14092,Cogent Data Center - Hawaii,"Cogent Communications, Inc.",Colocation,96-1402 Waihona Pl,Pearl City,96782,Hawaii,21.411494,-157.9747658,https://www.datacentermap.com/usa/hawaii/honolulu/cogent-data-center-hawaii/
4192,Hawaiian Telcom - Endeavor Data Center,Hawaiian Telcom,Colocation,2339 Kamehameha Highway,Honolulu,96819,Hawaii,21.331914,-157.887724,https://www.datacentermap.com/usa/hawaii/honolulu/endeavor/
11640,University of Hawaii ITS Data Center,University of Hawaii IT Center,Colocation,2520 Correa Rd,Honolulu,96822,Hawaii,21.2988159,-157.8164309,https://www.datacentermap.com/usa/hawaii/honolulu/university-of-hawaii-its-data-center/
5523,Servpac Puahale,Servpac Inc.,Colocation,1931 N King St,Honolulu,96819,Hawaii,21.3319034,-157.878289,https://www.datacentermap.com/usa/hawaii/honolulu/puahale/
1395,Lumen Honolulu,Lumen,Colocation,550 Paiea St,Honolulu,96819,Hawaii,21.334899,-157.914909,https://www.datacentermap.com/usa/hawaii/honolulu/twtc-honolulu/
5214,AlohaNAP,1547 Critical Systems Realty,Colocation,91-340 Farrington Hwy,Kapolei,96707,Hawaii,21.3347722,-158.0877863,https://www.datacentermap.com/usa/hawaii/kapolei/alohanap/
10244,Hawaiian Telcom - Kawaihae Data Center,Hawaiian Telcom,Colocation,not publicly available,Waimea,96743,Hawaii,20.0381817738498,-155.8291595730143,https://www.datacentermap.com/usa/hawaii/waimea/hawaiian-telcom-kawaihae/
685,Oso Grande Technologies,Oso Grande Technologies,Colocation,725 6th Street NW,Albuquerque,87102,New Mexico,35.0927922,-106.6536394,https://www.datacentermap.com/usa/new-mexico/albuquerque/oso-secure/
7353,H5 Data Centers Albuquerque,H5 Data Centers,Colocation,505 Marquette Ave NW,Albuquerque,87102,New Mexico,35.0887055,-106.652629,https://www.datacentermap.com/usa/new-mexico/albuquerque/h5-albuquerque/
2170,bigbyte.cc Corp.,bigbyte.cc,Colocation,123 Central Ave. NW,Albuquerque,87102,New Mexico,35.084715,-106.648772,https://www.datacentermap.com/usa/new-mexico/albuquerque/bigbytecc/
14363,Connect Albuquerque,Connect Data Centers by Oppidan,Colocation,Daytona Road NW,Albuquerque,87121,New Mexico,35.0863821319045,-106.7419640173923,https://www.datacentermap.com/usa/new-mexico/albuquerque/connect-albuquerque/
12616,SWCP Data Center,Southwest Cyberport (SWCP),Colocation,5021 Indian School Rd NE #600,Albuquerque,87110,New Mexico,35.10331499999999,-106.5893308,https://www.datacentermap.com/usa/new-mexico/albuquerque/swcp-data-center/
9999,Meta Los Lunas Campus,Meta,Campus,4250 Messenger Lp,Los Lunas,87031,New Mexico,34.8280312,-106.7802834,https://www.datacentermap.com/usa/new-mexico/albuquerque/meta-los-lunas-data-center/
13555,Meta Los Lunas - Building 2,Meta,Hyperscaler,Messenger Lp NW,Los Lunas,87031,New Mexico,34.83026079664738,-106.7774280315385,https://www.datacentermap.com/usa/new-mexico/albuquerque/meta-los-lunas-building-2/
13557,Meta Los Lunas - Building 4,Meta,Hyperscaler,Messenger Lp NW,Los Lunas,87031,New Mexico,34.82953937288386,-106.7791146437452,https://www.datacentermap.com/usa/new-mexico/albuquerque/meta-los-lunas-building-4/
13562,Meta Los Lunas - Building 9,Meta,Hyperscaler,Messenger Lp NW,Los Lunas,87031,New Mexico,34.82580345230375,-106.781328154056,https://www.datacentermap.com/usa/new-mexico/albuquerque/meta-los-lunas-building-9/
13554,Meta Los Lunas - Building 1,Meta,Hyperscaler,Messenger Lp NW,Los Lunas,87031,New Mexico,34.83026231030574,-106.7753788238514,https://www.datacentermap.com/usa/new-mexico/albuquerque/meta-los-lunas-building-1/
13559,Meta Los Lunas - Building 6,Meta,Hyperscaler,Messenger Lp NW,Los Lunas,87031,New Mexico,34.83019127172915,-106.7828436906806,https://www.datacentermap.com/usa/new-mexico/albuquerque/meta-los-lunas-building-6/
13561,Meta Los Lunas - Building 8,Meta,Hyperscaler,Messenger Lp NW,Los Lunas,87031,New Mexico,34.82571689978199,-106.7796329993417,https://www.datacentermap.com/usa/new-mexico/albuquerque/meta-los-lunas-building-8/
13556,Meta Los Lunas - Building 3,Meta,Hyperscaler,Messenger Lp NW,Los Lunas,87031,New Mexico,34.83016616819599,-106.7810780207443,https://www.datacentermap.com/usa/new-mexico/albuquerque/meta-los-lunas-building-3/
13558,Meta Los Lunas - Building 5,Meta,Hyperscaler,Messenger Lp NW,Los Lunas,87031,New Mexico,34.83022801237216,-106.7847856100072,https://www.datacentermap.com/usa/new-mexico/albuquerque/meta-los-lunas-building-5/
13560,Meta Los Lunas - Building 7,Meta,Hyperscaler,Messenger Lp NW,Los Lunas,87031,New Mexico,34.82564795568649,-106.7781631488018,https://www.datacentermap.com/usa/new-mexico/albuquerque/meta-los-lunas-building-7/
13563,Meta Los Lunas - Building 10,Meta,Hyperscaler,Messenger Lp NW,Los Lunas,87031,New Mexico,34.82581074577752,-106.7827121738408,https://www.datacentermap.com/usa/new-mexico/albuquerque/meta-los-lunas-building-10/
1425,UPN Albuquerque,Unite Private Networks,Colocation,3830 Singer Blvd NE,Albuquerque,87109,New Mexico,35.144684,-106.602729,https://www.datacentermap.com/usa/new-mexico/albuquerque/twtc-albuquerque/
8922,Plateau,Plateau,Colocation,7111 N. Prince St,Clovis,88101,New Mexico,34.4712589,-103.1953491,https://www.datacentermap.com/usa/new-mexico/clovis/plateau/
4121,The Brownrice Datacenter,"Brownrice Internet, Inc.",Colocation,201 Camino de la Merced,Taos,87571,New Mexico,36.3876872,-105.5880244,https://www.datacentermap.com/usa/new-mexico/taos/the-brownrice-datacenter/
3648,Centersquare - Albuquerque ABQ1,Centersquare,Colocation,400 Tijeras Ave NW,Albuquerque,87102,New Mexico,35.086328,-106.651784,https://www.datacentermap.com/usa/new-mexico/santa-fe/cyxtera-abq1/
5464,Lumen Santa Teresa 1,Lumen,Colocation,175 Harrier Drive,Santa Teresa,88088,New Mexico,31.866724,-106.697824,https://www.datacentermap.com/usa/new-mexico/santa-teresa/level3-santa-teresa1/
710,TierPoint Omaha-Bellevue,TierPoint,Colocation,1001 Fort Crook Road North,Bellevue,68005,Nebraska,41.176505,-95.926623,https://www.datacentermap.com/usa/nebraska/omaha/cosentry/
2211,TierPoint Omaha-Midlands,TierPoint,Colocation,11425 S. 84th St.,Papillion,68046,Nebraska,41.1377154,-96.0428852,https://www.datacentermap.com/usa/nebraska/omaha/cosentry-midlands/
1657,Scott Data Center,Scott Technology Center,Colocation,6825 Pine St.,Omaha,68106,Nebraska,41.2437917,-96.0172896,https://www.datacentermap.com/usa/nebraska/omaha/scott-data-center/
7198,LightEdge - Omaha,LightEdge,Colocation,1148 American Parkway,Papillion,68046,Nebraska,41.1598065,-96.0256565,https://www.datacentermap.com/usa/nebraska/omaha/lightedge-omaha/
8026,1623 Farnam,1623 Farnam,Colocation,1623 Farnam Street,Omaha,68102,Nebraska,41.2572938,-95.9381868,https://www.datacentermap.com/usa/nebraska/omaha/1623-farnam/
3466,LoCoCoLo,"Power PRotection Products, Inc.",Colocation,1207 South 75th St,Omaha,68124,Nebraska,41.268613,-95.9824204,https://www.datacentermap.com/usa/nebraska/omaha/lococolo/
12495,IP Pathways Omaha,IP Pathways,Colocation,5940 S 118th Circle,Omaha,68137,Nebraska,41.1977228,-96.0943951,https://www.datacentermap.com/usa/nebraska/omaha/ip-pathways-omaha/
13319,H5 Data Centers Omaha,H5 Data Centers,Colocation,10917 Harry Watanabe Pkwy,La Vista,68128,Nebraska,41.180701,-96.084974,https://www.datacentermap.com/usa/nebraska/omaha/h5-data-centers-omaha/
9486,Lumen Bellevue,Lumen,Colocation,1514 Chandler Road West,Bellevue,68147,Nebraska,41.1857052,-95.9360898,https://www.datacentermap.com/usa/nebraska/omaha/lumen-bellevue/
13495,Google Omaha Campus,Google,Campus,11110 State St,Omaha,68142,Nebraska,41.34233622905654,-96.09090631413623,https://www.datacentermap.com/usa/nebraska/omaha/google-omaha-campus/
10367,Cogent Data Center - Omaha,"Cogent Communications, Inc.",Colocation,810 S 7th St,Omaha,68108,Nebraska,41.2520591,-95.9254102,https://www.datacentermap.com/usa/nebraska/omaha/cogent-data-center-omaha/
2448,FNTS Data Center,First National Technology Solutions,Colocation,201 N 16th St,Omaha,68197,Nebraska,41.2612401,-95.9364614,https://www.datacentermap.com/usa/nebraska/omaha/first-national-technology-solutions/
13496,Google Omaha - Building 1,Google,Hyperscaler,11110 State St,Omaha,68142,Nebraska,41.33901293222479,-96.08472927556544,https://www.datacentermap.com/usa/nebraska/omaha/google-omaha-building-1/
13499,Google Omaha - Building 4,Google,Hyperscaler,11110 State St,Omaha,68142,Nebraska,41.34536978066207,-96.09357974997117,https://www.datacentermap.com/usa/nebraska/omaha/google-omaha-building-4/
13498,Google Omaha - Building 3,Google,Hyperscaler,11110 State St,Omaha,68142,Nebraska,41.34147698376748,-96.09270793511922,https://www.datacentermap.com/usa/nebraska/omaha/google-omaha-building-3/
10215,Windstream Omaha,Windstream,Colocation,1721 St Marys Ave,Omaha,68102,Nebraska,41.2549366,-95.93942159999999,https://www.datacentermap.com/usa/nebraska/omaha/windstream-omaha/
13497,Google Omaha - Building 2,Google,Hyperscaler,11110 State St,Omaha,68142,Nebraska,41.34184432208484,-96.08766240983856,https://www.datacentermap.com/usa/nebraska/omaha/google-omaha-building-2/
9507,Lumen Omaha 1,Lumen,Colocation,6805 Pine St,Omaha,68106,Nebraska,41.2429351,-96.0164662,https://www.datacentermap.com/usa/nebraska/omaha/lumen-omaha-1/
10034,Google Papillion Campus,Google,Campus,14651-15249 Gold Coast Rd,Papillion,68138,Nebraska,41.1361375,-96.1477899,https://www.datacentermap.com/usa/nebraska/papillion/google-papillion/
13452,Google Papillion - Building 2,Google,Hyperscaler,14651 Gold Coast Rd,Papillion,68138,Nebraska,41.13496202241001,-96.14674473785085,https://www.datacentermap.com/usa/nebraska/papillion/google-papillion-building-2/
13451,Google Papillion - Building 1,Google,Hyperscaler,14651 Gold Coast Rd,Papillion,68138,Nebraska,41.1348018,-96.1440518,https://www.datacentermap.com/usa/nebraska/papillion/google-papillion-building-1/
13454,Google Papillion - Building 4,Google,Hyperscaler,15203 Gold Coast Rd,Papillion,68138,Nebraska,41.13788420354976,-96.1514510730161,https://www.datacentermap.com/usa/nebraska/papillion/google-papillion-building-4/
13453,Google Papillion - Building 3,Google,Hyperscaler,15249 Gold Coast Rd,Papillion,68138,Nebraska,41.13436909071282,-96.15591087448831,https://www.datacentermap.com/usa/nebraska/papillion/google-papillion-building-3/
13552,Meta Sarpy - Building 7,Meta,Hyperscaler,13180 Silicon Prairie Plz,Springfield,68059,Nebraska,41.11377374766778,-96.14249774655816,https://www.datacentermap.com/usa/nebraska/papillion/meta-sarpy-building-7/
13550,Meta Sarpy - Building 5,Meta,Hyperscaler,14010 Friend Plz,Springfield,68059,Nebraska,41.12438665888419,-96.13285989311488,https://www.datacentermap.com/usa/nebraska/papillion/meta-sarpy-building-5/
13548,Meta Sarpy - Building 3,Meta,Hyperscaler,14734 Friend Plz,Springfield,68059,Nebraska,41.12433549761963,-96.14409068981175,https://www.datacentermap.com/usa/nebraska/papillion/meta-sarpy-building-3/
13547,Meta Sarpy - Building 2,Meta,Hyperscaler,14734 Friend Plz,Springfield,68059,Nebraska,41.12274474064139,-96.14434818187755,https://www.datacentermap.com/usa/nebraska/papillion/meta-sarpy-building-2/
13546,Meta Sarpy - Building 1,Meta,Hyperscaler,14774 Friend Plz,Springfield,68059,Nebraska,41.12066038914475,-96.14467602666393,https://www.datacentermap.com/usa/nebraska/papillion/meta-sarpy-building-1/
13553,Meta Sarpy - Building 8,Meta,Hyperscaler,13210 Silicon Prairie Plz,Springfield,68059,Nebraska,41.11217575768691,-96.14167311142809,https://www.datacentermap.com/usa/nebraska/papillion/meta-sarpy-building-8/
9998,Meta Sarpy Campus,Meta,Campus,14010-14774 Friend Plz / 13180-13210 Silicon Prairie Plz,Papillion,68059,Nebraska,41.1220776,-96.1394112,https://www.datacentermap.com/usa/nebraska/papillion/meta-sarpy-data-center/
13551,Meta Sarpy - Building 6,Meta,Hyperscaler,13180 Silicon Prairie Plz,Springfield,68059,Nebraska,41.11463194656329,-96.14336678227838,https://www.datacentermap.com/usa/nebraska/papillion/meta-sarpy-building-6/
13549,Meta Sarpy - Building 4,Meta,Hyperscaler,14010Friend Plz,Springfield,68059,Nebraska,41.12277165698714,-96.13285989311541,https://www.datacentermap.com/usa/nebraska/papillion/meta-sarpy-building-4/
805,Binary.net The Vault,Binary Net,Colocation,134 S. 13th St.,Lincoln,68508,Nebraska,40.812755,-96.702271,https://www.datacentermap.com/usa/nebraska/lincoln/binary-net/
6517,Lincoln Data Center,Lincoln Data Centers,Colocation,206 S. 13th Street,Lincoln,68508,Nebraska,40.8121514,-96.70227,https://www.datacentermap.com/usa/nebraska/lincoln/ndc-sharp-annex/
10214,Windstream Lincoln,Windstream,Colocation,1440 M St,Lincoln,68508,Nebraska,40.81161729999999,-96.70027630000001,https://www.datacentermap.com/usa/nebraska/lincoln/windstream-lincoln/
2314,Hamilton Data Center,Hamilton Telecommunications,Colocation,1006 12th Street,Aurora,68818,Nebraska,40.866338,-98.0029022,https://www.datacentermap.com/usa/nebraska/grand-island/hamilton-managed-hosting/
861,Flexential Nashville - Brentwood Data Center,Flexential,Colocation,7100 Commerce Way,Brentwood,37027,Tennessee,35.971732,-86.810081,https://www.datacentermap.com/usa/tennessee/nashville/flexential-brentwood/
2900,Flexential Nashville - Cool Springs Data Center,Flexential,Colocation,425 Duke Dr.,Franklin,37067,Tennessee,35.9498275,-86.8324503,https://www.datacentermap.com/usa/tennessee/nashville/flexential-cool-springs/
7261,Flexential Nashville - Franklin Data Center,Flexential,Colocation,"4600 Carothers Parkway, Franklin TN, 37067",Franklin,37067,Tennessee,35.9202805,-86.8156181,https://www.datacentermap.com/usa/tennessee/nashville/flexential-franklin-data-center/
8860,Centersquare Nashville,Centersquare,Colocation,1398 Gateway Dr.,Gallatin,37066,Tennessee,36.40622726450199,-86.39295021659508,https://www.datacentermap.com/usa/tennessee/nashville/evoque-nashville/
6429,TierPoint Nashville,TierPoint,Colocation,311 Eddy Lane,Nashville,37064,Tennessee,35.9252277,-86.8569251,https://www.datacentermap.com/usa/tennessee/nashville/tierpoint-nashville/
5546,EdgeConneX Nashville - EDCNAS01,EdgeConneX,Colocation,"1841 Air Lane Dr, Building 3",Nashville,37210,Tennessee,36.1454692,-86.7020989,https://www.datacentermap.com/usa/tennessee/nashville/edcnas01/
8713,H5 Data Centers Nashville,H5 Data Centers,Colocation,211 Commerce St,Nashville,37201,Tennessee,36.1626255,-86.77627760000001,https://www.datacentermap.com/usa/tennessee/nashville/h5-nashville/
7262,Data Suites,Data Suites,Colocation,1020 W College St,Murfreesboro,37129,Tennessee,35.8574003,-86.406496,https://www.datacentermap.com/usa/tennessee/nashville/data-suites/
1496,365 Data Centers - Nashville,365 Data Centers,Colocation,147 Fourth Avenue,Nashville,37219,Tennessee,36.262274,-86.705301,https://www.datacentermap.com/usa/tennessee/nashville/switchdata-nashville/
13718,RadiusDC Nashville I,RadiusDC,Colocation,2902 Brick Church Pike,Nashville,37207,Tennessee,36.2216592,-86.7838943,https://www.datacentermap.com/usa/tennessee/nashville/radiusdc-nashville-i/
10825,Meta Gallatin - Building 5,Meta,Hyperscaler,Meta Lp,Gallatin,37066,Tennessee,36.40577858268337,-86.36718378161957,https://www.datacentermap.com/usa/tennessee/nashville/meta-gallatin-building-5/
10366,Cogent Data Center - Nashville,"Cogent Communications, Inc.",Colocation,338 Woodycrest Ave,Nashville,37210,Tennessee,36.1321629,-86.7528932,https://www.datacentermap.com/usa/tennessee/nashville/cogent-data-center-nashville/
10003,Meta Gallatin Campus,Meta,Campus,1 Meta Lp,Gallatin,37066,Tennessee,36.4064288,-86.3711745,https://www.datacentermap.com/usa/tennessee/nashville/meta-gallatin-data-center/
3100,DataBank - 209 10th Ave South,DataBank,Colocation,209 10th Ave South,Nashville,37203,Tennessee,36.1551611,-86.7825558,https://www.datacentermap.com/usa/tennessee/nashville/zcolo-209-10th-ave-south/
2162,Windstream Nashville,Windstream,Colocation,940 3rd Ave North,Nashville,37201,Tennessee,36.173667,-86.7835769,https://www.datacentermap.com/usa/tennessee/nashville/nuvox-nashville/
1740,Scipio Technologies NREP,Scipio Technologies,Colocation,1661 Murfreesboro Road,Nashville,37217,Tennessee,,,https://www.datacentermap.com/usa/tennessee/nashville/nexus-nrep/
10823,Meta Gallatin - Building 3,Meta,Hyperscaler,Meta Lp,Gallatin,37066,Tennessee,36.40846480888727,-86.37191881105166,https://www.datacentermap.com/usa/tennessee/nashville/meta-gallatin-building-3/
10822,Meta Gallatin - Building 2,Meta,Hyperscaler,Meta Lp,Gallatin,37066,Tennessee,36.41177534683773,-86.36883365000794,https://www.datacentermap.com/usa/tennessee/nashville/meta-gallatin-building-2/
10226,Windstream Brentwood,Windstream,Colocation,105 Westwood Pl,Brentwood,37027,Tennessee,36.0371745,-86.8060782,https://www.datacentermap.com/usa/tennessee/nashville/windstream-brentwood/
10824,Meta Gallatin - Building 4,Meta,Hyperscaler,Meta Lp,Gallatin,37066,Tennessee,36.40853783698137,-86.37064845062189,https://www.datacentermap.com/usa/tennessee/nashville/meta-gallatin-building-4/
10821,Meta Gallatin - Building 1,Meta,Hyperscaler,Meta Lp,Gallatin,37066,Tennessee,36.41184837181982,-86.3701040104377,https://www.datacentermap.com/usa/tennessee/nashville/meta-gallatin-building-1/
10826,Meta Gallatin - Building 6,Meta,Hyperscaler,Meta Lp,Gallatin,37066,Tennessee,36.40660342366841,-86.36614061639247,https://www.datacentermap.com/usa/tennessee/nashville/meta-gallatin-building-6/
5387,Lumen Nashville 1,Lumen,Colocation,2990 Sidco Drive,Nashville,37204,Tennessee,36.1029297,-86.7555746,https://www.datacentermap.com/usa/tennessee/nashville/level3-nashville1/
1405,Lumen Berry Hill,Lumen,Colocation,708 Melrose Ave,Berry Hill,37211,Tennessee,36.119184,-86.758299,https://www.datacentermap.com/usa/tennessee/nashville/twtc-berry-hill/
5388,Lumen Nashville 2,Lumen,Colocation,2530 Perimeter Place Drive,Nashville,37214,Tennessee,36.1496612,-86.6796724,https://www.datacentermap.com/usa/tennessee/nashville/level3-nashville2/
5389,Lumen Nashville 3,Lumen,Colocation,2208 9th Ave North,Nashville,37208,Tennessee,36.189148,-86.804111,https://www.datacentermap.com/usa/tennessee/nashville/level3-nashville3/
827,IRIS Nashville,Iris Networks,Colocation,211 Commerce Street,Nashville,37201,Tennessee,36.1626568,-86.7763702,https://www.datacentermap.com/usa/tennessee/nashville/iris-nashville/
4385,"Airnet, by Dataprise",Airnet,Colocation,801 Broad Street,Chattanooga,37402,Tennessee,35.0473205,-85.3107537,https://www.datacentermap.com/usa/tennessee/chattanooga/airnet-group/
6304,DC BLOX Chattanooga,DC BLOX Inc.,Colocation,807 East 16th Street,Chattanooga,37408,Tennessee,35.031571,-85.2973559,https://www.datacentermap.com/usa/tennessee/chattanooga/cha-1/
2499,Scipio Technologies Chattanooga,Scipio Technologies,Colocation,1100 East 11th Street,Chattanooga,37404,Tennessee,35.0377211,-85.2932737,https://www.datacentermap.com/usa/tennessee/chattanooga/chattanooga/
5903,MCA Chattanooga,MCA,Colocation,6048 Century Oaks Dr,Chattanooga,37416,Tennessee,35.0758761,-85.184511,https://www.datacentermap.com/usa/tennessee/chattanooga/mca-corporate/
8236,TenHats Knoxville,TenHats,Colocation,550 Fort Summit Way,Knoxville,37915,Tennessee,35.9704762,-83.9121043,https://www.datacentermap.com/usa/tennessee/knoxville/the-fort/
6225,Infinity Data Center,Webservio,Colocation,2575 Willow Point Way,Knoxville,37931,Tennessee,35.9585301,-84.1391791,https://www.datacentermap.com/usa/tennessee/knoxville/infinity-data-center/
923,Scipio Technologies Knoxville,Scipio Technologies,Colocation,500 W. Summit Hill,Knoxville,37902,Tennessee,35.966315,-83.921483,https://www.datacentermap.com/usa/tennessee/knoxville/digital-crossing/
14460,CleanSpark Mountain City,CleanSpark,Enterprise,178 Rainbow Rd,Mountain City,37683,Tennessee,36.44563369999999,-81.8007219,https://www.datacentermap.com/usa/tennessee/knoxville/cleanspark-mountain-city/
14457,CleanSpark Jellico,CleanSpark,Enterprise,131-181 Douglas Ln,Jellico,37762,Tennessee,36.5761589,-84.11075300000002,https://www.datacentermap.com/usa/tennessee/knoxville/cleanspark-jellico/
10224,Windstream Knoxville,Windstream,Colocation,2333 Lovell Rd,Knoxville,37932,Tennessee,35.9519035,-84.1250367,https://www.datacentermap.com/usa/tennessee/knoxville/windstream-knoxville/
14459,CleanSpark Winfield,CleanSpark,Enterprise,708 Pine Grove Rd,Winfield,37892,Tennessee,36.5467887,-84.4521787,https://www.datacentermap.com/usa/tennessee/knoxville/cleanspark-winfield/
14454,CleanSpark Lenoir City,CleanSpark,Enterprise,14250 Hickory Creek Rd l,Lenoir City,37771,Tennessee,35.87321746916516,-84.24082921400112,https://www.datacentermap.com/usa/tennessee/knoxville/cleanspark-lenoir-city/
14458,CleanSpark New Tazewell,CleanSpark,Enterprise,3750 Tennessee-33,New Tazewell,37825,Tennessee,36.39852500509374,-83.69328333666122,https://www.datacentermap.com/usa/tennessee/knoxville/cleanspark-new-tazewell/
14437,Bitdeer Tennessee,Bitdeer Technologies Group,Enterprise,5101 S National Dr,Knoxville,37914,Tennessee,35.9420515,-83.8352896,https://www.datacentermap.com/usa/tennessee/knoxville/bitdeer-knoxville-tennessee/
10225,Windstream Bristol,Windstream,Colocation,112 6th St,Bristol,37620,Tennessee,36.5931308,-82.1835569,https://www.datacentermap.com/usa/tennessee/bristol/windstream-bristol/
2541,Aeneas Data Center,Aeneas Internet & Telephone,Colocation,300 N Cumberland St,Jackson,38301,Tennessee,35.6161559,-88.8160211,https://www.datacentermap.com/usa/tennessee/jackson/aeneas-internet--telephone/
5672,EdgeConneX Memphis - EDCMEM01,EdgeConneX,Colocation,"4005 S Mendenhall Rd, Unit #6",Memphis,38115,Tennessee,35.0387368,-89.8853296,https://www.datacentermap.com/usa/tennessee/memphis/edgeconnex-edcmem01/
3119,DataBank MEM1 - Memphis,DataBank,Colocation,7620 Appling Center Dr,Memphis,38133,Tennessee,35.203139,-89.808542,https://www.datacentermap.com/usa/tennessee/memphis/colocation-memphis/
13411,Collierville Enterprise Data Center,Aphorio Carter,Colocation,9 FedEx Pkwy,Collierville,38017,Tennessee,35.039048,-89.7186456,https://www.datacentermap.com/usa/tennessee/memphis/collierville-enterprise-data-center/
6898,Expedient Memphis,Expedient Data Centers,Colocation,3180 Players Lane,Memphis,38125,Tennessee,35.0630144,-89.7861248,https://www.datacentermap.com/usa/tennessee/memphis/expedient-memphis/
13866,Connect Memphis,Connect Data Centers by Oppidan,Colocation,3900 S Mendenhall Rd,Memphis,38115,Tennessee,35.04177240000001,-89.8845309,https://www.datacentermap.com/usa/tennessee/memphis/connect-memphis/
14461,5CDC Memphis - MEM01,5C Group Inc.,Colocation,4280 Getwell Rd,Memphis,38118,Tennessee,35.0327761,-89.9353956,https://www.datacentermap.com/usa/tennessee/memphis/5cdc-memphis-mem01/
1216,Verizon Memphis,Verizon Communications Inc.,Colocation,5127 Truse Rd,Memphis,38117,Tennessee,35.1086123,-89.890964,https://www.datacentermap.com/usa/tennessee/memphis/xo-memphis/
9631,Sentinel TN-1,Sentinel Datacenters,Colocation,3180 Players Ln,Memphis,38125,Tennessee,35.0629714,-89.7861257,https://www.datacentermap.com/usa/tennessee/memphis/sentinel-tn-1/
13683,5400 Tulane Road,xAI Corp,Hyperscaler,5400 Tulane Rd,Whitehaven,38109,Tennessee,34.9998052,-90.0430616,https://www.datacentermap.com/usa/tennessee/memphis/5400-tulane-road/
13682,xAI Memphis Supercluster,xAI Corp,Hyperscaler,3231 Riverport Rd,Memphis,38109,Tennessee,35.0599407,-90.1569045,https://www.datacentermap.com/usa/tennessee/memphis/xai-memphis-supercluster/
696,WorldSpice Data Center,WorldSpice Technologies,Colocation,5050 Poplar Ave,Memphis,38157,Tennessee,35.1131812,-89.8931188,https://www.datacentermap.com/usa/tennessee/memphis/worldspice/
5378,Lumen Memphis 1,Lumen,Colocation,3993 Crowfarn Drive,Memphis,38118,Tennessee,35.028699,-89.930883,https://www.datacentermap.com/usa/tennessee/memphis/level3-memphis1/
12450,LCUB Data Center,LCUB,Colocation,7698 Creekwood Park Blvd,Lenoir City,37772,Tennessee,35.8407381,-84.2658246,https://www.datacentermap.com/usa/tennessee/lenoir-city/lcub-data-center/
5902,Litewire Data Center,Litewire,Colocation,204 Red Rd,McMinnville,37110,Tennessee,35.6920634,-85.7607224,https://www.datacentermap.com/usa/tennessee/mcminnville/litewire/
14456,CleanSpark Crossville 2,CleanSpark,Enterprise,268 Sparta Hwy,Crossville,38572,Tennessee,35.960612,-85.046521,https://www.datacentermap.com/usa/tennessee/crossville/cleanspark-crossville-2/
14455,CleanSpark Crossville 1,CleanSpark,Enterprise,5784 Plateau Rd,Crossville,38571,Tennessee,36.05683779763053,-85.13811701854402,https://www.datacentermap.com/usa/tennessee/crossville/cleanspark-crossville-1/
10032,Google Montgomery County Data Center,Google,Hyperscaler,1000 Boolean Dr,Clarksville,37040,Tennessee,36.620664,-87.2617554,https://www.datacentermap.com/usa/tennessee/clarksville/google-montgomery-county/
2254,TierPoint Baltimore - BAL,TierPoint,Colocation,1401 Russell St,Baltimore,21230,Maryland,39.2752781,-76.6262477,https://www.datacentermap.com/usa/maryland/baltimore/baltimore-technology-park/
9417,TierPoint Baltimore - BWI,TierPoint,Colocation,813 Pinnacle Drive,Linthicum Heights,21090,Maryland,39.2133517,-76.6830363,https://www.datacentermap.com/usa/maryland/baltimore/tierpoint-baltimore/
6331,AiNET One Market Center,AiNET,Colocation,300 West Lexington Street,Baltimore,21201,Maryland,39.2919659,-76.6203816,https://www.datacentermap.com/usa/maryland/baltimore/one-market/
4327,Expedient Owings Mills,Expedient Data Centers,Colocation,11155 Red Run,Baltimore,21117,Maryland,39.426995,-76.81145,https://www.datacentermap.com/usa/maryland/baltimore/baltimore-owings-wills/
9179,DataBank BWI1 - Downtown Baltimore,DataBank,Colocation,300 West Lexington Street,Baltimore,21202,Maryland,39.29192,-76.62031,https://www.datacentermap.com/usa/maryland/baltimore/databank-bwi1/
3785,DataBank - 111 Market Pl,DataBank,Colocation,111 Market Pl,Baltimore,21202,Maryland,39.2874836,-76.6061655,https://www.datacentermap.com/usa/maryland/baltimore/zcolo-111-market/
10931,AiNET CyberNAP,AiNET,Colocation,7900 Ritchie Hwy,Glen Burnie,21061,Maryland,39.1386697,-76.6060397,https://www.datacentermap.com/usa/maryland/baltimore/ainet-cybernap/
4326,Expedient Tide Point,Expedient Data Centers,Colocation,1050 Hull Street,Baltimore,21230,Maryland,39.2747111,-76.5917613,https://www.datacentermap.com/usa/maryland/baltimore/baltimore-tide-point/
5594,InfraDMS BAL01,InfraDMS,Colocation,1 South St,Baltimore,21202,Maryland,39.2893148,-76.6105527,https://www.datacentermap.com/usa/maryland/baltimore/idms-bal01/
10353,Cogent Data Center - Elkridge,"Cogent Communications, Inc.",Colocation,6050 Race Rd,Elkridge,21075,Maryland,39.2035251,-76.7124663,https://www.datacentermap.com/usa/maryland/baltimore/cogent-data-center-elkridge/
4295,Crown Castle Baltimore,CROWN CASTLE,Colocation,111 Market Place,Baltimore,21202,Maryland,39.2875055,-76.6066657,https://www.datacentermap.com/usa/maryland/baltimore/ba-1/
13875,Comcast Nottingham,Comcast,Colocation,8031 Corporate Dr,Nottingham,21236,Maryland,39.36866285980927,-76.4673345576727,https://www.datacentermap.com/usa/maryland/baltimore/comcast-nottingham/
1460,Lumen Baltimore,Lumen,Colocation,300 West Lexington Street,Baltimore,2120,Maryland,39.291532,-76.619891,https://www.datacentermap.com/usa/maryland/baltimore/level3-baltimore/
3791,Candler Building,Unknown Company,Building,111 Market Place,Baltimore,21202,Maryland,39.2874731,-76.6061522,https://www.datacentermap.com/usa/maryland/baltimore/candler-building/
3421,Silver Spring/DC Metro,Databridge Sites,Colocation,12401 Prosperity Drive,Silver Spring,20904,Maryland,39.05871676736299,-76.96424961090088,https://www.datacentermap.com/usa/maryland/silver-spring/metro-dc1/
495,Atlantech Silver Spring Datacenter,"Atlantech Online, Inc.",Colocation,1010 Wayne Avenue,Silver Spring,20910,Maryland,38.9938812,-77.0277211,https://www.datacentermap.com/usa/maryland/silver-spring/atlantech-online/
9225,Maryland Hyperscale Campus,Aligned Data Centers,Campus,5601 Manor Woods Road,Frederick,21703,Maryland,39.33516118198411,-77.4725022044077,https://www.datacentermap.com/usa/maryland/frederick/maryland-campus/
13301,Rowan Bauxite I Campus,Rowan Digital Infrastructure,Campus,Mountville Rd & Ballenger Creek Pike,Frederick,21703,Maryland,39.325342,-77.484417,https://www.datacentermap.com/usa/maryland/frederick/rowan-bauxite-i-campus/
13216,Aligned IAD-04,Aligned Data Centers,Colocation,5601 Manor Woods Rd,Frederick,21703,Maryland,39.332901,-77.473422,https://www.datacentermap.com/usa/maryland/frederick/aligned-iad-04/
478,Xecunet Data Center,"Xecunet, LLC.",Colocation,5744-R Industry Lane,Frederick,21704,Maryland,39.389928,-77.413322,https://www.datacentermap.com/usa/maryland/frederick/xecunet/
13306,Rowan Bauxite II Campus,Rowan Digital Infrastructure,Campus,Mountville Rd & Ballenger Creek Pike,Frederick,21703,Maryland,39.32389,-77.464335,https://www.datacentermap.com/usa/maryland/frederick/rowan-bauxite-ii/
13311,Rowan Bauxite III Campus,Rowan Digital Infrastructure,Campus,Mountville Rd & Ballenger Creek Pike,Frederick,21703,Maryland,39.331299,-77.471119,https://www.datacentermap.com/usa/maryland/frederick/rowan-bauxite-iii/
13303,Rowan Bauxite I - Building 2,Rowan Digital Infrastructure,Colocation,Mountville Rd & Ballenger Creek Pike,Frederick,21703,Maryland,39.32425,-77.480797,https://www.datacentermap.com/usa/maryland/frederick/rowan-bauxite-i-building-2/
13309,Rowan Bauxite II - Building 3,Rowan Digital Infrastructure,Colocation,Mountville Rd & Ballenger Creek Pike,Frederick,21703,Maryland,39.322547,-77.465698,https://www.datacentermap.com/usa/maryland/frederick/rowan-bauxite-ii-building-3/
13302,Rowan Bauxite I - Building 1,Rowan Digital Infrastructure,Colocation,Mountville Rd & Ballenger Creek Pike,Frederick,21703,Maryland,39.32706,-77.485433,https://www.datacentermap.com/usa/maryland/frederick/rowan-bauxite-i-building-1/
13310,Rowan Bauxite II - Building 4,Rowan Digital Infrastructure,Colocation,Mountville Rd & Ballenger Creek Pike,Frederick,21703,Maryland,39.32236,-77.463612,https://www.datacentermap.com/usa/maryland/frederick/rowan-bauxite-ii-building-4/
13314,Rowan Bauxite III - Building 3,Rowan Digital Infrastructure,Colocation,Mountville Rd & Ballenger Creek Pike,Frederick,21703,Maryland,39.33,-77.472198,https://www.datacentermap.com/usa/maryland/frederick/rowan-bauxite-iii-building-3/
13305,Rowan Bauxite I - Building 4,Rowan Digital Infrastructure,Colocation,Mountville Rd & Ballenger Creek Pike,Frederick,21703,Maryland,39.322654,-77.483534,https://www.datacentermap.com/usa/maryland/frederick/rowan-bauxite-i-building-4/
13304,Rowan Bauxite I - Building 3,Rowan Digital Infrastructure,Colocation,Mountville Rd & Ballenger Creek Pike,Frederick,21703,Maryland,39.323788,-77.485152,https://www.datacentermap.com/usa/maryland/frederick/rowan-bauxite-i-building-3/
13313,Rowan Bauxite III - Building 2,Rowan Digital Infrastructure,Colocation,Mountville Rd & Ballenger Creek Pike,Frederick,21703,Maryland,39.331446,-77.473064,https://www.datacentermap.com/usa/maryland/frederick/rowan-bauxite-iii-building-2/
13307,Rowan Bauxite II - Building 1,Rowan Digital Infrastructure,Colocation,Mountville Rd & Ballenger Creek Pike,Frederick,21703,Maryland,39.326127,-77.462141,https://www.datacentermap.com/usa/maryland/frederick/rowan-bauxite-ii-building-1/
13312,Rowan Bauxite III - Building 1,Rowan Digital Infrastructure,Colocation,Mountville Rd & Ballenger Creek Pike,Frederick,21703,Maryland,39.332014,-77.469817,https://www.datacentermap.com/usa/maryland/frederick/rowan-bauxite-iii-building-1/
13308,Rowan Bauxite II - Building 2,Rowan Digital Infrastructure,Colocation,Mountville Rd & Ballenger Creek Pike,Frederick,21703,Maryland,39.324531,-77.462455,https://www.datacentermap.com/usa/maryland/frederick/rowan-bauxite-ii-building-2/
14563,Aligned IAD-06,Aligned Data Centers,Colocation,5601 Manor Woods Rd,Frederick,21703,Maryland,39.334964,-77.47149,https://www.datacentermap.com/usa/maryland/frederick/aligned-iad-06/
14562,Aligned IAD-05,Aligned Data Centers,Colocation,5601 Manor Woods Rd,Frederick,21703,Maryland,39.334278,-77.472332,https://www.datacentermap.com/usa/maryland/frederick/aligned-iad-05/
14564,Aligned IAD-07,Aligned Data Centers,Colocation,5601 Manor Woods Rd,Frederick,21703,Maryland,39.33588,-77.469442,https://www.datacentermap.com/usa/maryland/frederick/aligned-iad-07/
2038,Frederick Data Center I,"Swift Systems, Inc.",Colocation,5301 Buckeystown Pike,Frederick,21704,Maryland,39.377873,-77.408166,https://www.datacentermap.com/usa/maryland/frederick/frederick-data-center-i/
4286,Frederick Data Center II,"Swift Systems, Inc.",Colocation,7340 Executive Way M,Frederick,21704,Maryland,39.3681914,-77.405865,https://www.datacentermap.com/usa/maryland/frederick/frederick-data-center-ii/
463,Coloco Data Center,Coloco,Colocation,11700 Montgomery Road,Beltsville,20705,Maryland,39.052199,-76.925627,https://www.datacentermap.com/usa/maryland/beltsville/wdc13/
1817,Verizon Beltsville,Verizon Communications Inc.,Colocation,7020 Virginia Manor Road,Beltsville,20705,Maryland,39.0611277,-76.8929902,https://www.datacentermap.com/usa/maryland/beltsville/verizon-beltsville/
12174,Recovery Point Germantown Data Center,Recovery Point Systems,Colocation,20441 Century Blvd,Germantown,20874,Maryland,39.1946787,-77.2653672,https://www.datacentermap.com/usa/maryland/germantown/recovery-point-data-center/
11748,TPC Laurel,TPC Data Centers,Colocation,6201 Frost Pl,Laurel,20707,Maryland,39.089151,-76.90115999999999,https://www.datacentermap.com/usa/maryland/laurel/tpc-laurel/
1513,AiNET Coloco #8,AiNET,Colocation,312 Laurel Ave,Laurel,20705,Maryland,39.101448,-76.84782,https://www.datacentermap.com/usa/maryland/laurel/coloco8/
5702,Atlantech Rockville Datacenter,"Atlantech Online, Inc.",Colocation,1201 Seven Locks Road,Rockville,20854,Maryland,39.0643077,-77.1600211,https://www.datacentermap.com/usa/maryland/rockville/rockville-datacenter/
14761,Riot Platforms Paducah,"Riot Platforms, Inc.",Enterprise,5657 Commerce Dr,Paducah,42001,Kentucky,37.08898629999999,-88.7027394,https://www.datacentermap.com/usa/kentucky/paducah/riot-platforms-paducah/
12814,Quad State Internet PAH1,Quad State Internet LLC,Colocation,1212 Helen St,Paducah,42001,Kentucky,37.0940089,-88.6340503,https://www.datacentermap.com/usa/kentucky/paducah/quad-state-internet-data-center/
857,Flexential Louisville - Downtown Data Center,Flexential,Colocation,733 Barret Avenue,Louisville,40204,Kentucky,38.243438,-85.733604,https://www.datacentermap.com/usa/kentucky/louisville/flexential-louisville-downtown/
6938,Flexential Louisville - East Data Center,Flexential,Colocation,2101 Nelson Miller Parkway,Louisville,40223,Kentucky,38.2760239,-85.5071443,https://www.datacentermap.com/usa/kentucky/louisville/flexential-louisville/
13413,Simpsonville Enterprise Data Center,Aphorio Carter,Colocation,70 Kingbrook Pkwy,Simpsonville,40067,Kentucky,38.2189073,-85.33787919999999,https://www.datacentermap.com/usa/kentucky/louisville/simpsonville-enterprise-data-center/
13412,Louisville Enterprise Data Center,Aphorio Carter,Colocation,12901 Plantside Dr,Louisville,40299,Kentucky,38.2120095,-85.5197907,https://www.datacentermap.com/usa/kentucky/louisville/louisville-enterprise-data-center/
3769,332 West Broadway,Unknown Company,Building,332 W. Broadway,Louisville,40202,Kentucky,38.2457797,-85.7580952,https://www.datacentermap.com/usa/kentucky/louisville/332-w-broadway/
3765,Cogent Data Center - Louisville,"Cogent Communications, Inc.",Colocation,332 W. Broadway,Louisville,40202,Kentucky,38.2459161,-85.7579598,https://www.datacentermap.com/usa/kentucky/louisville/cogent-louisville/
2739,BluegrassNet East Breckinridge,BluegrassNet,Colocation,321 E Breckinridge St,Louisville,40203,Kentucky,38.2411629,-85.7493313,https://www.datacentermap.com/usa/kentucky/louisville/east-breckinridge/
539,IgLou Data Center,"IgLou Internet Services, Inc.",Colocation,3315 Gilmore Industrial Blvd,Louisville,40213,Kentucky,38.1784123,-85.7002294,https://www.datacentermap.com/usa/kentucky/louisville/iglou-colocation/
2380,"Windstream Louisville, KY",Windstream,Colocation,929 Mason Avenue,Louisville,40204,Kentucky,38.2421627,-85.7381196,https://www.datacentermap.com/usa/kentucky/louisville/ngenx---colocation/
9500,Lumen Louisville 2,Lumen,Colocation,715 S 7th St,Louisville,40203,Kentucky,38.2455265,-85.7632289,https://www.datacentermap.com/usa/kentucky/louisville/lumen-louisville-2/
3209,Silica Broadband,Davey Holdings LLC,Colocation,12935 W U.S. Hwy 42,Prospect,40059,Kentucky,38.3703275,-85.5935596,https://www.datacentermap.com/usa/kentucky/louisville/davey-holdings/
14110,Project Lincoln OC Data Center,Unknown Company,Campus,3210 D W. Griffith Ln,La Grange,40031,Kentucky,38.3944462,-85.4093247,https://www.datacentermap.com/usa/kentucky/louisville/project-lincoln-oc-data-center/
13361,BluegrassNet Downtown Louisville,BluegrassNet,Colocation,800 S 4th St,Louisville,40201,Kentucky,38.2440518,-85.7592415,https://www.datacentermap.com/usa/kentucky/louisville/bluegrassnet-downtown-louisville/
13904,PowerHouse Louisville Campus,PowerHouse Data Centers,Campus,Camp Ground Rd,Louisville,40216,Kentucky,38.19922401996019,-85.85414862698194,https://www.datacentermap.com/usa/kentucky/louisville/powerhouse-louisville-campus/
13907,PowerHouse Louisville - Building 3,PowerHouse Data Centers,Colocation,Camp Ground Rd,Louisville,40216,Kentucky,38.194831,-85.857221,https://www.datacentermap.com/usa/kentucky/louisville/powerhouse-louisville-building-3/
13910,PowerHouse Louisville - Building 6,PowerHouse Data Centers,Colocation,Camp Ground Rd,Louisville,40216,Kentucky,38.196398,-85.855327,https://www.datacentermap.com/usa/kentucky/louisville/powerhouse-louisville-building-6/
13908,PowerHouse Louisville - Building 4,PowerHouse Data Centers,Colocation,Camp Ground Rd,Louisville,40216,Kentucky,38.194083,-85.856136,https://www.datacentermap.com/usa/kentucky/louisville/powerhouse-louisville-building-4/
13905,PowerHouse Louisville - Building 1,PowerHouse Data Centers,Colocation,Camp Ground Rd,Louisville,40216,Kentucky,38.196507,-85.859755,https://www.datacentermap.com/usa/kentucky/louisville/powerhouse-louisville-building-1/
5366,Lumen Louisville 1,Lumen,Colocation,848 S. 8th Street,Louisville,40203,Kentucky,38.2431849,-85.765964,https://www.datacentermap.com/usa/kentucky/louisville/level3-louisville/
13911,PowerHouse Louisville - Building 7,PowerHouse Data Centers,Colocation,Camp Ground Rd,Louisville,40216,Kentucky,38.201524,-85.853719,https://www.datacentermap.com/usa/kentucky/louisville/powerhouse-louisville-building-7/
13909,PowerHouse Louisville - Building 5,PowerHouse Data Centers,Colocation,Camp Ground Rd,Louisville,40216,Kentucky,38.197425,-85.856617,https://www.datacentermap.com/usa/kentucky/louisville/powerhouse-louisville-building-5/
1398,Lumen Louisville 3,Lumen,Colocation,332 W. Broadway,Louisville,40202,Kentucky,38.246061,-85.757229,https://www.datacentermap.com/usa/kentucky/louisville/twtc-louisville/
13906,PowerHouse Louisville - Building 2,PowerHouse Data Centers,Colocation,Camp Ground Rd,Louisville,40216,Kentucky,38.195737,-85.858636,https://www.datacentermap.com/usa/kentucky/louisville/powerhouse-louisville-building-2/
485,Data Canopy - Louisville,Data Canopy,Colocation,1208 Quality Choice Pl,Louisville,40202,Kentucky,38.2371028,-85.7738726,https://www.datacentermap.com/usa/kentucky/louisville/hosting-louisville/
6055,KUSI Data Center,Kentucky Underground Storage,Colocation,3830 Highbridge Rd,Wilmore,40390,Kentucky,37.8266306,-84.7017367,https://www.datacentermap.com/usa/kentucky/lexington/subtac/
10210,Windstream Lexington,Windstream,Colocation,151 N Martin Luther King Blvd,Lexington,40507,Kentucky,38.0460732,-84.4944433,https://www.datacentermap.com/usa/kentucky/lexington/windstream-lexington/
13360,BluegrassNet Downtown Lexington,BluegrassNet,Colocation,535 W 2nd St,Lexington,40508,Kentucky,38.05448309124982,-84.50053647752466,https://www.datacentermap.com/usa/kentucky/lexington/bluegrassnet-downtown-lexington/
6050,ATCDC,Ashland Technology Complex and Data Center,Colocation,500 Diederich Blvd,Russell,41169,Kentucky,38.5052659,-82.6810439,https://www.datacentermap.com/usa/kentucky/ashland/atcdc/
3431,EnergyNet Data Center,EnergyNet,Colocation,1820 E. 9th Street,Hopkinsville,42240,Kentucky,36.8495698,-87.4690246,https://www.datacentermap.com/usa/kentucky/hopkinsville/energynet-data-center/
12664,East Kentucky Network Data Center,East Kentucky Network,Colocation,101 Technology Trail,Ivel,41642,Kentucky,37.5994228,-82.6800149,https://www.datacentermap.com/usa/kentucky/ivel/east-kentucky-network-data-center/
12566,Lost River Data Center,BGMU Fiber,Colocation,2413 Nashville Rd,Bowling Green,42101,Kentucky,36.962312,-86.47093919999999,https://www.datacentermap.com/usa/kentucky/bowling-green/lost-river-data-center/
14308,Meta Bowling Green Campus,Meta,Campus,56 Middleton Pike,Bowling Green,43402,Kentucky,41.4589369,-83.6356981,https://www.datacentermap.com/usa/kentucky/bowling-green/meta-bowling-green-campus/
11614,Core Scientific Calvert City,Core Scientific,Colocation,1035 Shar-Cal Rd,Calvert City,42029,Kentucky,37.05044666481538,-88.39390071822639,https://www.datacentermap.com/usa/kentucky/calvert-city/core-scientific-calvert-city/
14762,Riot Platforms Calvert City,"Riot Platforms, Inc.",Enterprise,1035 Shar-Cal Rd,Calvert City,42029,Kentucky,37.05014596689074,-88.3964057029886,https://www.datacentermap.com/usa/kentucky/calvert-city/riot-platforms-calvert-city/
4451,CyrusOne CIN6 - Florence,CyrusOne Data Centers,Colocation,7200 Industrial Road,Florence,41042,Kentucky,38.980008,-84.61934,https://www.datacentermap.com/usa/kentucky/florence-ky/cyrusone-kentucky-florence/
2328,CBTS Florence Data Center,CBTS,Colocation,987 Central Blvd.,Florence,41042,Kentucky,39.0049168,-84.601462,https://www.datacentermap.com/usa/kentucky/florence-ky/cbts-florence-data-center/
2366,Parsec Data Center,Parsec Data Management,Colocation,3450 Gabel Rd,Billings,59102,Montana,45.7426697,-108.6031326,https://www.datacentermap.com/usa/montana/billings/parsec-data-center/
2640,Vision Net 1030 Central,Vision Net,Colocation,1030 Central Ave,Billings,59102,Montana,45.7683204,-108.5414675,https://www.datacentermap.com/usa/montana/billings/billings-central/
14739,TAC Great Falls - Building 17,TAC Data Centers,Colocation,Giant Springs Rd,Great Falls,59405,Montana,47.526994,-111.179445,https://www.datacentermap.com/usa/montana/great-falls/tac-great-falls-building-17/
14731,TAC Great Falls - Building 9,TAC Data Centers,Colocation,Giant Springs Rd,Great Falls,59405,Montana,47.528165,-111.194875,https://www.datacentermap.com/usa/montana/great-falls/tac-great-falls-building-9/
14738,TAC Great Falls - Building 16,TAC Data Centers,Colocation,Giant Springs Rd,Great Falls,59405,Montana,47.527066,-111.176799,https://www.datacentermap.com/usa/montana/great-falls/tac-great-falls-building-16/
14733,TAC Great Falls - Building 11,TAC Data Centers,Colocation,Giant Springs Rd,Great Falls,59405,Montana,47.528351,-111.189568,https://www.datacentermap.com/usa/montana/great-falls/tac-great-falls-building-11/
14734,TAC Great Falls - Building 12,TAC Data Centers,Colocation,Giant Springs Rd,Great Falls,59405,Montana,47.529196,-111.179326,https://www.datacentermap.com/usa/montana/great-falls/tac-great-falls-building-12/
14722,TAC Great Falls Campus,TAC Data Centers,Campus,Giant Springs Rd,Great Falls,59405,Montana,47.528802,-111.184255,https://www.datacentermap.com/usa/montana/great-falls/tac-great-falls-campus/
14737,TAC Great Falls - Building 15,TAC Data Centers,Colocation,Giant Springs Rd,Great Falls,59405,Montana,47.527999,-111.176786,https://www.datacentermap.com/usa/montana/great-falls/tac-great-falls-building-15/
14742,TAC Great Falls - Building 20,TAC Data Centers,Colocation,Giant Springs Rd,Great Falls,59405,Montana,47.525796,-111.176614,https://www.datacentermap.com/usa/montana/great-falls/tac-great-falls-building-20/
14725,TAC Great Falls - Building 3,TAC Data Centers,Colocation,Giant Springs Rd,Great Falls,59405,Montana,47.5325,-111.186821,https://www.datacentermap.com/usa/montana/great-falls/tac-great-falls-building-3/
14726,TAC Great Falls - Building 4,TAC Data Centers,Colocation,Giant Springs Rd,Great Falls,59405,Montana,47.530713,-111.190052,https://www.datacentermap.com/usa/montana/great-falls/tac-great-falls-building-4/
14735,TAC Great Falls - Building 13,TAC Data Centers,Colocation,Giant Springs Rd,Great Falls,59405,Montana,47.529196,-111.176762,https://www.datacentermap.com/usa/montana/great-falls/tac-great-falls-building-13/
14732,TAC Great Falls - Building 10,TAC Data Centers,Colocation,Giant Springs Rd,Great Falls,59405,Montana,47.528333,-111.192273,https://www.datacentermap.com/usa/montana/great-falls/tac-great-falls-building-10/
14727,TAC Great Falls - Building 5,TAC Data Centers,Colocation,Giant Springs Rd,Great Falls,59405,Montana,47.530713,-111.188288,https://www.datacentermap.com/usa/montana/great-falls/tac-great-falls-building-5/
14728,TAC Great Falls - Building 6,TAC Data Centers,Colocation,Giant Springs Rd,Great Falls,59405,Montana,47.529176,-111.194962,https://www.datacentermap.com/usa/montana/great-falls/tac-great-falls-building-6/
14741,TAC Great Falls - Building 19,TAC Data Centers,Colocation,Giant Springs Rd,Great Falls,59405,Montana,47.525849,-111.179277,https://www.datacentermap.com/usa/montana/great-falls/tac-great-falls-building-19/
14729,TAC Great Falls - Building 7,TAC Data Centers,Colocation,Giant Springs Rd,Great Falls,59405,Montana,47.529233,-111.192238,https://www.datacentermap.com/usa/montana/great-falls/tac-great-falls-building-7/
14736,TAC Great Falls - Building 14,TAC Data Centers,Colocation,Giant Springs Rd,Great Falls,59405,Montana,47.528036,-111.179428,https://www.datacentermap.com/usa/montana/great-falls/tac-great-falls-building-14/
14724,TAC Great Falls - Building 2,TAC Data Centers,Colocation,Giant Springs Rd,Great Falls,59405,Montana,47.53252,-111.188532,https://www.datacentermap.com/usa/montana/great-falls/tac-great-falls-building-2/
14730,TAC Great Falls - Building 8,TAC Data Centers,Colocation,Giant Springs Rd,Great Falls,59405,Montana,47.529196,-111.189531,https://www.datacentermap.com/usa/montana/great-falls/tac-great-falls-building-8/
14740,TAC Great Falls - Building 18,TAC Data Centers,Colocation,Giant Springs Rd,Great Falls,59405,Montana,47.525814,-111.182075,https://www.datacentermap.com/usa/montana/great-falls/tac-great-falls-building-18/
14723,TAC Great Falls - Building 1,TAC Data Centers,Colocation,Giant Springs Rd,Great Falls,59405,Montana,47.532459,-111.19018,https://www.datacentermap.com/usa/montana/great-falls/tac-great-falls-building-1/
5466,Opticom Bozeman,Montana Opticom,Colocation,144 Quail Run Rd,Bozeman,59718,Montana,45.6732609,-111.1897119,https://www.datacentermap.com/usa/montana/bozeman/opticom-bozeman/
3613,TierPoint Kansas City - Lenexa,TierPoint,Colocation,14500 W. 15th Street,Lenexa,66215-2014,Kansas,38.9138236,-94.7681948,https://www.datacentermap.com/usa/kansas/kansas-city-ks/cosentry-lenexa/
544,LightEdge - Lenexa,LightEdge,Colocation,17501 W 98th St,Lenexa,66219,Kansas,38.951822,-94.789143,https://www.datacentermap.com/usa/kansas/kansas-city-ks/cavern-technologies/
9592,Netrality - 7801 Nieman,Netrality,Colocation,7801 Nieman Rd,Shawnee,66214,Kansas,38.98658871028876,-94.71239525767145,https://www.datacentermap.com/usa/kansas/kansas-city-ks/netrality-7801-nieman/
5077,DataBank MCI2 - Pine Ridge,DataBank,Colocation,10605 W 84th Terrace,Kansas City,66214,Kansas,38.975208,-94.7090652,https://www.datacentermap.com/usa/kansas/kansas-city-ks/databank-pine-ridge-kc/
5078,DataBank MCI1 - Kansas City - South Lake,DataBank,Colocation,15721 College Boulevard,Kansas City,66219,Kansas,38.9267891,-94.7681432,https://www.datacentermap.com/usa/kansas/kansas-city-ks/databank-south-lake-kc3/
2580,QTS Overland Park 1 DC1,QTS Data Centers,Colocation,12851 Foster St.,Overland Park,66213,Kansas,38.8757775,-94.6707876,https://www.datacentermap.com/usa/kansas/kansas-city-ks/qts-overland-park/
13857,QTS New Century,QTS Data Centers,Colocation,16175 John Glenn Pkwy,New Century,66031,Kansas,38.83608423827297,-94.87405882223942,https://www.datacentermap.com/usa/kansas/kansas-city-ks/qts-new-century/
14138,Red Wolf DCD Properties LLC,Unknown Company,Campus,13000 Parallel Pkwy,Kansas City,66109,Kansas,39.132337,-94.88033899999999,https://www.datacentermap.com/usa/kansas/kansas-city-ks/red-wolf-dcd-properties-llc/
4660,C1 Kansas Data Center,One C1 ,Colocation,17795 W. 106th,Olathe,66061,Kansas,38.9357321,-94.7919983,https://www.datacentermap.com/usa/kansas/kansas-city-ks/aoscloud/
6268,FullControl Network Data Center,"FullControl Network, Inc",Colocation,14400 College blvd,Lenexa,66215,Kansas,38.9279878,-94.7508505,https://www.datacentermap.com/usa/kansas/kansas-city-ks/fullcontrol-network/
14364,3601 N 12th St,PowerTransitions,Colocation,3601 N 12th St,Kansas City,66106,Kansas,39.14984080826389,-94.63792671007782,https://www.datacentermap.com/usa/kansas/kansas-city-ks/3601-n-12th-st/
645,NetStandard Data Center,NetStandard Inc.,Colocation,2000 Merriam Lane,Kansas City,66106,Kansas,39.0496359,-94.6526909,https://www.datacentermap.com/usa/kansas/kansas-city-ks/netstandard/
9662,DataBank MCI3 - South Lake Campus,DataBank,Colocation,11200 Lakeview Ave,Lenexa,66219,Kansas,38.9251695,-94.7702912,https://www.datacentermap.com/usa/kansas/lenexa/databank-mci3-south-lake-campus/
10208,Windstream Lenexa,Windstream,Colocation,7945 Bond St,Lenexa,66214,Kansas,38.9845182,-94.7184721,https://www.datacentermap.com/usa/kansas/lenexa/windstream-lenexa/
3874,UV&S Data Center,UV&S,Colocation,245 N. Waco,Wichita,67202,Kansas,37.689269,-97.343345,https://www.datacentermap.com/usa/kansas/wichita/concergent/
4257,ISG Topeka,ISG Technology,Colocation,400 SE Jefferson,Topeka,66607,Kansas,39.052558,-95.666014,https://www.datacentermap.com/usa/kansas/topeka/isg-topeka/
2444,RACK59,RACK59 Data Center,Colocation,7725 W Reno Avenue,Oklahoma City,73127,Oklahoma,35.46727620284629,-97.64960646629333,https://www.datacentermap.com/usa/oklahoma/oklahoma-city/rack59/
646,TierPoint Oklahoma City #1,TierPoint,Colocation,4121 Perimeter Center Dr.,Oklahoma City,73112,Oklahoma,35.5142296,-97.5965738,https://www.datacentermap.com/usa/oklahoma/oklahoma-city/oklahoma-city-data-center/
647,TierPoint Oklahoma City #2,TierPoint,Colocation,4114 Perimeter Center Place,Oklahoma City,73112,Oklahoma,35.5138998,-97.5950435,https://www.datacentermap.com/usa/oklahoma/oklahoma-city/perimeter-technology-data-center/
8392,ValorC3 Oklahoma City Data Center,ValorC3 Data Centers,Colocation,4442 Newcastle Rd,Oklahoma City,73119,Oklahoma,35.42515106852714,-97.6000587918491,https://www.datacentermap.com/usa/oklahoma/oklahoma-city/edgexdc-okc/
6544,TulsaConnect Oklahoma City (DC-4) ,TulsaConnect,Colocation,701 N Broadway Ave,Oklahoma City,73102,Oklahoma,35.4741737,-97.5146749,https://www.datacentermap.com/usa/oklahoma/oklahoma-city/tulsaconnect-dc4/
3345,MIDCON Recovery Solutions,MIDCON Recovery Solutions,Colocation,13431 N. Broadway Extension,Oklahoma City,73114,Oklahoma,35.606842,-97.500057,https://www.datacentermap.com/usa/oklahoma/oklahoma-city/midcon-recovery-solutions/
13985,Cogent Data Center - Oklahoma City,"Cogent Communications, Inc.",Colocation,630 Southwest 7th Street,Oklahoma City,73109,Oklahoma,35.45751509999999,-97.5239988,https://www.datacentermap.com/usa/oklahoma/oklahoma-city/cogent-data-center-oklahoma-city/
10221,Windstream Oklahoma City,Windstream,Colocation,825 N Broadway Ave,Oklahoma City,73102,Oklahoma,35.475858,-97.51461379999999,https://www.datacentermap.com/usa/oklahoma/oklahoma-city/windstream-oklahoma-city/
14609,Scale Datacenter,Unknown Company,Colocation,512 NW 62nd St,Oklahoma City,73118,Oklahoma,35.5353195,-97.5217825,https://www.datacentermap.com/usa/oklahoma/oklahoma-city/scale-datacenter/
5416,Lumen Oklahoma City 1,Lumen,Colocation,201 Robert S Kerr Blvd,Oklahoma City,73102,Oklahoma,35.470371,-97.516919,https://www.datacentermap.com/usa/oklahoma/oklahoma-city/level3-oklahoma-city1/
648,TierPoint Tulsa - Archer,TierPoint,Colocation,322 E. Archer,Tulsa,74120,Oklahoma,36.15868,-95.989364,https://www.datacentermap.com/usa/oklahoma/tulsa/tulsa-data-center/
9416,TierPoint Tulsa - State Farm,TierPoint,Colocation,12151 E. State Farm Boulevard,Tulsa,74146,Oklahoma,36.0966044,-95.8401436,https://www.datacentermap.com/usa/oklahoma/tulsa/tierpoint-tulsa-state-farm/
8981,Jackson Technical Data Center,Jackson Technical,Colocation,611 S Elgin Ave,Tulsa,74120,Oklahoma,36.15194181396797,-95.98434146935527,https://www.datacentermap.com/usa/oklahoma/tulsa/jackson-technical-data-center/
3331,TulsaConnect East Tulsa (DC-3),TulsaConnect,Colocation,4500 S 129th E Ave,Tulsa,74134,Oklahoma,36.0980567,-95.8398889,https://www.datacentermap.com/usa/oklahoma/tulsa/tulsaconnect-data-center-dc3/
2828,Philcade Data Center,Kanbar Properties,Colocation,501 S Boston Ave,Tulsa,74103,Oklahoma,36.151702,-95.988297,https://www.datacentermap.com/usa/oklahoma/tulsa/philcade-data-center/
6199,CORE Data Center,CORE Data Center,Colocation,27039 S 4440 Rd,Vinita,74301,Oklahoma,36.6257567,-95.0925005,https://www.datacentermap.com/usa/oklahoma/tulsa/core-data-center/
14527,Cherokee Data Center,Hewlett-Packard Enterprise (HPE),Enterprise,7400 N Lakewood Ave,Tulsa,74117,Oklahoma,36.26252432303883,-95.9100903661328,https://www.datacentermap.com/usa/oklahoma/tulsa/cherokee-data-center/
2259,Tulsa Technology Exchange,Facility Gateway Corporation,Colocation,509 S Boston Ave,Tulsa,74103,Oklahoma,36.1515848,-95.9883122,https://www.datacentermap.com/usa/oklahoma/tulsa/tulsa-technology-exchange/
13849,Core Scientific Muskogee,Core Scientific,Colocation,4901 Harold Scoggins Dr,Muskogee,74403,Oklahoma,35.78535393717777,-95.30150992141873,https://www.datacentermap.com/usa/oklahoma/tulsa/core-scientific-muskogee/
10030,Google Mayes County Campus,Google,Campus,4581 Webb St / 3500-4175 Main St,Pryor,74361,Oklahoma,36.2425115,-95.3243402,https://www.datacentermap.com/usa/oklahoma/tulsa/google-mayes-county/
2402,TulsaConnect Downtown  (DC-5),TulsaConnect,Colocation,110 W 7th St,Tulsa,74119,Oklahoma,36.1486027,-95.9906539,https://www.datacentermap.com/usa/oklahoma/tulsa/tulsaconnect-data-center-dc2/
10946,110 West 7th Street,Prescott Group,Building,110 W 7th St,Tulsa,74119,Oklahoma,36.1484854,-95.9906384,https://www.datacentermap.com/usa/oklahoma/tulsa/110-west-7th-street/
10222,Windstream Tulsa,Windstream,Colocation,110 W 7th St,Tulsa,74119,Oklahoma,36.1484854,-95.9906384,https://www.datacentermap.com/usa/oklahoma/tulsa/windstream-tulsa/
13458,Google Mayes County - Building 4,Google,Hyperscaler,4175 Main St,Pryor,74361,Oklahoma,36.24144269194195,-95.3224127373114,https://www.datacentermap.com/usa/oklahoma/tulsa/google-mayes-county-building-4/
13461,Google Mayes County - Building 7,Google,Hyperscaler,West 530 & Lyons,Pryor,74361,Oklahoma,36.24728540378634,-95.32403026647509,https://www.datacentermap.com/usa/oklahoma/tulsa/google-mayes-county-building-7/
13460,Google Mayes County - Building 6,Google,Hyperscaler,West 530 & Lyons,Pryor,74361,Oklahoma,36.24732669458319,-95.32109910846249,https://www.datacentermap.com/usa/oklahoma/tulsa/google-mayes-county-building-6/
13459,Google Mayes County - Building 5,Google,Hyperscaler,3581 Main St,Pryor,74361,Oklahoma,36.24147259172317,-95.32021489745102,https://www.datacentermap.com/usa/oklahoma/tulsa/google-mayes-county-building-5/
13455,Google Mayes County - Building 1,Google,Hyperscaler,4581 Webb St,Pryor,74361,Oklahoma,36.24132582154591,-95.33000562958999,https://www.datacentermap.com/usa/oklahoma/tulsa/google-mayes-county-building-1/
13456,Google Mayes County - Building 2,Google,Hyperscaler,3500 Main St,Pryor,74361,Oklahoma,36.24506599132555,-95.32500305251986,https://www.datacentermap.com/usa/oklahoma/tulsa/google-mayes-county-building-2/
13462,Google Mayes County - Building 8,Google,Hyperscaler,West 530 & Webb St,Pryor,74361,Oklahoma,36.24728540378634,-95.32720462100399,https://www.datacentermap.com/usa/oklahoma/tulsa/google-mayes-county-building-8/
13457,Google Mayes County - Building 3,Google,Hyperscaler,4175 Main St,Pryor,74361,Oklahoma,36.24150718503331,-95.32364813090072,https://www.datacentermap.com/usa/oklahoma/tulsa/google-mayes-county-building-3/
577,Isocentric Networks Data Center,isocentric networks inc.,Colocation,100 W Fifth St,Tulsa,74103,Oklahoma,36.1505846,-95.991728,https://www.datacentermap.com/usa/oklahoma/tulsa/isocentric-networks/
14525,Project Clydesbank,Unknown Company,Campus,N Sheridan Rd & N 65th E Ave,Owasso,74055,Oklahoma,36.27108904049102,-95.90955403179717,https://www.datacentermap.com/usa/oklahoma/tulsa/project-clydesbank/
5483,Lumen Tulsa 1,Lumen,Colocation,18 W. Archer Street,Tulsa,74103,Oklahoma,36.1572487,-95.9933479,https://www.datacentermap.com/usa/oklahoma/tulsa/level3-tulsa1/
13758,Google Stillwater Campus,Google,Campus,N Perkins Rd & E Richmond Rd,Stillwater,74075,Oklahoma,36.16673559205166,-97.0430112371865,https://www.datacentermap.com/usa/oklahoma/stillwater/google-stillwater-campus/
8641,CENTRA Portland (PWM01),CENTRA,Colocation,340 Cumberland Ave,Portland,04101,Maine,43.657789,-70.2612024,https://www.datacentermap.com/usa/maine/portland-mn/cadc-portland/
11790,FirstLight Portland,FirstLight Fiber,Colocation,340 Cumberland Ave,Portland,04101,Maine,43.6577998,-70.261218,https://www.datacentermap.com/usa/maine/portland-mn/firstlight-portland/
11789,FirstLight Bangor,FirstLight Fiber,Colocation,60 Summer St,Bangor,04401,Maine,44.7959909,-68.7723439,https://www.datacentermap.com/usa/maine/bangor/firstlight-bangor/
3917,FirstLight Brunswick,FirstLight Fiber,Colocation,14 Resilient Circle,Brunswick,04011,Maine,43.8962611,-69.9237406,https://www.datacentermap.com/usa/maine/brunswick/oxford-networks-data-center/
3316,EnablesIT Data Center,EnablesIT,Colocation,4 Industrial Parkway,Brunswick,04011,Maine,43.9073683,-69.9969657,https://www.datacentermap.com/usa/maine/brunswick/nexus-management/
11448,Nautilus East Millinocket,Nautilus Data Technologies,Colocation,51 Main St,East Millinocket,04430,Maine,45.62311608273001,-68.57445529479483,https://www.datacentermap.com/usa/maine/millinocket/nautilus-east-millinocket/
2662,Pioneer Broadband DataCenter,Pioneer Broadband,Colocation,480 Main St,Presque Isle,04769,Maine,46.6816923,-68.0153441,https://www.datacentermap.com/usa/maine/northern-maine/pioneer-broadband-datacenter/
11644,Citynet Charleston,"Citynet, LLC",Colocation,226 Kanawha Blvd,Charleston,25302,West Virginia,38.35839581448315,-81.64901670643285,https://www.datacentermap.com/usa/west-virginia/charleston-wv/citynet-charleston/
6647,Pinnacle Technical Solutions Data Center,Pinnacle Technical Solutions,Colocation,4300 1st Ave.,Nitro,25143,West Virginia,38.4429661,-81.8304996,https://www.datacentermap.com/usa/west-virginia/charleston-wv/pinnacle-technical/
12489,Alpha Technologies Global Data Center,Alpha Technologies,Colocation,2020 Union Carbide Dr,South Charleston,25303,West Virginia,38.3531328,-81.6962176,https://www.datacentermap.com/usa/west-virginia/charleston-wv/alpha-technologies-global-data-center/
5090,Reliable Hosting Services,Reliable Hosting Services,Colocation,303 N Washington St,Berkeley Springs,25411,West Virginia,39.63092,-78.22521,https://www.datacentermap.com/usa/west-virginia/berkeley-springs/reliable-hosting/
11643,Citynet Morgantown,"Citynet, LLC",Colocation,3600 University Ave,Star City,26505,West Virginia,39.65976595957245,-79.99023425767129,https://www.datacentermap.com/usa/west-virginia/morgantown/citynet-morgantown/
14813,Ridgeline Facility,Unknown Company,Colocation,Synergy Hwy,Davis,26260,West Virginia,39.15364,-79.46641,https://www.datacentermap.com/usa/west-virginia/parsons/ridgeline-facility/
11311,GCI Anchorage,GCI Communication,Colocation,6831 Arctic Blvd,Anchorage,99518,Alaska,61.15843432110262,-149.8904796210693,https://www.datacentermap.com/usa/alaska/anchorage/gci-anchorage/
14611,Anchorage DC5 ,Alasconnect,Colocation,3403 Minnesota Drive,Anchorage,99503,Alaska,61.1888889,-149.9122978,https://www.datacentermap.com/usa/alaska/anchorage/anchorage-dc5/
14612,Fairbanks DC1,Alasconnect,Colocation,612 Illinois St,Fairbanks,99701,Alaska,64.8516133,-147.7196396,https://www.datacentermap.com/usa/alaska/fairbanks/fairbanks-dc1/
11758,Prudhoe Bay Data Center,"Far North Digital, LLC",Colocation,TBA - To Be Announced,Prudhoe Bay,99734,Alaska,70.2269426635253,-148.4006144429898,https://www.datacentermap.com/usa/alaska/prudhoe-bay/prudhoe-bay-data-center/
8843,Midco Fargo,Midco,Colocation,4624 28th Ave S,Fargo,58104,North Dakota,46.8365002,-96.8658885,https://www.datacentermap.com/usa/north-dakota/fargo/midco-fargo1/
11157,DCN Fargo Great Plains,Dakota Carrier Network,Colocation,3901 Great Plains Dr S,Fargo,58104,North Dakota,46.8149813,-96.8444693,https://www.datacentermap.com/usa/north-dakota/fargo/dcn-fargo-great-plains/
7571,702 Data Center,702 Communications,Colocation,2911 Fiechtner Dr S,Fargo,58103,North Dakota,46.8646945,-96.8317196,https://www.datacentermap.com/usa/north-dakota/fargo/702-data-center/
11142,Consolidated Fargo,Consolidated Communications,Colocation,3312 42nd Street South,Fargo,58104,North Dakota,46.8314641,-96.8493182,https://www.datacentermap.com/usa/north-dakota/fargo/consolidated-fargo/
11158,DCN Bismarck Coleman,Dakota Carrier Network,Colocation,4202 Coleman St,Bismarck,58503,North Dakota,46.8517727,-100.7818499,https://www.datacentermap.com/usa/north-dakota/bismarck/dcn-bismarck-coleman/
13999,Project Fighting Pike - Building 6,"Critical Data House, LLC ",Colocation,US-2 & 56th St NW,Williston,58801,North Dakota,48.229921,-103.637064,https://www.datacentermap.com/usa/north-dakota/williston/project-fighting-pike-building-6/
14000,Project Fighting Pike - Building 7,"Critical Data House, LLC ",Colocation,US-2 & 56th St NW,Williston,58801,North Dakota,48.228079,-103.633995,https://www.datacentermap.com/usa/north-dakota/williston/project-fighting-pike-building-7/
13996,Project Fighting Pike - Building 3,"Critical Data House, LLC ",Colocation,US-2 & 56th St NW,Williston,58801,North Dakota,48.232186,-103.633628,https://www.datacentermap.com/usa/north-dakota/williston/project-fighting-pike-building-3/
13995,Project Fighting Pike - Building 2,"Critical Data House, LLC ",Colocation,US-2 & 56th St NW,Williston,58801,North Dakota,48.231396,-103.628896,https://www.datacentermap.com/usa/north-dakota/williston/project-fighting-pike-building-2/
13997,Project Fighting Pike - Building 4,"Critical Data House, LLC ",Colocation,US-2 & 56th St NW,Williston,58801,North Dakota,48.23322,-103.631876,https://www.datacentermap.com/usa/north-dakota/williston/project-fighting-pike-building-4/
13994,Project Fighting Pike - Building 1,"Critical Data House, LLC ",Colocation,US-2 & 56th St NW,Williston,58801,North Dakota,48.229723,-103.631527,https://www.datacentermap.com/usa/north-dakota/williston/project-fighting-pike-building-1/
13998,Project Fighting Pike - Building 5,"Critical Data House, LLC ",Colocation,US-2 & 56th St NW,Williston,58801,North Dakota,48.235489,-103.628349,https://www.datacentermap.com/usa/north-dakota/williston/project-fighting-pike-building-5/
13993,Project Fighting Pike,"Critical Data House, LLC ",Campus,US-2 & 56th St NW,Williston,58801,North Dakota,48.231163,-103.631409,https://www.datacentermap.com/usa/north-dakota/williston/project-fighting-pike/
14490,Applied Digital ELN02,Applied Digital Corporation,Colocation,9685 87th Ave SE,Ellendale,58436,North Dakota,46.01508743227318,-98.57242579313194,https://www.datacentermap.com/usa/north-dakota/ellendale/applied-digital-eln02/
14489,Applied Digital ELN01,Applied Digital Corporation,Colocation,9685 87th Ave SE,Ellendale,58436,North Dakota,46.01289180245313,-98.57286856312295,https://www.datacentermap.com/usa/north-dakota/ellendale/applied-digital-eln1/
12651,Applied Digital Ellendale,Applied Digital Corporation,Campus,9685 87th Ave SE,Ellendale,58436,North Dakota,46.01508479946312,-98.57233254208022,https://www.datacentermap.com/usa/north-dakota/ellendale/applied-digital-eln-datacenter/
11189,Midco Grand Forks,Midco,Colocation,3251 32nd Ave S,Grand Forks,58201,North Dakota,47.88888044733152,-97.07616115094062,https://www.datacentermap.com/usa/north-dakota/grand-forks/midco-grand-forks/
11617,Core Scientific Grand Forks,Core Scientific,Colocation,5601 11th Ave S,Grand Forks,58201,North Dakota,47.90964296602304,-97.11151765887791,https://www.datacentermap.com/usa/north-dakota/grand-forks/core-scientific-grand-forks/
14491,Applied Digital JMS,Applied Digital Corporation,Colocation,2671 Highway 20 SE,Jamestown,58401,North Dakota,47.02660101932798,-98.68044492618182,https://www.datacentermap.com/usa/north-dakota/jamestown/applied-digital-jms/
14638,Bitzero Nekoma,Bitzero Blockchain Inc.,Colocation,81st St NE,Nekoma,58355,North Dakota,48.58944709686995,-98.35668459224368,https://www.datacentermap.com/usa/north-dakota/langdon/bitzero-nekoma/
3482,"DartPoints Charleston, SC - CHS01",DartPoints,Colocation,8480 Palmetto Commerce Parkway,North Charleston,29456,South Carolina,32.9664769,-80.1109129,https://www.datacentermap.com/usa/south-carolina/charleston/immedion-palmetto/
10076,DC BLOX Charleston West,DC BLOX Inc.,Colocation,Camp Hall Industrial Park,Ridgeville,29472,South Carolina,33.1322713,-80.26690649999999,https://www.datacentermap.com/usa/south-carolina/charleston/dc-blox-charleston-west/
3804,Elink Datacenter,elink corp,Colocation,3227 Walter Drive,Johns Island,29455,South Carolina,32.73063151069019,-80.05915939807892,https://www.datacentermap.com/usa/south-carolina/charleston/elink-mc-datacenter/
10022,Google Berkeley County Campus,Google,Campus,1669 Garrott Ave,Moncks Corner,29461,South Carolina,33.0637444,-80.0422667,https://www.datacentermap.com/usa/south-carolina/charleston/google-berkeley-county/
13484,Google Berkeley County - Building 10,Google,Hyperscaler,1669 Garrott Ave,Moncks Corner,29461,South Carolina,33.06645333697374,-80.03836712844709,https://www.datacentermap.com/usa/south-carolina/charleston/google-berkeley-county-building-10/
13482,Google Berkeley County - Building 8,Google,Hyperscaler,1669 Garrott Ave,Moncks Corner,29461,South Carolina,33.06215289201604,-80.0396299032243,https://www.datacentermap.com/usa/south-carolina/charleston/google-berkeley-county-building-8/
13477,Google Berkeley County - Building 3,Google,Hyperscaler,1669 Garrott Ave,Moncks Corner,29461,South Carolina,33.06425664656706,-80.0414398081005,https://www.datacentermap.com/usa/south-carolina/charleston/google-berkeley-county-building-3/
12041,Google Project Dawson,Google,Hyperscaler,1055 Research Center Dr,Ridgeville,29472,South Carolina,32.96223026873817,-80.30771548313285,https://www.datacentermap.com/usa/south-carolina/charleston/google-project-dawson/
13476,Google Berkeley County - Building 2,Google,Hyperscaler,1669 Garrott Ave,Moncks Corner,29461,South Carolina,33.0641324529701,-80.04356197197215,https://www.datacentermap.com/usa/south-carolina/charleston/google-berkeley-county-building-2/
13481,Google Berkeley County - Building 7,Google,Hyperscaler,1669 Garrott Ave,Moncks Corner,29461,South Carolina,33.06202869524384,-80.04101177734057,https://www.datacentermap.com/usa/south-carolina/charleston/google-berkeley-county-building-7/
13475,Google Berkeley County - Building 1,Google,Hyperscaler,1669 Garrott Ave,Moncks Corner,29461,South Carolina,33.06445782780388,-80.04613012017927,https://www.datacentermap.com/usa/south-carolina/charleston/google-berkeley-county-building-1/
13480,Google Berkeley County - Building 6,Google,Hyperscaler,1669 Garrott Ave,Moncks Corner,29461,South Carolina,33.06190883544011,-80.04384902252706,https://www.datacentermap.com/usa/south-carolina/charleston/google-berkeley-county-building-6/
13478,Google Berkeley County - Building 4,Google,Hyperscaler,1669 Garrott Ave,Moncks Corner,29461,South Carolina,33.06430272947466,-80.03842412027537,https://www.datacentermap.com/usa/south-carolina/charleston/google-berkeley-county-building-4/
13479,Google Berkeley County - Building 5,Google,Hyperscaler,1669 Garrott Ave,Moncks Corner,29461,South Carolina,33.06190152953921,-80.04621794813461,https://www.datacentermap.com/usa/south-carolina/charleston/google-berkeley-county-building-5/
13483,Google Berkeley County - Building 9,Google,Hyperscaler,1669 Garrott Ave,Moncks Corner,29461,South Carolina,33.06199834849474,-80.03833385979473,https://www.datacentermap.com/usa/south-carolina/charleston/google-berkeley-county-building-9/
1912,"DartPoints Greenville, SC - GSP01",DartPoints,Colocation,78 Global Drive,Greenville,29607,South Carolina,34.8079545,-82.3445036,https://www.datacentermap.com/usa/south-carolina/greenville/immedion/
8636,DC BLOX Greenville,DC BLOX Inc.,Colocation,33 Global Drive,Greenville,29607,South Carolina,36.45663572314526,-111.621094,https://www.datacentermap.com/usa/south-carolina/greenville/dcblox-gsp1/
7274,"DartPoints Spartanburg, SC - SPA01",DartPoints,Colocation,5700 N Blackstock Rd,Spartanburg,29303,South Carolina,34.9507009,-81.9447294,https://www.datacentermap.com/usa/south-carolina/spartanburg/immedion-greenville/
5471,Lumen Spartanburg 1,Lumen,Colocation,145 North Church Street,Spartanburg,29306,South Carolina,34.9510212,-81.9320416,https://www.datacentermap.com/usa/south-carolina/spartanburg/level3-spartanburg1/
2959,"DartPoints Columbia, SC - CAE01",DartPoints,Colocation,1000 Catawba Street,Columbia,29201,South Carolina,33.987031,-81.030436,https://www.datacentermap.com/usa/south-carolina/columbia-sc/immedion1/
13690,ATOS Blythewood Data Center,Atos Group,Colocation,10309 Wilson Blvd,Blythewood,29016,South Carolina,34.1760877,-80.9725961,https://www.datacentermap.com/usa/south-carolina/columbia-sc/atos-blythewood-data-center/
1383,Lumen Columbia,Lumen,Colocation,1401 Main St,Columbia,29203,South Carolina,34.00396,-81.034727,https://www.datacentermap.com/usa/south-carolina/columbia-sc/twtc-columbia/
2698,Segra Columbia,Segra,Colocation,1500 Hampton St,Columbia,29201,South Carolina,34.006601,-81.029754,https://www.datacentermap.com/usa/south-carolina/columbia-sc/spirit-telecom/
8890,ArmorRack Data Center,"Technology Solutions of SC, Inc.",Colocation,"301 Bypass, US-123",Seneca,29678,South Carolina,34.697807,-82.9432303,https://www.datacentermap.com/usa/south-carolina/seneca/technology-solutions/
12142,Meta Aiken Data Center,Meta,Hyperscaler,Sage Mill Pkwy,Graniteville,29829,South Carolina,33.6286,-81.837769,https://www.datacentermap.com/usa/south-carolina/aiken/meta-aiken/
11764,QTS York I,QTS Data Centers,Colocation,2107 Hands Mill Hwy,York,29745,South Carolina,35.034176,-81.1045008,https://www.datacentermap.com/usa/south-carolina/rock-hill/qts-york-i/
11765,QTS York II,QTS Data Centers,Colocation,5805 Campbell Rd,York,29745,South Carolina,35.037748,-81.10962599999999,https://www.datacentermap.com/usa/south-carolina/rock-hill/qts-york-ii/
10861,DC BLOX Myrtle Beach,DC BLOX Inc.,Colocation,1401 Howard Ave,Myrtle Beach,29577,South Carolina,33.6747929,-78.9425936,https://www.datacentermap.com/usa/south-carolina/myrtle-beach/dc-blox-myrtle-beach/
1837,TierPoint Sioux Falls East,TierPoint,Colocation,700 E. 54th St. North,Sioux Falls,57104,South Dakota,43.5946792,-96.7184527,https://www.datacentermap.com/usa/south-dakota/sioux-falls/cosentry1/
3506,TierPoint Sioux Falls West,TierPoint,Colocation,5300 N La Mesa Drive,Sioux Falls,57107,South Dakota,43.6007849,-96.810909,https://www.datacentermap.com/usa/south-dakota/sioux-falls/cosentry-la-mesa/
8835,Midco Sioux Falls,Midco,Colocation,5401 S Solberg Ave,Sioux Falls,57108,South Dakota,43.4966172,-96.7859594,https://www.datacentermap.com/usa/south-dakota/sioux-falls/solberg/
11188,Midco Yankton,Midco,Colocation,2106 W City Limits Rd,Yankton,57078,South Dakota,42.892008,-97.416499,https://www.datacentermap.com/usa/south-dakota/sioux-falls/midco-yankton/
14488,Applied Digital Toronto,Applied Digital Corporation,Campus,TBA - To Be Announced,Toronto,57268,South Dakota,44.57302019999999,-96.6425536,https://www.datacentermap.com/usa/south-dakota/clear-lake/applied-digital-toronto/
625,Lunavi Cheyenne,Lunavi,Colocation,340 Progress Circle,Cheyenne,82007,Wyoming,41.12952238523052,-104.7408521175385,https://www.datacentermap.com/usa/wyoming/cheyenne/green-house-data/
10356,Cogent Data Center - Cheyenne,"Cogent Communications, Inc.",Colocation,114 W 10th St,Cheyenne,82007,Wyoming,41.1279554,-104.8116312,https://www.datacentermap.com/usa/wyoming/cheyenne/cogent-data-center-cheyenne/
5531,Green House Data,1547 Critical Systems Realty,Colocation,340 Progress Circle,Cheyenne,82007,Wyoming,41.129494,-104.7405529,https://www.datacentermap.com/usa/wyoming/cheyenne/green-house-data1/
10040,Microsoft Cheyenne,Microsoft,Hyperscaler,644 Logistics Dr,Cheyenne,82009,Wyoming,41.1262268,-104.9018673,https://www.datacentermap.com/usa/wyoming/cheyenne/microsoft-cheyenne/
11848,MWTN - Cheyenne,Mountain West Technology Network,Colocation,6101 Yellowstone Rd,Cheyenne,82009,Wyoming,41.1757664,-104.8278541,https://www.datacentermap.com/usa/wyoming/cheyenne/mwtn-cheyenne/
10150,Microsoft Cheyenne Business Parkway,Microsoft,Hyperscaler,Commerce Cir,Cheyenne,82007,Wyoming,41.1414062,-104.7166953,https://www.datacentermap.com/usa/wyoming/cheyenne/microsoft-cheyenne-business-parkway/
10151,Microsoft Bison Business Park,Microsoft,Hyperscaler,No exact address available,Cheyenne,82007,Wyoming,41.06245236866238,-104.7937807668115,https://www.datacentermap.com/usa/wyoming/cheyenne/microsoft-bison-business-park/
11757,Meta Cheyenne,Meta,Hyperscaler,TBA - To Be Announced,South Greeley,82007,Wyoming,41.0627927,-104.7859182,https://www.datacentermap.com/usa/wyoming/cheyenne/meta-cheyenne/
14447,CleanSpark Cheyenne 1,CleanSpark,Enterprise,9010 Venture Dr,Cheyenne,82001,Wyoming,41.14443519089782,-104.6950785595271,https://www.datacentermap.com/usa/wyoming/cheyenne/cleanspark-cheyenne-1/
14448,CleanSpark Cheyenne 2,CleanSpark,Enterprise,635 Logistics Dr,Cheyenne,82001,Wyoming,41.125457,-104.8954526,https://www.datacentermap.com/usa/wyoming/cheyenne/cleanspark-cheyenne-2/
2679,MWTN - NOC of the Rockies,Mountain West Technology Network,Colocation,123 W. 1st Street,Casper,82601,Wyoming,42.8500909,-106.3254701,https://www.datacentermap.com/usa/wyoming/casper/mwtn-noc-of-the-rocckies/
10640,WY-1,Prometheus Hyperscale,Colocation,8936 County Road 180,Evanston,82930,Wyoming,41.2296555,-110.7602093,https://www.datacentermap.com/usa/wyoming/evanston/wy-1/
4723,Silver Star Communications,Silver Star Communications,Colocation,455 E 1st Ave,Afton,83110,Wyoming,42.7314207,-110.9239353,https://www.datacentermap.com/usa/wyoming/afton/silver-star-communications/
9589,"DartPoints Baton Rouge, LA 2 - BTR02",DartPoints,Colocation,7139 Florida Blvd,Baton Rouge,70806,Louisiana,30.4522872,-91.1155706,https://www.datacentermap.com/usa/louisiana/baton-rouge/dartpoints-baton-rouge/
9588,"DartPoints Baton Rouge, LA 1 - BTR01",DartPoints,Colocation,7127 Florida Blvd,Baton Rouge,70806,Louisiana,30.4537793,-91.1159194,https://www.datacentermap.com/usa/louisiana/baton-rouge/dartpoints-baton-rouge-1/
2897,Lockstep Technology Group Data Center,Lockstep Technology Group,Colocation,6867 Bluebonnet Blvd.,Baton Rouge,70810,Louisiana,30.387342,-91.092453,https://www.datacentermap.com/usa/louisiana/baton-rouge/nasplex/
5291,Lumen Baton Rouge 2,Lumen,Colocation,9826 Burbank Drive,Louisana,70810,Louisiana,30.3572892,-91.1176267,https://www.datacentermap.com/usa/louisiana/baton-rouge/level3-baton-rouge2/
9590,"DartPoints Shreveport, LA - SHV01",DartPoints,Colocation,601 Milam St,Shreveport,71101,Louisiana,32.510911,-93.7500758,https://www.datacentermap.com/usa/louisiana/shreveport/dartpoints-shreveport/
12731,Meta Richland Parish,Meta,Hyperscaler,LA-183 & Thomas Rd,Rayville,71269,Louisiana,32.49629755026576,-91.62275575356473,https://www.datacentermap.com/usa/louisiana/shreveport/meta-richland-parish/
2257,Scroggin Networks Monroe,Bayou Internet,Colocation,1109 Hudson Lane,Monroe,71201,Louisiana,32.5156661,-92.1134716,https://www.datacentermap.com/usa/louisiana/monroe/monroe/
3435,Cogent Data Center - New Orleans,"Cogent Communications, Inc.",Colocation,650 Poydras St.,New Orleans,70130,Louisiana,29.949111,-90.070065,https://www.datacentermap.com/usa/louisiana/new-orleans/cogent-new-orleans/
6249,EdgeConneX Slidell - EDCSLI01,EdgeConneX,Colocation,2070 Gause Blvd E,Slidell,70461,Louisiana,30.2871413,-89.737401,https://www.datacentermap.com/usa/louisiana/new-orleans/edgeconnex-edcsli01/
3266,FOGO Solutions - New Orleans,FOGO Solutions,Colocation,935 Gravier St,New Orleans,70112,Louisiana,29.952813,-90.073366,https://www.datacentermap.com/usa/louisiana/new-orleans/new-orleans-region/
9505,Lumen New Orleans 2,Lumen,Colocation,1250 Poydras St,New Orleans,70113,Louisiana,29.9507683,-90.0767572,https://www.datacentermap.com/usa/louisiana/new-orleans/lumen-new-orleans-2/
5393,Lumen New Orleans 1,Lumen,Colocation,639 Loyola,New Orleans,70113,Louisiana,29.9489449,-90.0768393,https://www.datacentermap.com/usa/louisiana/new-orleans/level3-new-orleans1/
5379,Lumen Metairie,Lumen,Colocation,3220 Lausat Street,Metairie,70001,Louisiana,29.9725494,-90.158026,https://www.datacentermap.com/usa/louisiana/new-orleans/level3-metairie/
4259,CyrusOne NYM5 - Norwalk,CyrusOne Data Centers,Colocation,6 Norden Place,Norwalk,06854,Connecticut,41.1130744,-73.388657,https://www.datacentermap.com/usa/connecticut/norwalk/connecticut-2-data-center/
3374,CyrusOne NYM10 - Stamford,CyrusOne Data Centers,Colocation,10 Riverbend Drive South,Stamford,06902,Connecticut,41.0842163,-73.5179974,https://www.datacentermap.com/usa/connecticut/stamford/stamford-data-center/
4898,amnet Data Center,Amnet Technology Solutions,Colocation,26 Fahey St,Stamford,06907,Connecticut,41.091692,-73.5167687,https://www.datacentermap.com/usa/connecticut/stamford/amnet-technology-solutions/
11648,Crown Castle Stamford 2,CROWN CASTLE,Colocation,5 Landmark Square,Stamford,06901,Connecticut,41.0542655,-73.53758750000001,https://www.datacentermap.com/usa/connecticut/stamford/crown-castle-stamford/
1724,Crown Castle Stamford 1,CROWN CASTLE,Colocation,1351 Washington Blvd,Stamford,6902,Connecticut,41.0579959,-73.5432917,https://www.datacentermap.com/usa/connecticut/stamford/fibertech-stamford/
1442,Lumen Stamford,Lumen,Colocation,21 Harborview Ave,Stamford,06902,Connecticut,41.04893,-73.530274,https://www.datacentermap.com/usa/connecticut/stamford/level3-stamford/
2288,SteelVault OX-1,SteelVault Data Centers,Colocation,66 Hawley Rd,Oxford,06478,Connecticut,41.4668938,-73.1541821,https://www.datacentermap.com/usa/connecticut/oxford/steelvault-ox-1/
11562,Gotspace Norwich Campus,Gotspace Data Partners,Campus,334-388 Plain Hill Rd,Norwich,06360,Connecticut,41.586958,-72.104524,https://www.datacentermap.com/usa/connecticut/norwich/gotspace-norwich-campus/
11570,Gotspace Bozrah Campus,Gotspace Data Partners,Campus,Bozrah St,Bozrah,06334,Connecticut,41.560325,-72.173142,https://www.datacentermap.com/usa/connecticut/norwich/gotspace-bozrah-campus/
11566,Gotspace Griswold 1 Campus,Gotspace Data Partners,Campus,29 Barber Rd,Griswold,06351,Connecticut,41.5859835,-71.97401479999999,https://www.datacentermap.com/usa/connecticut/norwich/gotspace-griswold-1-campus/
6215,FreeClix Data Centre,FreeClix Ltd,Colocation,28 Castle Meadow,Norwich,NR1 3DS,Norfolk,52.629473,1.2969969,https://www.datacentermap.com/united-kingdom/norwich/freeclix-data-centre/
11569,Gotspace Griswold 1 - Building 3,Gotspace Data Partners,Colocation,29 Barber Rd,Griswold,06351,Connecticut,41.58621,-71.970919,https://www.datacentermap.com/usa/connecticut/norwich/gotspace-griswold-1-building-3/
11568,Gotspace Griswold 1 - Building 2,Gotspace Data Partners,Colocation,29 Barber Rd,Griswold,06351,Connecticut,41.585813,-71.972422,https://www.datacentermap.com/usa/connecticut/norwich/gotspace-griswold-1-building-2/
11567,Gotspace Griswold 1 - Building 1,Gotspace Data Partners,Colocation,29 Barber Rd,Griswold,06351,Connecticut,41.585652,-71.973595,https://www.datacentermap.com/usa/connecticut/norwich/gotspace-griswold-1-building-1/
11565,Gotspace Norwich - Building 3,Gotspace Data Partners,Colocation,388 Plain Hill Rd,Norwich,06360,Connecticut,41.588389,-72.104232,https://www.datacentermap.com/usa/connecticut/norwich/gotspace-norwich-building-3/
11563,Gotspace Norwich - Building 1,Gotspace Data Partners,Colocation,334 Plain Hill Rd,Norwich,06360,Connecticut,41.584068,-72.106362,https://www.datacentermap.com/usa/connecticut/norwich/gotspace-norwich-building-1/
11573,Gotspace Bozrah - Building 3,Gotspace Data Partners,Colocation,Bozrah St,Bozrah,06334,Connecticut,41.559535,-72.169999,https://www.datacentermap.com/usa/connecticut/norwich/gotspace-bozrah-building-3/
11571,Gotspace Bozrah - Building 1,Gotspace Data Partners,Colocation,Bozrah St,Bozrah,06334,Connecticut,41.558159,-72.173531,https://www.datacentermap.com/usa/connecticut/norwich/gotspace-bozrah-building-1/
11564,Gotspace Norwich - Building 2,Gotspace Data Partners,Colocation,368 Plain Hill Rd,Norwich,06360,Connecticut,41.586958,-72.104524,https://www.datacentermap.com/usa/connecticut/norwich/gotspace-norwich-building-2/
11572,Gotspace Bozrah - Building 2,Gotspace Data Partners,Colocation,Bozrah St,Bozrah,06334,Connecticut,41.560325,-72.173142,https://www.datacentermap.com/usa/connecticut/norwich/gotspace-bozrah-building-2/
11587,Gotspace Griswold 2 Campus,Gotspace Data Partners,Campus, Bishop Crossing Rd / Polinsky Rd,Griswold,06351,Connecticut,41.621337,-71.944467,https://www.datacentermap.com/usa/connecticut/norwich/gotspace-griswold-2-campus/
11589,Gotspace Griswold 2 - Building 2,Gotspace Data Partners,Colocation,Polinsky Dr,Griswold,06351,Connecticut,41.627531,-71.937034,https://www.datacentermap.com/usa/connecticut/norwich/gotspace-griswold-2-building-2/
11590,Gotspace Griswold 2 - Building 3,Gotspace Data Partners,Colocation,Polinsky Dr,Griswold,06351,Connecticut,41.621121,-71.941383,https://www.datacentermap.com/usa/connecticut/norwich/gotspace-griswold-2-building-3/
11594,Gotspace Griswold 2 - Building 7,Gotspace Data Partners,Colocation,Bishop Crossing Rd,Griswold,06351,Connecticut,41.618063,-71.950977,https://www.datacentermap.com/usa/connecticut/norwich/gotspace-griswold-2-building-7/
11593,Gotspace Griswold 2 - Building 6,Gotspace Data Partners,Colocation,Bishop Crossing Rd,Griswold,06351,Connecticut,41.619506,-71.950015,https://www.datacentermap.com/usa/connecticut/norwich/gotspace-griswold-2-building-6/
11591,Gotspace Griswold 2 - Building 4,Gotspace Data Partners,Colocation,Bishop Crossing Rd,Griswold,06351,Connecticut,41.625581,-71.945449,https://www.datacentermap.com/usa/connecticut/norwich/gotspace-griswold-2-building-4/
11592,Gotspace Griswold 2 - Building 5,Gotspace Data Partners,Colocation,Bishop Crossing Rd,Griswold,06351,Connecticut,41.621647,-71.948987,https://www.datacentermap.com/usa/connecticut/norwich/gotspace-griswold-2-building-5/
11588,Gotspace Griswold 2 - Building 1,Gotspace Data Partners,Colocation,Polinsky Dr,Griswold,06351,Connecticut,41.62585,-71.93781,https://www.datacentermap.com/usa/connecticut/norwich/gotspace-griswold-2-building-1/
11574,Gotspace Wallingford 1 Campus,Gotspace Data Partners,Campus,775-965 Northrop Rd,Wallingford,06492,Connecticut,41.4864254,-72.7732151,https://www.datacentermap.com/usa/connecticut/wallingford/gotspace-wallingford-1-campus/
11580,Gotspace Wallingford 2 - Building 2,Gotspace Data Partners,Colocation,Tankwood Rd,Wallingford,06492,Connecticut,41.499535,-72.793675,https://www.datacentermap.com/usa/connecticut/wallingford/gotspace-wallingford-2-building-2/
11582,Gotspace Wallingford 2 - Building 4,Gotspace Data Partners,Colocation,Barnes Industrial Rd S,Wallingford,06492,Connecticut,41.496162,-72.783926,https://www.datacentermap.com/usa/connecticut/wallingford/gotspace-wallingford-2-building-4/
11584,Gotspace Wallingford 2 - Building 6,Gotspace Data Partners,Colocation,Barnes Industrial Rd S,Wallingford,06492,Connecticut,41.493189,-72.785564,https://www.datacentermap.com/usa/connecticut/wallingford/gotspace-wallingford-2-building-6/
11575,Gotspace Wallingford 1 - Building 1,Gotspace Data Partners,Colocation,775 Northrop Rd,Wallingford,06492,Connecticut,41.484841,-72.772322,https://www.datacentermap.com/usa/connecticut/wallingford/gotspace-wallingford-1-building-1/
11581,Gotspace Wallingford 2 - Building 3,Gotspace Data Partners,Colocation,Tankwood Rd,Wallingford,06492,Connecticut,41.49811,-72.786562,https://www.datacentermap.com/usa/connecticut/wallingford/gotspace-wallingford-2-building-3/
11583,Gotspace Wallingford 2 - Building 5,Gotspace Data Partners,Colocation,Barnes Industrial Rd S,Wallingford,06492,Connecticut,41.49646,-72.78774,https://www.datacentermap.com/usa/connecticut/wallingford/gotspace-wallingford-2-building-5/
11585,Gotspace Wallingford 2 - Building 7,Gotspace Data Partners,Colocation,Barnes Industrial Rd S,Wallingford,06492,Connecticut,41.492686,-72.78807,https://www.datacentermap.com/usa/connecticut/wallingford/gotspace-wallingford-2-building-7/
11576,Gotspace Wallingford 1 - Building 2,Gotspace Data Partners,Colocation,961 Northrop Rd,Wallingford,06492,Connecticut,41.488066,-72.77259,https://www.datacentermap.com/usa/connecticut/wallingford/gotspace-wallingford-1-building-2/
11578,Gotspace Wallingford 2 Campus,Gotspace Data Partners,Campus,Barnes Industrial Rd S / Tankwood Rd,Wallingford,06492,Connecticut,41.49558,-72.787479,https://www.datacentermap.com/usa/connecticut/wallingford/gotspace-wallingford-2-campus/
11577,Gotspace Wallingford 1 - Building 3,Gotspace Data Partners,Colocation,965 Northrop Rd,Wallingford,06492,Connecticut,41.489699,-72.773033,https://www.datacentermap.com/usa/connecticut/wallingford/gotspace-wallingford-1-building-3/
11586,Gotspace Wallingford 2 - Building 1,Gotspace Data Partners,Colocation,Barnes Industrial Rd S,Wallingford,06492,Connecticut,41.498037,-72.795562,https://www.datacentermap.com/usa/connecticut/wallingford/wallingford-2-building-1/
11558,Gotspace Groton South Campus,Gotspace Data Partners,Campus,Flanders Rd,Groton,06340,Connecticut,41.36238796273298,-72.00955900217551,https://www.datacentermap.com/usa/connecticut/groton/gotspace-groton-south-campus/
11554,Gotspace Groton North Campus,Gotspace Data Partners,Campus,Orchard Dr,Groton,06340,Connecticut,41.373567,-72.023414,https://www.datacentermap.com/usa/connecticut/groton/gotspace-groton-north-campus/
11560,Gotspace Groton South - Building 2,Gotspace Data Partners,Colocation,Flanders Rd,Groton,06340,Connecticut,41.36188,-72.011875,https://www.datacentermap.com/usa/connecticut/groton/gotspace-groton-south-building-2/
11556,Gotspace Groton North - Building 2,Gotspace Data Partners,Colocation,Orchard Dr,Groton,06340,Connecticut,41.373567,-72.023414,https://www.datacentermap.com/usa/connecticut/groton/gotspace-groton-north-building-2/
11561,Gotspace Groton South - Building 3,Gotspace Data Partners,Colocation,Flanders Rd,Groton,06340,Connecticut,41.356658,-72.013112,https://www.datacentermap.com/usa/connecticut/groton/gotspace-groton-south-building-3/
11557,Gotspace Groton North - Building 3,Gotspace Data Partners,Colocation,Orchard Dr,Groton,06340,Connecticut,41.371698,-72.023337,https://www.datacentermap.com/usa/connecticut/groton/gotspace-groton-north-building-3/
11559,Gotspace Groton South - Building 1,Gotspace Data Partners,Colocation,Flanders Rd,Groton,06340,Connecticut,41.363885,-72.009037,https://www.datacentermap.com/usa/connecticut/groton/gotspace-groton-south-building-1/
11555,Gotspace Groton North - Building 1,Gotspace Data Partners,Colocation,Orchard Dr,Groton,06340,Connecticut,41.377775,-72.022531,https://www.datacentermap.com/usa/connecticut/groton/gotspace-groton-north-building-1/
9977,Colocation America HartfordDC1,Colocation America,Colocation,108 Bank Street,Waterbury,06702,Connecticut,41.5544339,-73.0412195,https://www.datacentermap.com/usa/connecticut/hartford/colocation-america-hartforddc1/
5930,The Computer Company Inc.,The Computer Company Inc.,Colocation,15 Commerce Drive,Cromwell,06416,Connecticut,41.6317455,-72.6778297,https://www.datacentermap.com/usa/connecticut/hartford/the-computer-company/
557,NWI Networks Data Center,"New Wave Industries, Inc.",Colocation,135 Day St,Newington,06111,Connecticut,41.7197279,-72.7315535,https://www.datacentermap.com/usa/connecticut/hartford/nwi-networks/
5346,Lumen Hartford 1,Lumen,Colocation,155 Locust Street,Hartford,06114,Connecticut,41.7451292,-72.6649262,https://www.datacentermap.com/usa/connecticut/hartford/level3-hartford1/
7796,Trumbull Data Center,Aphorio Carter,Colocation,80 Merritt Boulevard,Trumbull,06611,Connecticut,41.2406844,-73.1473216,https://www.datacentermap.com/usa/connecticut/trumbull/80-merritt-boulevard/
4611,Corserva Connecticut,Corserva,Colocation,100 Technology Drive,Trumbull,06611,Connecticut,41.2969596,-73.2291535,https://www.datacentermap.com/usa/connecticut/trumbull/pcnet-connecticut/
10976,CVM,CVM,Colocation,780 East Main Street,Branford,06405,Connecticut,41.3080872,-72.7517544,https://www.datacentermap.com/usa/connecticut/new-haven/cvm/
6324,Cloudsmart,Cloudsmart,Colocation,4 Pin Oak Drive,Branford,06405,Connecticut,41.2992518,-72.7516615,https://www.datacentermap.com/usa/connecticut/new-haven/recol-branford/
3595,ChimeNet Data Center,"ChimeNet, Inc.",Colocation,110 Barnes Rd,Wallingford,06492,Connecticut,41.4867203,-72.8010863,https://www.datacentermap.com/usa/connecticut/new-haven/chimenet/
5392,Lumen New Haven,Lumen,Colocation,54 Meadow Street,New Haven,06519,Connecticut,41.2998897,-72.9263321,https://www.datacentermap.com/usa/connecticut/new-haven/level3-new-haven/
6049,CAPS Shelton,CAPS (Computer Alternative Processing Sites),Colocation,2 Enterprise Drive,Shelton,06484,Connecticut,41.2780663,-73.1249517,https://www.datacentermap.com/usa/connecticut/fairfield-county/caps/
4372,TierPoint Waterbury,TierPoint,Colocation,108 Bank Street,Waterbury,06702,Connecticut,41.554389,-73.0409848,https://www.datacentermap.com/usa/connecticut/waterbury/xand-waterbury/
2198,DaSTOR Wilmington CCC,"DaSTOR, LLC",Colocation,1201 N. Market St.,Wilmington,19801,Delaware,39.7478527,-75.5467527,https://www.datacentermap.com/usa/delaware/wilmington/ipr-wilmington-bcc/
10336,DaSTOR New Castle,"DaSTOR, LLC",Colocation,3 Boulden Cir,New Castle,19720,Delaware,39.6871395,-75.57442859999999,https://www.datacentermap.com/usa/delaware/wilmington/dastor-new-castle/
4356,Trijit Data Center,Trijit Corporation,Colocation,501 Silverside Rd,Wilmington,19809,Delaware,39.787933,-75.4861911,https://www.datacentermap.com/usa/delaware/wilmington/trijit-dc/
5399,Lumen Wilmington 1,Lumen,Colocation,1603 North Jessup Street,Wilmington,19802,Delaware,39.749533,-75.5387609,https://www.datacentermap.com/usa/delaware/wilmington/level3-wilmington1/
2716,Data Canopy - Newark,Data Canopy,Colocation,350 Pencader Dr,Newark,19702,Delaware,39.6127446,-75.7614126,https://www.datacentermap.com/usa/delaware/newark-de/hosting-newark/
5009,MegaNet Rhode Island Datacenter,MegaNet Communications,Colocation,275 Promenade St,Providence,02908,Rhode Island,41.829229,-71.421059,https://www.datacentermap.com/usa/rhode-island/providence/meganet-foundry/
11647,Crown Castle Providence,CROWN CASTLE,Colocation,300 Carpenter St,Providence,02909,Rhode Island,41.8178864,-71.4288578,https://www.datacentermap.com/usa/rhode-island/providence/crown-castle-providence/
12176,Prov.net Providence 1,"Provdotnet, LLC",Colocation,935 Westminster St,Providence,02903,Rhode Island,41.817606,-71.4237861,https://www.datacentermap.com/usa/rhode-island/providence/provnet-providence-1/
6491,Prov.net Providence 3,"Provdotnet, LLC",Colocation,304 Carpenter St,Providence,02909,Rhode Island,41.8179711,-71.4290394,https://www.datacentermap.com/usa/rhode-island/providence/pvd2/
1695,Crown Castle Providence (RI1),CROWN CASTLE,Colocation,235 Promenade,Providence,2909,Rhode Island,41.828859,-71.419181,https://www.datacentermap.com/usa/rhode-island/providence/lightower-providence/
2180,Prov.net Providence 2,"Provdotnet, LLC",Colocation,1155 Westminster Steet,Providence,02909,Rhode Island,41.817203,-71.427762,https://www.datacentermap.com/usa/rhode-island/providence/pdc1/
5435,Lumen Providence 1,Lumen,Colocation,375 Promenade Street,Providence,02908,Rhode Island,41.829468,-71.4239465,https://www.datacentermap.com/usa/rhode-island/providence/level3-providence1/
11780,IonSwitch CDA01,IonSwitch,Colocation,600 W Appleway Ave,Coeur d'Alene,83814,Idaho,47.7003746,-116.7944506,https://www.datacentermap.com/usa/idaho/coeur-d-alene/ionswitch-cda01/
2107,Fusion Connect - Coeur d Alene,Fusion Connect,Colocation,422 W Appleway Ave.,Coeur d Alene,83815,Idaho,47.7003336,-116.7922733,https://www.datacentermap.com/usa/idaho/coeur-d-alene/oneeighty-coeur-d-alene/
13631,ADTAQ Idaho Datacenter,ADTAQ,Colocation,407 State St,Weiser,83672,Idaho,44.2457567,-116.9704428,https://www.datacentermap.com/usa/idaho/weiser/adtaq-idaho-datacenter/
4646,Ark Data Centers Boise 1,Ark Data Centers,Colocation,2653 S. Victory View Way,Boise,83709,Idaho,43.577186,-116.290277,https://www.datacentermap.com/usa/idaho/boise/involta-boise/
8933,ValorC3 Boise Data Center,ValorC3 Data Centers,Colocation,10215 W Emerald St,Boise,83704,Idaho,43.6080104,-116.3101535,https://www.datacentermap.com/usa/idaho/boise/tonaquint-boi/
14145,Syringa Networks Boise,Syringa Networks,Colocation,3795 Development Ave,Boise,83705,Idaho,43.5681619,-116.2104851,https://www.datacentermap.com/usa/idaho/boise/syringa-networks-boise/
7654,Ark Data Centers Boise 2,Ark Data Centers,Colocation,1415 S. Eagle Flight Way,Boise,83709,Idaho,43.591915,-116.299142,https://www.datacentermap.com/usa/idaho/boise/involta-boise2/
14462,ValorC3 Boise 2 Data Center,ValorC3 Data Centers,Colocation,TBA - To Be Announced,Boise,TBA,Idaho,43.6150186,-116.2023137,https://www.datacentermap.com/usa/idaho/boise/valorc3-boise-2-data-center/
9992,Meta Kuna Data Center,Meta,Hyperscaler,6990 W Kuna-Mora Rd,Kuna,83634,Idaho,43.4630993,-116.2674797,https://www.datacentermap.com/usa/idaho/boise/meta-kuna-data-center/
3577,SNS Littleton,"Secured Network Services, Inc.",Colocation,775 Industrial Park Rd,Littleton,03561,New Hampshire,44.2932993,-71.7985077,https://www.datacentermap.com/usa/new-hampshire/littleton/sns-littlteon-nh/
5581,FirstLight Manchester NH,FirstLight Fiber,Colocation,77 Sundial Ave,Manchester,03103,New Hampshire,42.9721839,-71.470491,https://www.datacentermap.com/usa/new-hampshire/manchester-nh/manchester-facility/
11141,Consolidated Manchester,Consolidated Communications,Colocation,770 Elm St,Manchester,03101,New Hampshire,42.9890278,-71.46366689999999,https://www.datacentermap.com/usa/new-hampshire/manchester-nh/consolidated-manchester/
6170,FirstLight Bedford,FirstLight Fiber,Colocation,8 Commerce Drive,Bedford,03110,New Hampshire,42.928233,-71.4639329,https://www.datacentermap.com/usa/new-hampshire/manchester-nh/bedford-data-center/
4863,Dynamic Internet Data Center,Dynamic Internet,Colocation,10 Delaware Dr,Salem,03079,New Hampshire,42.7630792,-71.2417919,https://www.datacentermap.com/usa/new-hampshire/manchester-nh/salemnhdc01/
2974,Peregrine Networks Data Center,Peregrine Networks,Colocation,27 Lowell Street,Manchester,03101,New Hampshire,42.993497,-71.462138,https://www.datacentermap.com/usa/new-hampshire/manchester-nh/spectra-access/
5607,FirstLight Keene NH,FirstLight Fiber,Colocation,310 Marlboro St,Keene,03431,New Hampshire,42.9259713,-72.2667588,https://www.datacentermap.com/usa/new-hampshire/keene/firstlight-lebanon/
11140,Consolidated Laconia,Consolidated Communications,Colocation,762 N Main St,Laconia,03246,New Hampshire,43.5314631,-71.4732697,https://www.datacentermap.com/usa/new-hampshire/laconia/consolidated-laconia/
5608,FirstLight Lebanon NH,FirstLight Fiber,Colocation,16 Cavendish Ct,Lebanon,03766,New Hampshire,43.6790047,-72.2561229,https://www.datacentermap.com/usa/new-hampshire/lebanon-nh/firstlight-lebanon-nh1/
11791,FirstLight Portsmouth,FirstLight Fiber,Colocation,359 Corporate Dr,Portsmouth,03801,New Hampshire,43.0727335,-70.8027537,https://www.datacentermap.com/usa/new-hampshire/portsmouth-nh/firstlight-portsmouth/
2273,Tech Vault South Burlington,"Tech Vault, Inc.",Colocation,21 Gregory Dr,South Burlington,05403,Vermont,44.4542045,-73.1417553,https://www.datacentermap.com/usa/vermont/burlington/tech-space-inc/
2681,FirstLight Williston VT,FirstLight Fiber,Colocation,45 Krupp Dr,Williston,05495,Vermont,44.450544,-73.127403,https://www.datacentermap.com/usa/vermont/burlington/teljet-longhaul/
2834,Power Shift StoweVT Data Center,Power shift,Colocation,571 south main ST,Stowe,05672,Vermont,44.4589482,-72.6929978,https://www.datacentermap.com/usa/vermont/stowe/stowevt/
2767,USNX Data Center,U.S.NEXT,Colocation,6360 I-55 North,Jackson,39211,Mississippi,32.387101,-90.145322,https://www.datacentermap.com/usa/mississippi/jackson-ms/usnx-data-center/
14443,CleanSpark Vicksburg,CleanSpark,Enterprise,1000 Rubber Way,Vicksburg,39180,Mississippi,32.2618832,-90.9194103,https://www.datacentermap.com/usa/mississippi/jackson-ms/cleanspark-vicksburg/
11609,C Spire Ridgeland,C Spire,Colocation,1018 Highland Colony Pkwy,Ridgeland,39157,Mississippi,32.4373271,-90.14721469999999,https://www.datacentermap.com/usa/mississippi/jackson-ms/c-spire-ridgeland/
3204,NETDOOR Data Center,NETDOOR,Colocation,812 N State St,Jackson,39202,Mississippi,32.309045,-90.178058,https://www.datacentermap.com/usa/mississippi/jackson-ms/netdoor-jxn/
14445,CleanSpark Wiggins,CleanSpark,Enterprise,736 Hall St,Wiggins,39577,Mississippi,30.84969373964336,-89.14081418233764,https://www.datacentermap.com/usa/mississippi/hattiesburg/cleanspark-wiggins/
1660,C Spire Hattiesburg,C Spire,Colocation,6184 US Hwy 98,Hattiesburg,39402,Mississippi,31.3195714,-89.3891949,https://www.datacentermap.com/usa/mississippi/hattiesburg/megagate-broadband-data-center/
13765,Compass Meridian Campus,Compass Datacenters,Campus,303 W Malone Ranch Rd,Meridian,39301,Mississippi,32.391105,-88.622286,https://www.datacentermap.com/usa/mississippi/meridian/compass-meridian-campus/
14444,CleanSpark Meridian,CleanSpark,Enterprise,2905 S Frontage Rd,Meridian,39301,Mississippi,32.348233,-88.7082422,https://www.datacentermap.com/usa/mississippi/meridian/cleanspark-meridian/
11608,C Spire Starkville,C Spire,Colocation,401 Research Blvd,Starkville,39759,Mississippi,33.4705608,-88.7911355,https://www.datacentermap.com/usa/mississippi/starkville/c-spire-starkville/
6430,TierPoint Little Rock,TierPoint,Colocation,15707 Chenal Parkway,Little Rock,72223,Arkansas,34.7561034,-92.4444401,https://www.datacentermap.com/usa/arkansas/little-rock/tierpoint-little-rock/
2434,Mainstream Technologies,"Mainstream Technologies, Inc.",Colocation,325 W. Capitol Ave.,Little Rock,72201,Arkansas,34.744058,-92.274447,https://www.datacentermap.com/usa/arkansas/little-rock/mainstream-technologies/
14337,"ForgeLight Ventures, LLC",Unknown Company,Colocation,Lollie Rd,Conway,72034,Arkansas,35.01879283240707,-92.55090871623727,https://www.datacentermap.com/usa/arkansas/little-rock/forgelight-ventures-llc/
10204,Windstream Little Rock,Windstream,Colocation,4001 N Rodney Parham Rd,Little Rock,72212,Arkansas,34.7867392,-92.3988361,https://www.datacentermap.com/usa/arkansas/little-rock/windstream-little-rock/
14524,Google West Memphis,Google,Campus,Bollinger Rd,West Memphis,72376,Arkansas,35.1148503,-90.2129455,https://www.datacentermap.com/usa/arkansas/west-memphis/google-west-memphis/
